Copyright 1986-2022 Xilinx, Inc. All Rights Reserved. Copyright 2022-2024 Advanced Micro Devices, Inc. All Rights Reserved.
---------------------------------------------------------------------------------------------------------------------------------------------
| Tool Version : Vivado v.2024.1 (win64) Build 5076996 Wed May 22 18:37:14 MDT 2024
| Date         : Tue Sep 23 17:08:59 2025
| Host         : DESKTOP-U0V267S running 64-bit major release  (build 9200)
| Command      : report_control_sets -verbose -file design_1_wrapper_control_sets_placed.rpt
| Design       : design_1_wrapper
| Device       : xczu3eg
---------------------------------------------------------------------------------------------------------------------------------------------

Control Set Information

Table of Contents
-----------------
1. Summary
2. Histogram
3. Flip-Flop Distribution
4. Detailed Control Set Information

1. Summary
----------

+----------------------------------------------------------+-------+
|                          Status                          | Count |
+----------------------------------------------------------+-------+
| Total control sets                                       |   769 |
|    Minimum number of control sets                        |   769 |
|    Addition due to synthesis replication                 |     0 |
|    Addition due to physical synthesis replication        |     0 |
| Unused register locations in slices containing registers |   181 |
+----------------------------------------------------------+-------+
* Control sets can be merged at opt_design using control_set_merge or merge_equivalent_drivers
** Run report_qor_suggestions for automated merging and remapping suggestions


2. Histogram
------------

+--------------------+-------+
|       Fanout       | Count |
+--------------------+-------+
| Total control sets |   769 |
| >= 0 to < 4        |     9 |
| >= 4 to < 6        |    43 |
| >= 6 to < 8        |    10 |
| >= 8 to < 10       |     1 |
| >= 10 to < 12      |     2 |
| >= 12 to < 14      |     1 |
| >= 14 to < 16      |     5 |
| >= 16              |   698 |
+--------------------+-------+
* Control sets can be remapped at either synth_design or opt_design


3. Flip-Flop Distribution
-------------------------

+--------------+-----------------------+------------------------+-----------------+--------------+
| Clock Enable | Synchronous Set/Reset | Asynchronous Set/Reset | Total Registers | Total Slices |
+--------------+-----------------------+------------------------+-----------------+--------------+
| No           | No                    | No                     |             183 |           66 |
| No           | No                    | Yes                    |           10004 |         3961 |
| No           | Yes                   | No                     |              26 |           11 |
| Yes          | No                    | No                     |           11781 |         2201 |
| Yes          | No                    | Yes                    |           20384 |         5790 |
| Yes          | Yes                   | No                     |              65 |           42 |
+--------------+-----------------------+------------------------+-----------------+--------------+


4. Detailed Control Set Information
-----------------------------------

+--------------------------------------------+----------------------------------------------------------------------------------------------------------------------------------------------------------+------------------------------------------------------------------------------------------------------------------------------------+------------------+----------------+--------------+
|                Clock Signal                |                                                                       Enable Signal                                                                      |                                                          Set/Reset Signal                                                          | Slice Load Count | Bel Load Count | Bels / Slice |
+--------------------------------------------+----------------------------------------------------------------------------------------------------------------------------------------------------------+------------------------------------------------------------------------------------------------------------------------------------+------------------+----------------+--------------+
|  design_1_i/zynq_ultra_ps_e_0/inst/pl_clk0 | design_1_i/HDC_Controller_AXI_W_0/U0/hdc_unit/chunk_idx[8]_i_1_n_0                                                                                       | design_1_i/HDC_Controller_AXI_W_0/U0/hdc_unit/chunk_idx[5]_i_1_n_0                                                                 |                1 |              1 |         1.00 |
|  design_1_i/zynq_ultra_ps_e_0/inst/pl_clk0 | design_1_i/HDC_Controller_AXI_W_0/U0/hdc_unit/DIVIDER0                                                                                                   |                                                                                                                                    |                1 |              2 |         2.00 |
|  design_1_i/zynq_ultra_ps_e_0/inst/pl_clk0 | design_1_i/ps8_0_axi_periph/s00_couplers/auto_pc/inst/gen_axilite.gen_b2s_conv.axilite_b2s/WR.b_channel_0/bid_fifo_0/E[0]                                | design_1_i/ps8_0_axi_periph/s00_couplers/auto_pc/inst/gen_axilite.gen_b2s_conv.axilite_b2s/areset_d1                               |                1 |              2 |         2.00 |
|  design_1_i/zynq_ultra_ps_e_0/inst/pl_clk0 | design_1_i/ps8_0_axi_periph/s00_couplers/auto_pc/inst/gen_axilite.gen_b2s_conv.axilite_b2s/WR.b_channel_0/bid_fifo_0/cnt_read[1]_i_1_n_0                 | design_1_i/ps8_0_axi_periph/s00_couplers/auto_pc/inst/gen_axilite.gen_b2s_conv.axilite_b2s/areset_d1                               |                1 |              2 |         2.00 |
|  design_1_i/zynq_ultra_ps_e_0/inst/pl_clk0 |                                                                                                                                                          | design_1_i/HDC_Controller_AXI_W_0/U0/axi_awready_int_i_1_n_0                                                                       |                2 |              2 |         1.00 |
|  design_1_i/zynq_ultra_ps_e_0/inst/pl_clk0 | design_1_i/HDC_Controller_AXI_W_0/U0/hdc_unit/maj_state_step0                                                                                            |                                                                                                                                    |                1 |              3 |         3.00 |
|  design_1_i/zynq_ultra_ps_e_0/inst/pl_clk0 | design_1_i/HDC_Controller_AXI_W_0/U0/hdc_unit/closest_memory_index[2]_i_1_n_0                                                                            | design_1_i/rst_ps8_0_99M/U0/peripheral_aresetn_BUFG[0]                                                                             |                1 |              3 |         3.00 |
|  design_1_i/zynq_ultra_ps_e_0/inst/pl_clk0 | design_1_i/HDC_Controller_AXI_W_0/U0/hdc_unit/accelerator_unit/FSM_sequential_state[2]_i_1_n_0                                                           | design_1_i/rst_ps8_0_99M/U0/peripheral_aresetn_BUFG[0]                                                                             |                1 |              3 |         3.00 |
|  design_1_i/zynq_ultra_ps_e_0/inst/pl_clk0 | design_1_i/HDC_Controller_AXI_W_0/U0/hdc_unit/accelerator_unit/compare_state_reg[0]_rep__1[0]                                                            | design_1_i/rst_ps8_0_99M/U0/peripheral_aresetn_BUFG[0]                                                                             |                1 |              3 |         3.00 |
|  design_1_i/zynq_ultra_ps_e_0/inst/pl_clk0 |                                                                                                                                                          | design_1_i/ps8_0_axi_periph/s00_couplers/auto_pc/inst/gen_axilite.gen_b2s_conv.axilite_b2s/SI_REG/ar.ar_pipe/aresetn_d_reg_n_0_[1] |                2 |              4 |         2.00 |
|  design_1_i/zynq_ultra_ps_e_0/inst/pl_clk0 |                                                                                                                                                          | design_1_i/ps8_0_axi_periph/s00_couplers/auto_pc/inst/gen_axilite.gen_b2s_conv.axilite_b2s/SI_REG/ar.ar_pipe/aresetn_d_reg_n_0_[0] |                2 |              4 |         2.00 |
|  design_1_i/zynq_ultra_ps_e_0/inst/pl_clk0 |                                                                                                                                                          | design_1_i/rst_ps8_0_99M/U0/EXT_LPF/lpf_int                                                                                        |                1 |              4 |         4.00 |
|  design_1_i/zynq_ultra_ps_e_0/inst/pl_clk0 | design_1_i/HDC_Controller_AXI_W_0/U0/hdc_unit/accelerator_unit/done_reg_0[0]                                                                             | design_1_i/rst_ps8_0_99M/U0/peripheral_aresetn_BUFG[0]                                                                             |                2 |              4 |         2.00 |
|  design_1_i/zynq_ultra_ps_e_0/inst/pl_clk0 | design_1_i/HDC_Controller_AXI_W_0/U0/awaddr_int                                                                                                          |                                                                                                                                    |                2 |              4 |         2.00 |
|  design_1_i/zynq_ultra_ps_e_0/inst/pl_clk0 | design_1_i/HDC_Controller_AXI_W_0/U0/axi_arready_int0                                                                                                    | design_1_i/rst_ps8_0_99M/U0/peripheral_aresetn_BUFG[0]                                                                             |                2 |              4 |         2.00 |
|  design_1_i/zynq_ultra_ps_e_0/inst/pl_clk0 | design_1_i/HDC_Controller_AXI_W_0/U0/hdc_unit/xor_chunk0                                                                                                 |                                                                                                                                    |                2 |              4 |         2.00 |
|  design_1_i/zynq_ultra_ps_e_0/inst/pl_clk0 | design_1_i/HDC_Controller_AXI_W_0/U0/hdc_unit/thr_step0                                                                                                  |                                                                                                                                    |                1 |              4 |         4.00 |
|  design_1_i/zynq_ultra_ps_e_0/inst/pl_clk0 | design_1_i/HDC_Controller_AXI_W_0/U0/hdc_unit/accelerator_unit/CIM/memory_reg_bram_6_10[0]                                                               | design_1_i/rst_ps8_0_99M/U0/peripheral_aresetn_BUFG[0]                                                                             |                1 |              5 |         5.00 |
|  design_1_i/zynq_ultra_ps_e_0/inst/pl_clk0 | design_1_i/HDC_Controller_AXI_W_0/U0/hdc_unit/accelerator_unit/CIM/memory_reg_bram_12_1[0]                                                               | design_1_i/rst_ps8_0_99M/U0/peripheral_aresetn_BUFG[0]                                                                             |                1 |              5 |         5.00 |
|  design_1_i/zynq_ultra_ps_e_0/inst/pl_clk0 | design_1_i/HDC_Controller_AXI_W_0/U0/hdc_unit/accelerator_unit/CIM/memory_reg_bram_10_2[0]                                                               | design_1_i/rst_ps8_0_99M/U0/peripheral_aresetn_BUFG[0]                                                                             |                2 |              5 |         2.50 |
|  design_1_i/zynq_ultra_ps_e_0/inst/pl_clk0 | design_1_i/HDC_Controller_AXI_W_0/U0/hdc_unit/accelerator_unit/CIM/memory_reg_bram_12_2[0]                                                               | design_1_i/rst_ps8_0_99M/U0/peripheral_aresetn_BUFG[0]                                                                             |                2 |              5 |         2.50 |
|  design_1_i/zynq_ultra_ps_e_0/inst/pl_clk0 | design_1_i/HDC_Controller_AXI_W_0/U0/hdc_unit/accelerator_unit/CIM/memory_reg_bram_10_1[0]                                                               | design_1_i/rst_ps8_0_99M/U0/peripheral_aresetn_BUFG[0]                                                                             |                2 |              5 |         2.50 |
|  design_1_i/zynq_ultra_ps_e_0/inst/pl_clk0 | design_1_i/HDC_Controller_AXI_W_0/U0/hdc_unit/accelerator_unit/CIM/memory_reg_bram_12_3[0]                                                               | design_1_i/rst_ps8_0_99M/U0/peripheral_aresetn_BUFG[0]                                                                             |                1 |              5 |         5.00 |
|  design_1_i/zynq_ultra_ps_e_0/inst/pl_clk0 | design_1_i/HDC_Controller_AXI_W_0/U0/hdc_unit/accelerator_unit/CIM/memory_reg_bram_10_3[0]                                                               | design_1_i/rst_ps8_0_99M/U0/peripheral_aresetn_BUFG[0]                                                                             |                2 |              5 |         2.50 |
|  design_1_i/zynq_ultra_ps_e_0/inst/pl_clk0 | design_1_i/HDC_Controller_AXI_W_0/U0/hdc_unit/accelerator_unit/CIM/memory_reg_bram_6_0[0]                                                                | design_1_i/rst_ps8_0_99M/U0/peripheral_aresetn_BUFG[0]                                                                             |                2 |              5 |         2.50 |
|  design_1_i/zynq_ultra_ps_e_0/inst/pl_clk0 | design_1_i/HDC_Controller_AXI_W_0/U0/hdc_unit/accelerator_unit/CIM/memory_reg_bram_10_4[0]                                                               | design_1_i/rst_ps8_0_99M/U0/peripheral_aresetn_BUFG[0]                                                                             |                2 |              5 |         2.50 |
|  design_1_i/zynq_ultra_ps_e_0/inst/pl_clk0 | design_1_i/HDC_Controller_AXI_W_0/U0/hdc_unit/accelerator_unit/CIM/memory_reg_bram_10_8[0]                                                               | design_1_i/rst_ps8_0_99M/U0/peripheral_aresetn_BUFG[0]                                                                             |                2 |              5 |         2.50 |
|  design_1_i/zynq_ultra_ps_e_0/inst/pl_clk0 | design_1_i/HDC_Controller_AXI_W_0/U0/hdc_unit/accelerator_unit/CIM/memory_reg_bram_10_5[0]                                                               | design_1_i/rst_ps8_0_99M/U0/peripheral_aresetn_BUFG[0]                                                                             |                1 |              5 |         5.00 |
|  design_1_i/zynq_ultra_ps_e_0/inst/pl_clk0 | design_1_i/HDC_Controller_AXI_W_0/U0/hdc_unit/accelerator_unit/CIM/memory_reg_bram_10_6[0]                                                               | design_1_i/rst_ps8_0_99M/U0/peripheral_aresetn_BUFG[0]                                                                             |                2 |              5 |         2.50 |
|  design_1_i/zynq_ultra_ps_e_0/inst/pl_clk0 | design_1_i/HDC_Controller_AXI_W_0/U0/hdc_unit/accelerator_unit/CIM/memory_reg_bram_10_7[0]                                                               | design_1_i/rst_ps8_0_99M/U0/peripheral_aresetn_BUFG[0]                                                                             |                2 |              5 |         2.50 |
|  design_1_i/zynq_ultra_ps_e_0/inst/pl_clk0 | design_1_i/HDC_Controller_AXI_W_0/U0/hdc_unit/accelerator_unit/CIM/memory_reg_bram_6_2[0]                                                                | design_1_i/rst_ps8_0_99M/U0/peripheral_aresetn_BUFG[0]                                                                             |                2 |              5 |         2.50 |
|  design_1_i/zynq_ultra_ps_e_0/inst/pl_clk0 | design_1_i/HDC_Controller_AXI_W_0/U0/hdc_unit/accelerator_unit/CIM/memory_reg_bram_6_16[0]                                                               | design_1_i/rst_ps8_0_99M/U0/peripheral_aresetn_BUFG[0]                                                                             |                2 |              5 |         2.50 |
|  design_1_i/zynq_ultra_ps_e_0/inst/pl_clk0 | design_1_i/HDC_Controller_AXI_W_0/U0/hdc_unit/accelerator_unit/CIM/memory_reg_bram_6_3[0]                                                                | design_1_i/rst_ps8_0_99M/U0/peripheral_aresetn_BUFG[0]                                                                             |                2 |              5 |         2.50 |
|  design_1_i/zynq_ultra_ps_e_0/inst/pl_clk0 | design_1_i/HDC_Controller_AXI_W_0/U0/hdc_unit/accelerator_unit/CIM/memory_reg_bram_6_5[0]                                                                | design_1_i/rst_ps8_0_99M/U0/peripheral_aresetn_BUFG[0]                                                                             |                2 |              5 |         2.50 |
|  design_1_i/zynq_ultra_ps_e_0/inst/pl_clk0 | design_1_i/HDC_Controller_AXI_W_0/U0/hdc_unit/accelerator_unit/CIM/memory_reg_bram_6_9[0]                                                                | design_1_i/rst_ps8_0_99M/U0/peripheral_aresetn_BUFG[0]                                                                             |                3 |              5 |         1.67 |
|  design_1_i/zynq_ultra_ps_e_0/inst/pl_clk0 | design_1_i/HDC_Controller_AXI_W_0/U0/hdc_unit/accelerator_unit/CIM/memory_reg_bram_6_4[0]                                                                | design_1_i/rst_ps8_0_99M/U0/peripheral_aresetn_BUFG[0]                                                                             |                3 |              5 |         1.67 |
|  design_1_i/zynq_ultra_ps_e_0/inst/pl_clk0 | design_1_i/HDC_Controller_AXI_W_0/U0/hdc_unit/accelerator_unit/CIM/memory_reg_bram_6_14[0]                                                               | design_1_i/rst_ps8_0_99M/U0/peripheral_aresetn_BUFG[0]                                                                             |                1 |              5 |         5.00 |
|  design_1_i/zynq_ultra_ps_e_0/inst/pl_clk0 | design_1_i/HDC_Controller_AXI_W_0/U0/hdc_unit/accelerator_unit/CIM/memory_reg_bram_6_8[0]                                                                | design_1_i/rst_ps8_0_99M/U0/peripheral_aresetn_BUFG[0]                                                                             |                2 |              5 |         2.50 |
|  design_1_i/zynq_ultra_ps_e_0/inst/pl_clk0 | design_1_i/HDC_Controller_AXI_W_0/U0/hdc_unit/accelerator_unit/CIM/memory_reg_bram_6_6[0]                                                                | design_1_i/rst_ps8_0_99M/U0/peripheral_aresetn_BUFG[0]                                                                             |                1 |              5 |         5.00 |
|  design_1_i/zynq_ultra_ps_e_0/inst/pl_clk0 | design_1_i/HDC_Controller_AXI_W_0/U0/hdc_unit/accelerator_unit/CIM/memory_reg_bram_6_7[0]                                                                | design_1_i/rst_ps8_0_99M/U0/peripheral_aresetn_BUFG[0]                                                                             |                2 |              5 |         2.50 |
|  design_1_i/zynq_ultra_ps_e_0/inst/pl_clk0 | design_1_i/HDC_Controller_AXI_W_0/U0/hdc_unit/accelerator_unit/feature_index__0                                                                          | design_1_i/rst_ps8_0_99M/U0/peripheral_aresetn_BUFG[0]                                                                             |                1 |              5 |         5.00 |
|  design_1_i/zynq_ultra_ps_e_0/inst/pl_clk0 | design_1_i/HDC_Controller_AXI_W_0/U0/hdc_unit/accelerator_unit/CIM/memory_reg_bram_6_15[0]                                                               | design_1_i/rst_ps8_0_99M/U0/peripheral_aresetn_BUFG[0]                                                                             |                3 |              5 |         1.67 |
|  design_1_i/zynq_ultra_ps_e_0/inst/pl_clk0 | design_1_i/HDC_Controller_AXI_W_0/U0/hdc_unit/accelerator_unit/CIM/memory_reg_bram_12_0[0]                                                               | design_1_i/rst_ps8_0_99M/U0/peripheral_aresetn_BUFG[0]                                                                             |                2 |              5 |         2.50 |
|  design_1_i/zynq_ultra_ps_e_0/inst/pl_clk0 | design_1_i/ps8_0_axi_periph/s00_couplers/auto_pc/inst/gen_axilite.gen_b2s_conv.axilite_b2s/RD.r_channel_0/transaction_fifo_0/cnt_read[4]_i_1_n_0         | design_1_i/ps8_0_axi_periph/s00_couplers/auto_pc/inst/gen_axilite.gen_b2s_conv.axilite_b2s/areset_d1                               |                2 |              5 |         2.50 |
|  design_1_i/zynq_ultra_ps_e_0/inst/pl_clk0 | design_1_i/ps8_0_axi_periph/s00_couplers/auto_pc/inst/gen_axilite.gen_b2s_conv.axilite_b2s/RD.r_channel_0/rd_data_fifo_0/cnt_read[4]_i_1__0_n_0          | design_1_i/ps8_0_axi_periph/s00_couplers/auto_pc/inst/gen_axilite.gen_b2s_conv.axilite_b2s/areset_d1                               |                1 |              5 |         5.00 |
|  design_1_i/zynq_ultra_ps_e_0/inst/pl_clk0 | design_1_i/HDC_Controller_AXI_W_0/U0/hdc_unit/accelerator_unit/CIM/memory_reg_bram_6_13[0]                                                               | design_1_i/rst_ps8_0_99M/U0/peripheral_aresetn_BUFG[0]                                                                             |                2 |              5 |         2.50 |
|  design_1_i/zynq_ultra_ps_e_0/inst/pl_clk0 | design_1_i/HDC_Controller_AXI_W_0/U0/hdc_unit/accelerator_unit/CIM/memory_reg_bram_6_11[0]                                                               | design_1_i/rst_ps8_0_99M/U0/peripheral_aresetn_BUFG[0]                                                                             |                3 |              5 |         1.67 |
|  design_1_i/zynq_ultra_ps_e_0/inst/pl_clk0 | design_1_i/HDC_Controller_AXI_W_0/U0/hdc_unit/accelerator_unit/CIM/E[0]                                                                                  | design_1_i/rst_ps8_0_99M/U0/peripheral_aresetn_BUFG[0]                                                                             |                2 |              5 |         2.50 |
|  design_1_i/zynq_ultra_ps_e_0/inst/pl_clk0 | design_1_i/HDC_Controller_AXI_W_0/U0/hdc_unit/accelerator_unit/CIM/memory_reg_bram_10_0[0]                                                               | design_1_i/rst_ps8_0_99M/U0/peripheral_aresetn_BUFG[0]                                                                             |                2 |              5 |         2.50 |
|  design_1_i/zynq_ultra_ps_e_0/inst/pl_clk0 | design_1_i/HDC_Controller_AXI_W_0/U0/hdc_unit/accelerator_unit/CIM/memory_reg_bram_13_0[0]                                                               | design_1_i/rst_ps8_0_99M/U0/peripheral_aresetn_BUFG[0]                                                                             |                2 |              5 |         2.50 |
|  design_1_i/zynq_ultra_ps_e_0/inst/pl_clk0 | design_1_i/HDC_Controller_AXI_W_0/U0/hdc_unit/accelerator_unit/CIM/memory_reg_bram_6_1[0]                                                                | design_1_i/rst_ps8_0_99M/U0/peripheral_aresetn_BUFG[0]                                                                             |                2 |              5 |         2.50 |
|  design_1_i/zynq_ultra_ps_e_0/inst/pl_clk0 | design_1_i/HDC_Controller_AXI_W_0/U0/hdc_unit/accelerator_unit/CIM/memory_reg_bram_6_12[0]                                                               | design_1_i/rst_ps8_0_99M/U0/peripheral_aresetn_BUFG[0]                                                                             |                2 |              5 |         2.50 |
|  design_1_i/zynq_ultra_ps_e_0/inst/pl_clk0 |                                                                                                                                                          | design_1_i/ps8_0_axi_periph/s00_couplers/auto_pc/inst/gen_axilite.gen_b2s_conv.axilite_b2s/areset_d1                               |                3 |              6 |         2.00 |
|  design_1_i/zynq_ultra_ps_e_0/inst/pl_clk0 | design_1_i/HDC_Controller_AXI_W_0/U0/hdc_unit/bit_idx0                                                                                                   |                                                                                                                                    |                1 |              6 |         6.00 |
|  design_1_i/zynq_ultra_ps_e_0/inst/pl_clk0 | design_1_i/HDC_Controller_AXI_W_0/U0/hdc_unit/pack_fill_count0                                                                                           |                                                                                                                                    |                2 |              6 |         3.00 |
|  design_1_i/zynq_ultra_ps_e_0/inst/pl_clk0 | design_1_i/HDC_Controller_AXI_W_0/U0/hdc_unit/popcount_step0                                                                                             |                                                                                                                                    |                3 |              6 |         2.00 |
|  design_1_i/zynq_ultra_ps_e_0/inst/pl_clk0 | design_1_i/rst_ps8_0_99M/U0/SEQ/seq_cnt_en                                                                                                               | design_1_i/rst_ps8_0_99M/U0/SEQ/seq_clr                                                                                            |                1 |              6 |         6.00 |
|  design_1_i/zynq_ultra_ps_e_0/inst/pl_clk0 | design_1_i/ps8_0_axi_periph/s00_couplers/auto_pc/inst/gen_axilite.gen_b2s_conv.axilite_b2s/WR.aw_channel_0/aw_cmd_fsm_0/FSM_sequential_state_reg[0]_0[0] |                                                                                                                                    |                3 |              6 |         2.00 |
|  design_1_i/zynq_ultra_ps_e_0/inst/pl_clk0 | design_1_i/ps8_0_axi_periph/s00_couplers/auto_pc/inst/gen_axilite.gen_b2s_conv.axilite_b2s/WR.aw_channel_0/aw_cmd_fsm_0/sel_first_reg[0]                 |                                                                                                                                    |                3 |              6 |         2.00 |
|  design_1_i/zynq_ultra_ps_e_0/inst/pl_clk0 | design_1_i/ps8_0_axi_periph/s00_couplers/auto_pc/inst/gen_axilite.gen_b2s_conv.axilite_b2s/RD.ar_channel_0/ar_cmd_fsm_0/E[0]                             |                                                                                                                                    |                4 |              6 |         1.50 |
|  design_1_i/zynq_ultra_ps_e_0/inst/pl_clk0 | design_1_i/ps8_0_axi_periph/s00_couplers/auto_pc/inst/gen_axilite.gen_b2s_conv.axilite_b2s/RD.ar_channel_0/ar_cmd_fsm_0/sel_first_reg[0]                 |                                                                                                                                    |                3 |              6 |         2.00 |
|  design_1_i/zynq_ultra_ps_e_0/inst/pl_clk0 | design_1_i/HDC_Controller_AXI_W_0/U0/hdc_unit/accelerator_unit/compare_state_reg[3]_0                                                                    | design_1_i/rst_ps8_0_99M/U0/peripheral_aresetn_BUFG[0]                                                                             |                3 |              7 |         2.33 |
|  design_1_i/zynq_ultra_ps_e_0/inst/pl_clk0 | design_1_i/ps8_0_axi_periph/s00_couplers/auto_pc/inst/gen_axilite.gen_b2s_conv.axilite_b2s/WR.b_channel_0/mhandshake_r                                   | design_1_i/ps8_0_axi_periph/s00_couplers/auto_pc/inst/gen_axilite.gen_b2s_conv.axilite_b2s/WR.b_channel_0/bid_fifo_0/SR[0]         |                2 |              8 |         4.00 |
|  design_1_i/zynq_ultra_ps_e_0/inst/pl_clk0 | design_1_i/HDC_Controller_AXI_W_0/U0/hdc_unit/accelerator_unit/E[0]                                                                                      |                                                                                                                                    |                2 |             10 |         5.00 |
|  design_1_i/zynq_ultra_ps_e_0/inst/pl_clk0 | design_1_i/HDC_Controller_AXI_W_0/U0/hdc_unit/similarity_counter[9]_i_1_n_0                                                                              | design_1_i/rst_ps8_0_99M/U0/peripheral_aresetn_BUFG[0]                                                                             |                2 |             10 |         5.00 |
|  design_1_i/zynq_ultra_ps_e_0/inst/pl_clk0 | design_1_i/HDC_Controller_AXI_W_0/U0/hdc_unit/am_addr_fsm0                                                                                               |                                                                                                                                    |                2 |             12 |         6.00 |
|  design_1_i/zynq_ultra_ps_e_0/inst/pl_clk0 | design_1_i/HDC_Controller_AXI_W_0/U0/hdc_unit/thr_total0                                                                                                 |                                                                                                                                    |                6 |             14 |         2.33 |
|  design_1_i/zynq_ultra_ps_e_0/inst/pl_clk0 | design_1_i/HDC_Controller_AXI_W_0/U0/hdc_unit/maj_addr_rd0                                                                                               |                                                                                                                                    |                6 |             14 |         2.33 |
|  design_1_i/zynq_ultra_ps_e_0/inst/pl_clk0 | design_1_i/HDC_Controller_AXI_W_0/U0/hdc_unit/cnt_clear_index0                                                                                           |                                                                                                                                    |                3 |             14 |         4.67 |
|  design_1_i/zynq_ultra_ps_e_0/inst/pl_clk0 | design_1_i/HDC_Controller_AXI_W_0/U0/hdc_unit/accelerator_unit/majority_ram[312]_344[30]                                                                 | design_1_i/rst_ps8_0_99M/U0/peripheral_aresetn_BUFG[0]                                                                             |                4 |             15 |         3.75 |
|  design_1_i/zynq_ultra_ps_e_0/inst/pl_clk0 | design_1_i/HDC_Controller_AXI_W_0/U0/hdc_unit/accelerator_unit/compare_state_reg[3]                                                                      | design_1_i/rst_ps8_0_99M/U0/peripheral_aresetn_BUFG[0]                                                                             |                4 |             15 |         3.75 |
|  design_1_i/zynq_ultra_ps_e_0/inst/pl_clk0 | design_1_i/HDC_Controller_AXI_W_0/U0/hdc_unit/feature_values_packed[111]_i_1_n_0                                                                         |                                                                                                                                    |                9 |             16 |         1.78 |
|  design_1_i/zynq_ultra_ps_e_0/inst/pl_clk0 | design_1_i/HDC_Controller_AXI_W_0/U0/hdc_unit/feature_values_packed[239]_i_1_n_0                                                                         |                                                                                                                                    |                7 |             16 |         2.29 |
|  design_1_i/zynq_ultra_ps_e_0/inst/pl_clk0 | design_1_i/HDC_Controller_AXI_W_0/U0/hdc_unit/feature_values_packed[255]_i_1_n_0                                                                         |                                                                                                                                    |               10 |             16 |         1.60 |
|  design_1_i/zynq_ultra_ps_e_0/inst/pl_clk0 | design_1_i/HDC_Controller_AXI_W_0/U0/hdc_unit/feature_values_packed[287]_i_1_n_0                                                                         |                                                                                                                                    |               10 |             16 |         1.60 |
|  design_1_i/zynq_ultra_ps_e_0/inst/pl_clk0 | design_1_i/HDC_Controller_AXI_W_0/U0/hdc_unit/feature_values_packed[159]_i_1_n_0                                                                         |                                                                                                                                    |                8 |             16 |         2.00 |
|  design_1_i/zynq_ultra_ps_e_0/inst/pl_clk0 | design_1_i/HDC_Controller_AXI_W_0/U0/hdc_unit/feature_values_packed[319]_i_1_n_0                                                                         |                                                                                                                                    |               13 |             16 |         1.23 |
|  design_1_i/zynq_ultra_ps_e_0/inst/pl_clk0 | design_1_i/HDC_Controller_AXI_W_0/U0/hdc_unit/feature_values_packed[15]_i_1_n_0                                                                          |                                                                                                                                    |               12 |             16 |         1.33 |
|  design_1_i/zynq_ultra_ps_e_0/inst/pl_clk0 | design_1_i/HDC_Controller_AXI_W_0/U0/hdc_unit/feature_values_packed[431]_i_1_n_0                                                                         |                                                                                                                                    |               12 |             16 |         1.33 |
|  design_1_i/zynq_ultra_ps_e_0/inst/pl_clk0 | design_1_i/HDC_Controller_AXI_W_0/U0/hdc_unit/feature_values_packed[511]_i_1_n_0                                                                         |                                                                                                                                    |                9 |             16 |         1.78 |
|  design_1_i/zynq_ultra_ps_e_0/inst/pl_clk0 | design_1_i/HDC_Controller_AXI_W_0/U0/hdc_unit/feature_values_packed[31]_i_1_n_0                                                                          |                                                                                                                                    |               12 |             16 |         1.33 |
|  design_1_i/zynq_ultra_ps_e_0/inst/pl_clk0 | design_1_i/HDC_Controller_AXI_W_0/U0/hdc_unit/feature_values_packed[399]_i_1_n_0                                                                         |                                                                                                                                    |               12 |             16 |         1.33 |
|  design_1_i/zynq_ultra_ps_e_0/inst/pl_clk0 | design_1_i/HDC_Controller_AXI_W_0/U0/hdc_unit/feature_values_packed[447]_i_1_n_0                                                                         |                                                                                                                                    |                9 |             16 |         1.78 |
|  design_1_i/zynq_ultra_ps_e_0/inst/pl_clk0 | design_1_i/HDC_Controller_AXI_W_0/U0/hdc_unit/feature_values_packed[367]_i_1_n_0                                                                         |                                                                                                                                    |               11 |             16 |         1.45 |
|  design_1_i/zynq_ultra_ps_e_0/inst/pl_clk0 | design_1_i/HDC_Controller_AXI_W_0/U0/hdc_unit/feature_values_packed[415]_i_1_n_0                                                                         |                                                                                                                                    |               10 |             16 |         1.60 |
|  design_1_i/zynq_ultra_ps_e_0/inst/pl_clk0 | design_1_i/HDC_Controller_AXI_W_0/U0/hdc_unit/feature_values_packed[47]_i_1_n_0                                                                          |                                                                                                                                    |               11 |             16 |         1.45 |
|  design_1_i/zynq_ultra_ps_e_0/inst/pl_clk0 | design_1_i/HDC_Controller_AXI_W_0/U0/hdc_unit/feature_values_packed[63]_i_1_n_0                                                                          |                                                                                                                                    |               10 |             16 |         1.60 |
|  design_1_i/zynq_ultra_ps_e_0/inst/pl_clk0 | design_1_i/HDC_Controller_AXI_W_0/U0/hdc_unit/feature_values_packed[479]_i_1_n_0                                                                         |                                                                                                                                    |               10 |             16 |         1.60 |
|  design_1_i/zynq_ultra_ps_e_0/inst/pl_clk0 | design_1_i/HDC_Controller_AXI_W_0/U0/hdc_unit/feature_values_packed[95]_i_1_n_0                                                                          |                                                                                                                                    |               12 |             16 |         1.33 |
|  design_1_i/zynq_ultra_ps_e_0/inst/pl_clk0 | design_1_i/HDC_Controller_AXI_W_0/U0/hdc_unit/feature_values_packed[79]_i_1_n_0                                                                          |                                                                                                                                    |               12 |             16 |         1.33 |
|  design_1_i/zynq_ultra_ps_e_0/inst/pl_clk0 | design_1_i/HDC_Controller_AXI_W_0/U0/hdc_unit/feature_values_packed[383]_i_1_n_0                                                                         |                                                                                                                                    |                9 |             16 |         1.78 |
|  design_1_i/zynq_ultra_ps_e_0/inst/pl_clk0 | design_1_i/HDC_Controller_AXI_W_0/U0/hdc_unit/feature_values_packed[495]_i_1_n_0                                                                         |                                                                                                                                    |               10 |             16 |         1.60 |
|  design_1_i/zynq_ultra_ps_e_0/inst/pl_clk0 | design_1_i/HDC_Controller_AXI_W_0/U0/hdc_unit/feature_values_packed[335]_i_1_n_0                                                                         |                                                                                                                                    |               12 |             16 |         1.33 |
|  design_1_i/zynq_ultra_ps_e_0/inst/pl_clk0 | design_1_i/HDC_Controller_AXI_W_0/U0/hdc_unit/feature_values_packed[463]_i_1_n_0                                                                         |                                                                                                                                    |               10 |             16 |         1.60 |
|  design_1_i/zynq_ultra_ps_e_0/inst/pl_clk0 | design_1_i/HDC_Controller_AXI_W_0/U0/hdc_unit/feature_values_packed[351]_i_1_n_0                                                                         |                                                                                                                                    |               11 |             16 |         1.45 |
|  design_1_i/zynq_ultra_ps_e_0/inst/pl_clk0 | design_1_i/HDC_Controller_AXI_W_0/U0/hdc_unit/am_buffer_ram[312][15]_i_1_n_0                                                                             |                                                                                                                                    |                8 |             16 |         2.00 |
|  design_1_i/zynq_ultra_ps_e_0/inst/pl_clk0 | design_1_i/HDC_Controller_AXI_W_0/U0/hdc_unit/min_hamming_distance[15]_i_1_n_0                                                                           | design_1_i/rst_ps8_0_99M/U0/peripheral_aresetn_BUFG[0]                                                                             |                2 |             16 |         8.00 |
|  design_1_i/zynq_ultra_ps_e_0/inst/pl_clk0 | design_1_i/HDC_Controller_AXI_W_0/U0/hdc_unit/feature_values_packed[271]_i_1_n_0                                                                         |                                                                                                                                    |               12 |             16 |         1.33 |
|  design_1_i/zynq_ultra_ps_e_0/inst/pl_clk0 | design_1_i/HDC_Controller_AXI_W_0/U0/hdc_unit/partial_hamming[15]_i_1_n_0                                                                                | design_1_i/rst_ps8_0_99M/U0/peripheral_aresetn_BUFG[0]                                                                             |                4 |             16 |         4.00 |
|  design_1_i/zynq_ultra_ps_e_0/inst/pl_clk0 | design_1_i/HDC_Controller_AXI_W_0/U0/hdc_unit/feature_values_packed[143]_i_1_n_0                                                                         |                                                                                                                                    |                9 |             16 |         1.78 |
|  design_1_i/zynq_ultra_ps_e_0/inst/pl_clk0 | design_1_i/HDC_Controller_AXI_W_0/U0/hdc_unit/feature_values_packed[223]_i_1_n_0                                                                         |                                                                                                                                    |               10 |             16 |         1.60 |
|  design_1_i/zynq_ultra_ps_e_0/inst/pl_clk0 | design_1_i/HDC_Controller_AXI_W_0/U0/hdc_unit/feature_values_packed[191]_i_1_n_0                                                                         |                                                                                                                                    |               10 |             16 |         1.60 |
|  design_1_i/zynq_ultra_ps_e_0/inst/pl_clk0 | design_1_i/HDC_Controller_AXI_W_0/U0/hdc_unit/feature_values_packed[175]_i_1_n_0                                                                         |                                                                                                                                    |               11 |             16 |         1.45 |
|  design_1_i/zynq_ultra_ps_e_0/inst/pl_clk0 | design_1_i/HDC_Controller_AXI_W_0/U0/hdc_unit/feature_values_packed[127]_i_1_n_0                                                                         |                                                                                                                                    |               10 |             16 |         1.60 |
|  design_1_i/zynq_ultra_ps_e_0/inst/pl_clk0 | design_1_i/ps8_0_axi_periph/s00_couplers/auto_pc/inst/gen_axilite.gen_b2s_conv.axilite_b2s/SI_REG/b.b_pipe/s_ready_i_reg_0                               |                                                                                                                                    |                2 |             16 |         8.00 |
|  design_1_i/zynq_ultra_ps_e_0/inst/pl_clk0 | design_1_i/ps8_0_axi_periph/s00_couplers/auto_pc/inst/gen_axilite.gen_b2s_conv.axilite_b2s/SI_REG/b.b_pipe/p_1_in                                        |                                                                                                                                    |                2 |             16 |         8.00 |
|  design_1_i/zynq_ultra_ps_e_0/inst/pl_clk0 | design_1_i/HDC_Controller_AXI_W_0/U0/hdc_unit/feature_values_packed[207]_i_1_n_0                                                                         |                                                                                                                                    |               10 |             16 |         1.60 |
|  design_1_i/zynq_ultra_ps_e_0/inst/pl_clk0 | design_1_i/HDC_Controller_AXI_W_0/U0/hdc_unit/feature_values_packed[303]_i_1_n_0                                                                         |                                                                                                                                    |               10 |             16 |         1.60 |
|  design_1_i/zynq_ultra_ps_e_0/inst/pl_clk0 | design_1_i/ps8_0_axi_periph/s00_couplers/auto_pc/inst/gen_axilite.gen_b2s_conv.axilite_b2s/RD.r_channel_0/r_push_r                                       |                                                                                                                                    |                3 |             17 |         5.67 |
|  design_1_i/zynq_ultra_ps_e_0/inst/pl_clk0 | design_1_i/HDC_Controller_AXI_W_0/U0/hdc_unit/lin_idx_int0                                                                                               |                                                                                                                                    |                5 |             17 |         3.40 |
|  design_1_i/zynq_ultra_ps_e_0/inst/pl_clk0 | design_1_i/HDC_Controller_AXI_W_0/U0/hdc_unit/accelerator_unit/chunk_counter__0                                                                          | design_1_i/rst_ps8_0_99M/U0/peripheral_aresetn_BUFG[0]                                                                             |                7 |             17 |         2.43 |
|  design_1_i/zynq_ultra_ps_e_0/inst/pl_clk0 | design_1_i/HDC_Controller_AXI_W_0/U0/hdc_unit/feature_values_packed1                                                                                     | design_1_i/rst_ps8_0_99M/U0/peripheral_aresetn_BUFG[0]                                                                             |                5 |             18 |         3.60 |
|  design_1_i/zynq_ultra_ps_e_0/inst/pl_clk0 | design_1_i/ps8_0_axi_periph/s00_couplers/auto_pc/inst/gen_axilite.gen_b2s_conv.axilite_b2s/RD.ar_channel_0/ar_cmd_fsm_0/m_valid_i_reg_0[0]               |                                                                                                                                    |                7 |             19 |         2.71 |
|  design_1_i/zynq_ultra_ps_e_0/inst/pl_clk0 | design_1_i/ps8_0_axi_periph/s00_couplers/auto_pc/inst/gen_axilite.gen_b2s_conv.axilite_b2s/WR.aw_channel_0/aw_cmd_fsm_0/E[0]                             |                                                                                                                                    |                7 |             20 |         2.86 |
|  design_1_i/zynq_ultra_ps_e_0/inst/pl_clk0 | design_1_i/ps8_0_axi_periph/s00_couplers/auto_pc/inst/gen_axilite.gen_b2s_conv.axilite_b2s/WR.aw_channel_0/aw_cmd_fsm_0/cnt_read_reg[1]                  |                                                                                                                                    |                2 |             24 |        12.00 |
|  design_1_i/zynq_ultra_ps_e_0/inst/pl_clk0 | design_1_i/HDC_Controller_AXI_W_0/U0/hdc_unit/cnt_din0                                                                                                   |                                                                                                                                    |               10 |             24 |         2.40 |
|  design_1_i/zynq_ultra_ps_e_0/inst/pl_clk0 | design_1_i/HDC_Controller_AXI_W_0/U0/hdc_unit/word_idx_thr0                                                                                              |                                                                                                                                    |                5 |             27 |         5.40 |
|  design_1_i/zynq_ultra_ps_e_0/inst/pl_clk0 | design_1_i/HDC_Controller_AXI_W_0/U0/hdc_unit/accelerator_unit/majority_ram[260]_292[30]                                                                 | design_1_i/rst_ps8_0_99M/U0/peripheral_aresetn_BUFG[0]                                                                             |               16 |             31 |         1.94 |
|  design_1_i/zynq_ultra_ps_e_0/inst/pl_clk0 | design_1_i/HDC_Controller_AXI_W_0/U0/hdc_unit/accelerator_unit/majority_ram[311]_343[31]                                                                 | design_1_i/rst_ps8_0_99M/U0/peripheral_aresetn_BUFG[0]                                                                             |               19 |             31 |         1.63 |
|  design_1_i/zynq_ultra_ps_e_0/inst/pl_clk0 | design_1_i/HDC_Controller_AXI_W_0/U0/hdc_unit/accelerator_unit/majority_ram[132]_176[31]                                                                 | design_1_i/rst_ps8_0_99M/U0/peripheral_aresetn_BUFG[0]                                                                             |               19 |             32 |         1.68 |
|  design_1_i/zynq_ultra_ps_e_0/inst/pl_clk0 | design_1_i/HDC_Controller_AXI_W_0/U0/hdc_unit/accelerator_unit/majority_ram[151]_157[31]                                                                 | design_1_i/rst_ps8_0_99M/U0/peripheral_aresetn_BUFG[0]                                                                             |               14 |             32 |         2.29 |
|  design_1_i/zynq_ultra_ps_e_0/inst/pl_clk0 | design_1_i/HDC_Controller_AXI_W_0/U0/hdc_unit/accelerator_unit/majority_ram[152]_156[31]                                                                 | design_1_i/rst_ps8_0_99M/U0/peripheral_aresetn_BUFG[0]                                                                             |               19 |             32 |         1.68 |
|  design_1_i/zynq_ultra_ps_e_0/inst/pl_clk0 | design_1_i/HDC_Controller_AXI_W_0/U0/hdc_unit/accelerator_unit/majority_ram[144]_164[31]                                                                 | design_1_i/rst_ps8_0_99M/U0/peripheral_aresetn_BUFG[0]                                                                             |               15 |             32 |         2.13 |
|  design_1_i/zynq_ultra_ps_e_0/inst/pl_clk0 | design_1_i/HDC_Controller_AXI_W_0/U0/hdc_unit/accelerator_unit/majority_ram[160]_148[31]                                                                 | design_1_i/rst_ps8_0_99M/U0/peripheral_aresetn_BUFG[0]                                                                             |               15 |             32 |         2.13 |
|  design_1_i/zynq_ultra_ps_e_0/inst/pl_clk0 | design_1_i/HDC_Controller_AXI_W_0/U0/hdc_unit/accelerator_unit/majority_ram[167]_141[31]                                                                 | design_1_i/rst_ps8_0_99M/U0/peripheral_aresetn_BUFG[0]                                                                             |               14 |             32 |         2.29 |
|  design_1_i/zynq_ultra_ps_e_0/inst/pl_clk0 | design_1_i/HDC_Controller_AXI_W_0/U0/hdc_unit/accelerator_unit/majority_ram[140]_168[31]                                                                 | design_1_i/rst_ps8_0_99M/U0/peripheral_aresetn_BUFG[0]                                                                             |               22 |             32 |         1.45 |
|  design_1_i/zynq_ultra_ps_e_0/inst/pl_clk0 | design_1_i/HDC_Controller_AXI_W_0/U0/hdc_unit/accelerator_unit/majority_ram[141]_167[31]                                                                 | design_1_i/rst_ps8_0_99M/U0/peripheral_aresetn_BUFG[0]                                                                             |               19 |             32 |         1.68 |
|  design_1_i/zynq_ultra_ps_e_0/inst/pl_clk0 | design_1_i/HDC_Controller_AXI_W_0/U0/hdc_unit/accelerator_unit/majority_ram[178]_130[31]                                                                 | design_1_i/rst_ps8_0_99M/U0/peripheral_aresetn_BUFG[0]                                                                             |               19 |             32 |         1.68 |
|  design_1_i/zynq_ultra_ps_e_0/inst/pl_clk0 | design_1_i/HDC_Controller_AXI_W_0/U0/hdc_unit/accelerator_unit/majority_ram[19]_289[31]                                                                  | design_1_i/rst_ps8_0_99M/U0/peripheral_aresetn_BUFG[0]                                                                             |               13 |             32 |         2.46 |
|  design_1_i/zynq_ultra_ps_e_0/inst/pl_clk0 | design_1_i/HDC_Controller_AXI_W_0/U0/hdc_unit/accelerator_unit/majority_ram[131]_177[31]                                                                 | design_1_i/rst_ps8_0_99M/U0/peripheral_aresetn_BUFG[0]                                                                             |               21 |             32 |         1.52 |
|  design_1_i/zynq_ultra_ps_e_0/inst/pl_clk0 | design_1_i/HDC_Controller_AXI_W_0/U0/hdc_unit/accelerator_unit/majority_ram[150]_158[31]                                                                 | design_1_i/rst_ps8_0_99M/U0/peripheral_aresetn_BUFG[0]                                                                             |               11 |             32 |         2.91 |
|  design_1_i/zynq_ultra_ps_e_0/inst/pl_clk0 | design_1_i/HDC_Controller_AXI_W_0/U0/hdc_unit/accelerator_unit/majority_ram[128]_180[31]                                                                 | design_1_i/rst_ps8_0_99M/U0/peripheral_aresetn_BUFG[0]                                                                             |               16 |             32 |         2.00 |
|  design_1_i/zynq_ultra_ps_e_0/inst/pl_clk0 | design_1_i/HDC_Controller_AXI_W_0/U0/hdc_unit/accelerator_unit/majority_ram[156]_152[31]                                                                 | design_1_i/rst_ps8_0_99M/U0/peripheral_aresetn_BUFG[0]                                                                             |               17 |             32 |         1.88 |
|  design_1_i/zynq_ultra_ps_e_0/inst/pl_clk0 | design_1_i/HDC_Controller_AXI_W_0/U0/hdc_unit/accelerator_unit/majority_ram[153]_155[31]                                                                 | design_1_i/rst_ps8_0_99M/U0/peripheral_aresetn_BUFG[0]                                                                             |               13 |             32 |         2.46 |
|  design_1_i/zynq_ultra_ps_e_0/inst/pl_clk0 | design_1_i/HDC_Controller_AXI_W_0/U0/hdc_unit/accelerator_unit/majority_ram[157]_151[31]                                                                 | design_1_i/rst_ps8_0_99M/U0/peripheral_aresetn_BUFG[0]                                                                             |               21 |             32 |         1.52 |
|  design_1_i/zynq_ultra_ps_e_0/inst/pl_clk0 | design_1_i/HDC_Controller_AXI_W_0/U0/hdc_unit/accelerator_unit/majority_ram[134]_174[31]                                                                 | design_1_i/rst_ps8_0_99M/U0/peripheral_aresetn_BUFG[0]                                                                             |               18 |             32 |         1.78 |
|  design_1_i/zynq_ultra_ps_e_0/inst/pl_clk0 | design_1_i/HDC_Controller_AXI_W_0/U0/hdc_unit/accelerator_unit/majority_ram[133]_175[31]                                                                 | design_1_i/rst_ps8_0_99M/U0/peripheral_aresetn_BUFG[0]                                                                             |               20 |             32 |         1.60 |
|  design_1_i/zynq_ultra_ps_e_0/inst/pl_clk0 | design_1_i/HDC_Controller_AXI_W_0/U0/hdc_unit/accelerator_unit/majority_ram[127]_181[31]                                                                 | design_1_i/rst_ps8_0_99M/U0/peripheral_aresetn_BUFG[0]                                                                             |               17 |             32 |         1.88 |
|  design_1_i/zynq_ultra_ps_e_0/inst/pl_clk0 | design_1_i/HDC_Controller_AXI_W_0/U0/hdc_unit/accelerator_unit/majority_ram[136]_172[31]                                                                 | design_1_i/rst_ps8_0_99M/U0/peripheral_aresetn_BUFG[0]                                                                             |               17 |             32 |         1.88 |
|  design_1_i/zynq_ultra_ps_e_0/inst/pl_clk0 | design_1_i/HDC_Controller_AXI_W_0/U0/hdc_unit/accelerator_unit/majority_ram[137]_171[31]                                                                 | design_1_i/rst_ps8_0_99M/U0/peripheral_aresetn_BUFG[0]                                                                             |               19 |             32 |         1.68 |
|  design_1_i/zynq_ultra_ps_e_0/inst/pl_clk0 | design_1_i/HDC_Controller_AXI_W_0/U0/hdc_unit/accelerator_unit/majority_ram[13]_45[31]                                                                   | design_1_i/rst_ps8_0_99M/U0/peripheral_aresetn_BUFG[0]                                                                             |               16 |             32 |         2.00 |
|  design_1_i/zynq_ultra_ps_e_0/inst/pl_clk0 | design_1_i/HDC_Controller_AXI_W_0/U0/hdc_unit/accelerator_unit/majority_ram[147]_161[31]                                                                 | design_1_i/rst_ps8_0_99M/U0/peripheral_aresetn_BUFG[0]                                                                             |               19 |             32 |         1.68 |
|  design_1_i/zynq_ultra_ps_e_0/inst/pl_clk0 | design_1_i/HDC_Controller_AXI_W_0/U0/hdc_unit/accelerator_unit/majority_ram[126]_182[31]                                                                 | design_1_i/rst_ps8_0_99M/U0/peripheral_aresetn_BUFG[0]                                                                             |               17 |             32 |         1.88 |
|  design_1_i/zynq_ultra_ps_e_0/inst/pl_clk0 | design_1_i/HDC_Controller_AXI_W_0/U0/hdc_unit/accelerator_unit/majority_ram[162]_146[31]                                                                 | design_1_i/rst_ps8_0_99M/U0/peripheral_aresetn_BUFG[0]                                                                             |               19 |             32 |         1.68 |
|  design_1_i/zynq_ultra_ps_e_0/inst/pl_clk0 | design_1_i/HDC_Controller_AXI_W_0/U0/hdc_unit/accelerator_unit/majority_ram[164]_144[31]                                                                 | design_1_i/rst_ps8_0_99M/U0/peripheral_aresetn_BUFG[0]                                                                             |               17 |             32 |         1.88 |
|  design_1_i/zynq_ultra_ps_e_0/inst/pl_clk0 | design_1_i/HDC_Controller_AXI_W_0/U0/hdc_unit/accelerator_unit/majority_ram[130]_178[31]                                                                 | design_1_i/rst_ps8_0_99M/U0/peripheral_aresetn_BUFG[0]                                                                             |               17 |             32 |         1.88 |
|  design_1_i/zynq_ultra_ps_e_0/inst/pl_clk0 | design_1_i/HDC_Controller_AXI_W_0/U0/hdc_unit/accelerator_unit/majority_ram[16]_48[31]                                                                   | design_1_i/rst_ps8_0_99M/U0/peripheral_aresetn_BUFG[0]                                                                             |               20 |             32 |         1.60 |
|  design_1_i/zynq_ultra_ps_e_0/inst/pl_clk0 | design_1_i/HDC_Controller_AXI_W_0/U0/hdc_unit/accelerator_unit/majority_ram[163]_145[31]                                                                 | design_1_i/rst_ps8_0_99M/U0/peripheral_aresetn_BUFG[0]                                                                             |               17 |             32 |         1.88 |
|  design_1_i/zynq_ultra_ps_e_0/inst/pl_clk0 | design_1_i/HDC_Controller_AXI_W_0/U0/hdc_unit/accelerator_unit/majority_ram[143]_165[31]                                                                 | design_1_i/rst_ps8_0_99M/U0/peripheral_aresetn_BUFG[0]                                                                             |               16 |             32 |         2.00 |
|  design_1_i/zynq_ultra_ps_e_0/inst/pl_clk0 | design_1_i/HDC_Controller_AXI_W_0/U0/hdc_unit/accelerator_unit/majority_ram[14]_46[31]                                                                   | design_1_i/rst_ps8_0_99M/U0/peripheral_aresetn_BUFG[0]                                                                             |               15 |             32 |         2.13 |
|  design_1_i/zynq_ultra_ps_e_0/inst/pl_clk0 | design_1_i/HDC_Controller_AXI_W_0/U0/hdc_unit/accelerator_unit/majority_ram[170]_138[31]                                                                 | design_1_i/rst_ps8_0_99M/U0/peripheral_aresetn_BUFG[0]                                                                             |               17 |             32 |         1.88 |
|  design_1_i/zynq_ultra_ps_e_0/inst/pl_clk0 | design_1_i/HDC_Controller_AXI_W_0/U0/hdc_unit/accelerator_unit/majority_ram[161]_147[31]                                                                 | design_1_i/rst_ps8_0_99M/U0/peripheral_aresetn_BUFG[0]                                                                             |               19 |             32 |         1.68 |
|  design_1_i/zynq_ultra_ps_e_0/inst/pl_clk0 | design_1_i/HDC_Controller_AXI_W_0/U0/hdc_unit/accelerator_unit/majority_ram[171]_137[31]                                                                 | design_1_i/rst_ps8_0_99M/U0/peripheral_aresetn_BUFG[0]                                                                             |               18 |             32 |         1.78 |
|  design_1_i/zynq_ultra_ps_e_0/inst/pl_clk0 | design_1_i/HDC_Controller_AXI_W_0/U0/hdc_unit/accelerator_unit/majority_ram[169]_139[31]                                                                 | design_1_i/rst_ps8_0_99M/U0/peripheral_aresetn_BUFG[0]                                                                             |               18 |             32 |         1.78 |
|  design_1_i/zynq_ultra_ps_e_0/inst/pl_clk0 | design_1_i/HDC_Controller_AXI_W_0/U0/hdc_unit/accelerator_unit/majority_ram[15]_47[31]                                                                   | design_1_i/rst_ps8_0_99M/U0/peripheral_aresetn_BUFG[0]                                                                             |               16 |             32 |         2.00 |
|  design_1_i/zynq_ultra_ps_e_0/inst/pl_clk0 | design_1_i/HDC_Controller_AXI_W_0/U0/hdc_unit/accelerator_unit/majority_ram[165]_143[31]                                                                 | design_1_i/rst_ps8_0_99M/U0/peripheral_aresetn_BUFG[0]                                                                             |               14 |             32 |         2.29 |
|  design_1_i/zynq_ultra_ps_e_0/inst/pl_clk0 | design_1_i/HDC_Controller_AXI_W_0/U0/hdc_unit/accelerator_unit/majority_ram[172]_136[31]                                                                 | design_1_i/rst_ps8_0_99M/U0/peripheral_aresetn_BUFG[0]                                                                             |               17 |             32 |         1.88 |
|  design_1_i/zynq_ultra_ps_e_0/inst/pl_clk0 | design_1_i/HDC_Controller_AXI_W_0/U0/hdc_unit/accelerator_unit/majority_ram[177]_131[31]                                                                 | design_1_i/rst_ps8_0_99M/U0/peripheral_aresetn_BUFG[0]                                                                             |               17 |             32 |         1.88 |
|  design_1_i/zynq_ultra_ps_e_0/inst/pl_clk0 | design_1_i/HDC_Controller_AXI_W_0/U0/hdc_unit/accelerator_unit/majority_ram[174]_134[31]                                                                 | design_1_i/rst_ps8_0_99M/U0/peripheral_aresetn_BUFG[0]                                                                             |               17 |             32 |         1.88 |
|  design_1_i/zynq_ultra_ps_e_0/inst/pl_clk0 | design_1_i/HDC_Controller_AXI_W_0/U0/hdc_unit/accelerator_unit/majority_ram[17]_291[31]                                                                  | design_1_i/rst_ps8_0_99M/U0/peripheral_aresetn_BUFG[0]                                                                             |               18 |             32 |         1.78 |
|  design_1_i/zynq_ultra_ps_e_0/inst/pl_clk0 | design_1_i/HDC_Controller_AXI_W_0/U0/hdc_unit/accelerator_unit/majority_ram[135]_173[31]                                                                 | design_1_i/rst_ps8_0_99M/U0/peripheral_aresetn_BUFG[0]                                                                             |               22 |             32 |         1.45 |
|  design_1_i/zynq_ultra_ps_e_0/inst/pl_clk0 | design_1_i/HDC_Controller_AXI_W_0/U0/hdc_unit/accelerator_unit/majority_ram[159]_149[31]                                                                 | design_1_i/rst_ps8_0_99M/U0/peripheral_aresetn_BUFG[0]                                                                             |               16 |             32 |         2.00 |
|  design_1_i/zynq_ultra_ps_e_0/inst/pl_clk0 | design_1_i/HDC_Controller_AXI_W_0/U0/hdc_unit/accelerator_unit/majority_ram[129]_179[31]                                                                 | design_1_i/rst_ps8_0_99M/U0/peripheral_aresetn_BUFG[0]                                                                             |               16 |             32 |         2.00 |
|  design_1_i/zynq_ultra_ps_e_0/inst/pl_clk0 | design_1_i/HDC_Controller_AXI_W_0/U0/hdc_unit/accelerator_unit/majority_ram[166]_142[31]                                                                 | design_1_i/rst_ps8_0_99M/U0/peripheral_aresetn_BUFG[0]                                                                             |               13 |             32 |         2.46 |
|  design_1_i/zynq_ultra_ps_e_0/inst/pl_clk0 | design_1_i/HDC_Controller_AXI_W_0/U0/hdc_unit/accelerator_unit/majority_ram[139]_169[31]                                                                 | design_1_i/rst_ps8_0_99M/U0/peripheral_aresetn_BUFG[0]                                                                             |               13 |             32 |         2.46 |
|  design_1_i/zynq_ultra_ps_e_0/inst/pl_clk0 | design_1_i/HDC_Controller_AXI_W_0/U0/hdc_unit/accelerator_unit/majority_ram[179]_129[31]                                                                 | design_1_i/rst_ps8_0_99M/U0/peripheral_aresetn_BUFG[0]                                                                             |               12 |             32 |         2.67 |
|  design_1_i/zynq_ultra_ps_e_0/inst/pl_clk0 | design_1_i/HDC_Controller_AXI_W_0/U0/hdc_unit/accelerator_unit/majority_ram[216]_92[31]                                                                  | design_1_i/rst_ps8_0_99M/U0/peripheral_aresetn_BUFG[0]                                                                             |               19 |             32 |         1.68 |
|  design_1_i/zynq_ultra_ps_e_0/inst/pl_clk0 | design_1_i/HDC_Controller_AXI_W_0/U0/hdc_unit/accelerator_unit/majority_ram[236]_72[31]                                                                  | design_1_i/rst_ps8_0_99M/U0/peripheral_aresetn_BUFG[0]                                                                             |               18 |             32 |         1.78 |
|  design_1_i/zynq_ultra_ps_e_0/inst/pl_clk0 | design_1_i/HDC_Controller_AXI_W_0/U0/hdc_unit/accelerator_unit/majority_ram[207]_101[31]                                                                 | design_1_i/rst_ps8_0_99M/U0/peripheral_aresetn_BUFG[0]                                                                             |               17 |             32 |         1.88 |
|  design_1_i/zynq_ultra_ps_e_0/inst/pl_clk0 | design_1_i/HDC_Controller_AXI_W_0/U0/hdc_unit/accelerator_unit/majority_ram[221]_87[31]                                                                  | design_1_i/rst_ps8_0_99M/U0/peripheral_aresetn_BUFG[0]                                                                             |               18 |             32 |         1.78 |
|  design_1_i/zynq_ultra_ps_e_0/inst/pl_clk0 | design_1_i/HDC_Controller_AXI_W_0/U0/hdc_unit/accelerator_unit/majority_ram[218]_90[31]                                                                  | design_1_i/rst_ps8_0_99M/U0/peripheral_aresetn_BUFG[0]                                                                             |               18 |             32 |         1.78 |
|  design_1_i/zynq_ultra_ps_e_0/inst/pl_clk0 | design_1_i/HDC_Controller_AXI_W_0/U0/hdc_unit/accelerator_unit/majority_ram[222]_86[31]                                                                  | design_1_i/rst_ps8_0_99M/U0/peripheral_aresetn_BUFG[0]                                                                             |               15 |             32 |         2.13 |
|  design_1_i/zynq_ultra_ps_e_0/inst/pl_clk0 | design_1_i/HDC_Controller_AXI_W_0/U0/hdc_unit/accelerator_unit/majority_ram[198]_110[31]                                                                 | design_1_i/rst_ps8_0_99M/U0/peripheral_aresetn_BUFG[0]                                                                             |               12 |             32 |         2.67 |
|  design_1_i/zynq_ultra_ps_e_0/inst/pl_clk0 | design_1_i/HDC_Controller_AXI_W_0/U0/hdc_unit/accelerator_unit/majority_ram[229]_79[31]                                                                  | design_1_i/rst_ps8_0_99M/U0/peripheral_aresetn_BUFG[0]                                                                             |               18 |             32 |         1.78 |
|  design_1_i/zynq_ultra_ps_e_0/inst/pl_clk0 | design_1_i/HDC_Controller_AXI_W_0/U0/hdc_unit/accelerator_unit/majority_ram[18]_290[31]                                                                  | design_1_i/rst_ps8_0_99M/U0/peripheral_aresetn_BUFG[0]                                                                             |               17 |             32 |         1.88 |
|  design_1_i/zynq_ultra_ps_e_0/inst/pl_clk0 | design_1_i/HDC_Controller_AXI_W_0/U0/hdc_unit/accelerator_unit/majority_ram[217]_91[31]                                                                  | design_1_i/rst_ps8_0_99M/U0/peripheral_aresetn_BUFG[0]                                                                             |               16 |             32 |         2.00 |
|  design_1_i/zynq_ultra_ps_e_0/inst/pl_clk0 | design_1_i/HDC_Controller_AXI_W_0/U0/hdc_unit/accelerator_unit/majority_ram[197]_111[31]                                                                 | design_1_i/rst_ps8_0_99M/U0/peripheral_aresetn_BUFG[0]                                                                             |               12 |             32 |         2.67 |
|  design_1_i/zynq_ultra_ps_e_0/inst/pl_clk0 | design_1_i/HDC_Controller_AXI_W_0/U0/hdc_unit/accelerator_unit/majority_ram[210]_98[31]                                                                  | design_1_i/rst_ps8_0_99M/U0/peripheral_aresetn_BUFG[0]                                                                             |               20 |             32 |         1.60 |
|  design_1_i/zynq_ultra_ps_e_0/inst/pl_clk0 | design_1_i/HDC_Controller_AXI_W_0/U0/hdc_unit/accelerator_unit/majority_ram[22]_286[31]                                                                  | design_1_i/rst_ps8_0_99M/U0/peripheral_aresetn_BUFG[0]                                                                             |               19 |             32 |         1.68 |
|  design_1_i/zynq_ultra_ps_e_0/inst/pl_clk0 | design_1_i/HDC_Controller_AXI_W_0/U0/hdc_unit/accelerator_unit/majority_ram[224]_84[31]                                                                  | design_1_i/rst_ps8_0_99M/U0/peripheral_aresetn_BUFG[0]                                                                             |               15 |             32 |         2.13 |
|  design_1_i/zynq_ultra_ps_e_0/inst/pl_clk0 | design_1_i/HDC_Controller_AXI_W_0/U0/hdc_unit/accelerator_unit/majority_ram[237]_71[31]                                                                  | design_1_i/rst_ps8_0_99M/U0/peripheral_aresetn_BUFG[0]                                                                             |               20 |             32 |         1.60 |
|  design_1_i/zynq_ultra_ps_e_0/inst/pl_clk0 | design_1_i/HDC_Controller_AXI_W_0/U0/hdc_unit/accelerator_unit/majority_ram[208]_100[31]                                                                 | design_1_i/rst_ps8_0_99M/U0/peripheral_aresetn_BUFG[0]                                                                             |               15 |             32 |         2.13 |
|  design_1_i/zynq_ultra_ps_e_0/inst/pl_clk0 | design_1_i/HDC_Controller_AXI_W_0/U0/hdc_unit/accelerator_unit/majority_ram[211]_97[31]                                                                  | design_1_i/rst_ps8_0_99M/U0/peripheral_aresetn_BUFG[0]                                                                             |               13 |             32 |         2.46 |
|  design_1_i/zynq_ultra_ps_e_0/inst/pl_clk0 | design_1_i/HDC_Controller_AXI_W_0/U0/hdc_unit/accelerator_unit/majority_ram[228]_80[31]                                                                  | design_1_i/rst_ps8_0_99M/U0/peripheral_aresetn_BUFG[0]                                                                             |               18 |             32 |         1.78 |
|  design_1_i/zynq_ultra_ps_e_0/inst/pl_clk0 | design_1_i/HDC_Controller_AXI_W_0/U0/hdc_unit/accelerator_unit/majority_ram[214]_94[31]                                                                  | design_1_i/rst_ps8_0_99M/U0/peripheral_aresetn_BUFG[0]                                                                             |               20 |             32 |         1.60 |
|  design_1_i/zynq_ultra_ps_e_0/inst/pl_clk0 | design_1_i/HDC_Controller_AXI_W_0/U0/hdc_unit/accelerator_unit/majority_ram[206]_102[31]                                                                 | design_1_i/rst_ps8_0_99M/U0/peripheral_aresetn_BUFG[0]                                                                             |               20 |             32 |         1.60 |
|  design_1_i/zynq_ultra_ps_e_0/inst/pl_clk0 | design_1_i/HDC_Controller_AXI_W_0/U0/hdc_unit/accelerator_unit/majority_ram[219]_89[31]                                                                  | design_1_i/rst_ps8_0_99M/U0/peripheral_aresetn_BUFG[0]                                                                             |               19 |             32 |         1.68 |
|  design_1_i/zynq_ultra_ps_e_0/inst/pl_clk0 | design_1_i/HDC_Controller_AXI_W_0/U0/hdc_unit/accelerator_unit/majority_ram[230]_78[31]                                                                  | design_1_i/rst_ps8_0_99M/U0/peripheral_aresetn_BUFG[0]                                                                             |               11 |             32 |         2.91 |
|  design_1_i/zynq_ultra_ps_e_0/inst/pl_clk0 | design_1_i/HDC_Controller_AXI_W_0/U0/hdc_unit/accelerator_unit/majority_ram[21]_287[31]                                                                  | design_1_i/rst_ps8_0_99M/U0/peripheral_aresetn_BUFG[0]                                                                             |               15 |             32 |         2.13 |
|  design_1_i/zynq_ultra_ps_e_0/inst/pl_clk0 | design_1_i/HDC_Controller_AXI_W_0/U0/hdc_unit/accelerator_unit/majority_ram[202]_106[31]                                                                 | design_1_i/rst_ps8_0_99M/U0/peripheral_aresetn_BUFG[0]                                                                             |               15 |             32 |         2.13 |
|  design_1_i/zynq_ultra_ps_e_0/inst/pl_clk0 | design_1_i/HDC_Controller_AXI_W_0/U0/hdc_unit/accelerator_unit/majority_ram[233]_75[31]                                                                  | design_1_i/rst_ps8_0_99M/U0/peripheral_aresetn_BUFG[0]                                                                             |               18 |             32 |         1.78 |
|  design_1_i/zynq_ultra_ps_e_0/inst/pl_clk0 | design_1_i/HDC_Controller_AXI_W_0/U0/hdc_unit/accelerator_unit/majority_ram[203]_105[31]                                                                 | design_1_i/rst_ps8_0_99M/U0/peripheral_aresetn_BUFG[0]                                                                             |               19 |             32 |         1.68 |
|  design_1_i/zynq_ultra_ps_e_0/inst/pl_clk0 | design_1_i/HDC_Controller_AXI_W_0/U0/hdc_unit/accelerator_unit/majority_ram[186]_122[31]                                                                 | design_1_i/rst_ps8_0_99M/U0/peripheral_aresetn_BUFG[0]                                                                             |               19 |             32 |         1.68 |
|  design_1_i/zynq_ultra_ps_e_0/inst/pl_clk0 | design_1_i/HDC_Controller_AXI_W_0/U0/hdc_unit/accelerator_unit/majority_ram[209]_99[31]                                                                  | design_1_i/rst_ps8_0_99M/U0/peripheral_aresetn_BUFG[0]                                                                             |               18 |             32 |         1.78 |
|  design_1_i/zynq_ultra_ps_e_0/inst/pl_clk0 | design_1_i/HDC_Controller_AXI_W_0/U0/hdc_unit/accelerator_unit/majority_ram[235]_73[31]                                                                  | design_1_i/rst_ps8_0_99M/U0/peripheral_aresetn_BUFG[0]                                                                             |               19 |             32 |         1.68 |
|  design_1_i/zynq_ultra_ps_e_0/inst/pl_clk0 | design_1_i/HDC_Controller_AXI_W_0/U0/hdc_unit/accelerator_unit/majority_ram[225]_83[31]                                                                  | design_1_i/rst_ps8_0_99M/U0/peripheral_aresetn_BUFG[0]                                                                             |               20 |             32 |         1.60 |
|  design_1_i/zynq_ultra_ps_e_0/inst/pl_clk0 | design_1_i/HDC_Controller_AXI_W_0/U0/hdc_unit/accelerator_unit/majority_ram[238]_70[31]                                                                  | design_1_i/rst_ps8_0_99M/U0/peripheral_aresetn_BUFG[0]                                                                             |               20 |             32 |         1.60 |
|  design_1_i/zynq_ultra_ps_e_0/inst/pl_clk0 | design_1_i/HDC_Controller_AXI_W_0/U0/hdc_unit/accelerator_unit/majority_ram[240]_68[31]                                                                  | design_1_i/rst_ps8_0_99M/U0/peripheral_aresetn_BUFG[0]                                                                             |               18 |             32 |         1.78 |
|  design_1_i/zynq_ultra_ps_e_0/inst/pl_clk0 | design_1_i/HDC_Controller_AXI_W_0/U0/hdc_unit/accelerator_unit/majority_ram[184]_124[31]                                                                 | design_1_i/rst_ps8_0_99M/U0/peripheral_aresetn_BUFG[0]                                                                             |               12 |             32 |         2.67 |
|  design_1_i/zynq_ultra_ps_e_0/inst/pl_clk0 | design_1_i/HDC_Controller_AXI_W_0/U0/hdc_unit/accelerator_unit/majority_ram[191]_117[31]                                                                 | design_1_i/rst_ps8_0_99M/U0/peripheral_aresetn_BUFG[0]                                                                             |               17 |             32 |         1.88 |
|  design_1_i/zynq_ultra_ps_e_0/inst/pl_clk0 | design_1_i/HDC_Controller_AXI_W_0/U0/hdc_unit/accelerator_unit/majority_ram[192]_116[31]                                                                 | design_1_i/rst_ps8_0_99M/U0/peripheral_aresetn_BUFG[0]                                                                             |               19 |             32 |         1.68 |
|  design_1_i/zynq_ultra_ps_e_0/inst/pl_clk0 | design_1_i/HDC_Controller_AXI_W_0/U0/hdc_unit/accelerator_unit/majority_ram[188]_120[31]                                                                 | design_1_i/rst_ps8_0_99M/U0/peripheral_aresetn_BUFG[0]                                                                             |               12 |             32 |         2.67 |
|  design_1_i/zynq_ultra_ps_e_0/inst/pl_clk0 | design_1_i/HDC_Controller_AXI_W_0/U0/hdc_unit/accelerator_unit/majority_ram[1]_33[31]                                                                    | design_1_i/rst_ps8_0_99M/U0/peripheral_aresetn_BUFG[0]                                                                             |               15 |             32 |         2.13 |
|  design_1_i/zynq_ultra_ps_e_0/inst/pl_clk0 | design_1_i/HDC_Controller_AXI_W_0/U0/hdc_unit/accelerator_unit/majority_ram[200]_108[31]                                                                 | design_1_i/rst_ps8_0_99M/U0/peripheral_aresetn_BUFG[0]                                                                             |               19 |             32 |         1.68 |
|  design_1_i/zynq_ultra_ps_e_0/inst/pl_clk0 | design_1_i/HDC_Controller_AXI_W_0/U0/hdc_unit/accelerator_unit/majority_ram[193]_115[31]                                                                 | design_1_i/rst_ps8_0_99M/U0/peripheral_aresetn_BUFG[0]                                                                             |               14 |             32 |         2.29 |
|  design_1_i/zynq_ultra_ps_e_0/inst/pl_clk0 | design_1_i/HDC_Controller_AXI_W_0/U0/hdc_unit/accelerator_unit/majority_ram[190]_118[31]                                                                 | design_1_i/rst_ps8_0_99M/U0/peripheral_aresetn_BUFG[0]                                                                             |               14 |             32 |         2.29 |
|  design_1_i/zynq_ultra_ps_e_0/inst/pl_clk0 | design_1_i/HDC_Controller_AXI_W_0/U0/hdc_unit/accelerator_unit/majority_ram[194]_114[31]                                                                 | design_1_i/rst_ps8_0_99M/U0/peripheral_aresetn_BUFG[0]                                                                             |               17 |             32 |         1.88 |
|  design_1_i/zynq_ultra_ps_e_0/inst/pl_clk0 | design_1_i/HDC_Controller_AXI_W_0/U0/hdc_unit/accelerator_unit/majority_ram[201]_107[31]                                                                 | design_1_i/rst_ps8_0_99M/U0/peripheral_aresetn_BUFG[0]                                                                             |               16 |             32 |         2.00 |
|  design_1_i/zynq_ultra_ps_e_0/inst/pl_clk0 | design_1_i/HDC_Controller_AXI_W_0/U0/hdc_unit/accelerator_unit/majority_ram[20]_288[31]                                                                  | design_1_i/rst_ps8_0_99M/U0/peripheral_aresetn_BUFG[0]                                                                             |               17 |             32 |         1.88 |
|  design_1_i/zynq_ultra_ps_e_0/inst/pl_clk0 | design_1_i/HDC_Controller_AXI_W_0/U0/hdc_unit/accelerator_unit/majority_ram[185]_123[31]                                                                 | design_1_i/rst_ps8_0_99M/U0/peripheral_aresetn_BUFG[0]                                                                             |               15 |             32 |         2.13 |
|  design_1_i/zynq_ultra_ps_e_0/inst/pl_clk0 | design_1_i/HDC_Controller_AXI_W_0/U0/hdc_unit/accelerator_unit/majority_ram[215]_93[31]                                                                  | design_1_i/rst_ps8_0_99M/U0/peripheral_aresetn_BUFG[0]                                                                             |               19 |             32 |         1.68 |
|  design_1_i/zynq_ultra_ps_e_0/inst/pl_clk0 | design_1_i/HDC_Controller_AXI_W_0/U0/hdc_unit/accelerator_unit/majority_ram[195]_113[31]                                                                 | design_1_i/rst_ps8_0_99M/U0/peripheral_aresetn_BUFG[0]                                                                             |               19 |             32 |         1.68 |
|  design_1_i/zynq_ultra_ps_e_0/inst/pl_clk0 | design_1_i/HDC_Controller_AXI_W_0/U0/hdc_unit/accelerator_unit/majority_ram[223]_85[31]                                                                  | design_1_i/rst_ps8_0_99M/U0/peripheral_aresetn_BUFG[0]                                                                             |               16 |             32 |         2.00 |
|  design_1_i/zynq_ultra_ps_e_0/inst/pl_clk0 | design_1_i/HDC_Controller_AXI_W_0/U0/hdc_unit/accelerator_unit/majority_ram[232]_76[31]                                                                  | design_1_i/rst_ps8_0_99M/U0/peripheral_aresetn_BUFG[0]                                                                             |               12 |             32 |         2.67 |
|  design_1_i/zynq_ultra_ps_e_0/inst/pl_clk0 | design_1_i/HDC_Controller_AXI_W_0/U0/hdc_unit/accelerator_unit/majority_ram[239]_69[31]                                                                  | design_1_i/rst_ps8_0_99M/U0/peripheral_aresetn_BUFG[0]                                                                             |               16 |             32 |         2.00 |
|  design_1_i/zynq_ultra_ps_e_0/inst/pl_clk0 | design_1_i/HDC_Controller_AXI_W_0/U0/hdc_unit/accelerator_unit/majority_ram[23]_285[31]                                                                  | design_1_i/rst_ps8_0_99M/U0/peripheral_aresetn_BUFG[0]                                                                             |               16 |             32 |         2.00 |
|  design_1_i/zynq_ultra_ps_e_0/inst/pl_clk0 | design_1_i/HDC_Controller_AXI_W_0/U0/hdc_unit/accelerator_unit/majority_ram[213]_95[31]                                                                  | design_1_i/rst_ps8_0_99M/U0/peripheral_aresetn_BUFG[0]                                                                             |               17 |             32 |         1.88 |
|  design_1_i/zynq_ultra_ps_e_0/inst/pl_clk0 | design_1_i/HDC_Controller_AXI_W_0/U0/hdc_unit/accelerator_unit/majority_ram[199]_109[31]                                                                 | design_1_i/rst_ps8_0_99M/U0/peripheral_aresetn_BUFG[0]                                                                             |               22 |             32 |         1.45 |
|  design_1_i/zynq_ultra_ps_e_0/inst/pl_clk0 | design_1_i/HDC_Controller_AXI_W_0/U0/hdc_unit/accelerator_unit/majority_ram[196]_112[31]                                                                 | design_1_i/rst_ps8_0_99M/U0/peripheral_aresetn_BUFG[0]                                                                             |               22 |             32 |         1.45 |
|  design_1_i/zynq_ultra_ps_e_0/inst/pl_clk0 | design_1_i/HDC_Controller_AXI_W_0/U0/hdc_unit/accelerator_unit/majority_ram[226]_82[31]                                                                  | design_1_i/rst_ps8_0_99M/U0/peripheral_aresetn_BUFG[0]                                                                             |               23 |             32 |         1.39 |
|  design_1_i/zynq_ultra_ps_e_0/inst/pl_clk0 | design_1_i/HDC_Controller_AXI_W_0/U0/hdc_unit/accelerator_unit/majority_ram[204]_104[31]                                                                 | design_1_i/rst_ps8_0_99M/U0/peripheral_aresetn_BUFG[0]                                                                             |               22 |             32 |         1.45 |
|  design_1_i/zynq_ultra_ps_e_0/inst/pl_clk0 | design_1_i/HDC_Controller_AXI_W_0/U0/hdc_unit/accelerator_unit/majority_ram[205]_103[31]                                                                 | design_1_i/rst_ps8_0_99M/U0/peripheral_aresetn_BUFG[0]                                                                             |               16 |             32 |         2.00 |
|  design_1_i/zynq_ultra_ps_e_0/inst/pl_clk0 | design_1_i/HDC_Controller_AXI_W_0/U0/hdc_unit/accelerator_unit/majority_ram[187]_121[31]                                                                 | design_1_i/rst_ps8_0_99M/U0/peripheral_aresetn_BUFG[0]                                                                             |               16 |             32 |         2.00 |
|  design_1_i/zynq_ultra_ps_e_0/inst/pl_clk0 | design_1_i/HDC_Controller_AXI_W_0/U0/hdc_unit/accelerator_unit/majority_ram[189]_119[31]                                                                 | design_1_i/rst_ps8_0_99M/U0/peripheral_aresetn_BUFG[0]                                                                             |               13 |             32 |         2.46 |
|  design_1_i/zynq_ultra_ps_e_0/inst/pl_clk0 | design_1_i/HDC_Controller_AXI_W_0/U0/hdc_unit/accelerator_unit/majority_ram[212]_96[31]                                                                  | design_1_i/rst_ps8_0_99M/U0/peripheral_aresetn_BUFG[0]                                                                             |               20 |             32 |         1.60 |
|  design_1_i/zynq_ultra_ps_e_0/inst/pl_clk0 | design_1_i/HDC_Controller_AXI_W_0/U0/hdc_unit/accelerator_unit/majority_ram[220]_88[31]                                                                  | design_1_i/rst_ps8_0_99M/U0/peripheral_aresetn_BUFG[0]                                                                             |               16 |             32 |         2.00 |
|  design_1_i/zynq_ultra_ps_e_0/inst/pl_clk0 | design_1_i/HDC_Controller_AXI_W_0/U0/hdc_unit/accelerator_unit/majority_ram[227]_81[31]                                                                  | design_1_i/rst_ps8_0_99M/U0/peripheral_aresetn_BUFG[0]                                                                             |               15 |             32 |         2.13 |
|  design_1_i/zynq_ultra_ps_e_0/inst/pl_clk0 | design_1_i/HDC_Controller_AXI_W_0/U0/hdc_unit/accelerator_unit/majority_ram[231]_77[31]                                                                  | design_1_i/rst_ps8_0_99M/U0/peripheral_aresetn_BUFG[0]                                                                             |               16 |             32 |         2.00 |
|  design_1_i/zynq_ultra_ps_e_0/inst/pl_clk0 | design_1_i/HDC_Controller_AXI_W_0/U0/hdc_unit/accelerator_unit/majority_ram[234]_74[31]                                                                  | design_1_i/rst_ps8_0_99M/U0/peripheral_aresetn_BUFG[0]                                                                             |               20 |             32 |         1.60 |
|  design_1_i/zynq_ultra_ps_e_0/inst/pl_clk0 | design_1_i/HDC_Controller_AXI_W_0/U0/hdc_unit/accelerator_unit/majority_ram[253]_55[31]                                                                  | design_1_i/rst_ps8_0_99M/U0/peripheral_aresetn_BUFG[0]                                                                             |               17 |             32 |         1.88 |
|  design_1_i/zynq_ultra_ps_e_0/inst/pl_clk0 | design_1_i/HDC_Controller_AXI_W_0/U0/hdc_unit/accelerator_unit/majority_ram[281]_313[31]                                                                 | design_1_i/rst_ps8_0_99M/U0/peripheral_aresetn_BUFG[0]                                                                             |               13 |             32 |         2.46 |
|  design_1_i/zynq_ultra_ps_e_0/inst/pl_clk0 | design_1_i/HDC_Controller_AXI_W_0/U0/hdc_unit/accelerator_unit/majority_ram[254]_54[31]                                                                  | design_1_i/rst_ps8_0_99M/U0/peripheral_aresetn_BUFG[0]                                                                             |               18 |             32 |         1.78 |
|  design_1_i/zynq_ultra_ps_e_0/inst/pl_clk0 | design_1_i/HDC_Controller_AXI_W_0/U0/hdc_unit/accelerator_unit/majority_ram[286]_318[31]                                                                 | design_1_i/rst_ps8_0_99M/U0/peripheral_aresetn_BUFG[0]                                                                             |               17 |             32 |         1.88 |
|  design_1_i/zynq_ultra_ps_e_0/inst/pl_clk0 | design_1_i/HDC_Controller_AXI_W_0/U0/hdc_unit/accelerator_unit/majority_ram[267]_299[31]                                                                 | design_1_i/rst_ps8_0_99M/U0/peripheral_aresetn_BUFG[0]                                                                             |               14 |             32 |         2.29 |
|  design_1_i/zynq_ultra_ps_e_0/inst/pl_clk0 | design_1_i/HDC_Controller_AXI_W_0/U0/hdc_unit/accelerator_unit/majority_ram[241]_67[31]                                                                  | design_1_i/rst_ps8_0_99M/U0/peripheral_aresetn_BUFG[0]                                                                             |               20 |             32 |         1.60 |
|  design_1_i/zynq_ultra_ps_e_0/inst/pl_clk0 | design_1_i/HDC_Controller_AXI_W_0/U0/hdc_unit/accelerator_unit/majority_ram[296]_328[31]                                                                 | design_1_i/rst_ps8_0_99M/U0/peripheral_aresetn_BUFG[0]                                                                             |               15 |             32 |         2.13 |
|  design_1_i/zynq_ultra_ps_e_0/inst/pl_clk0 | design_1_i/HDC_Controller_AXI_W_0/U0/hdc_unit/accelerator_unit/majority_ram[257]_51[31]                                                                  | design_1_i/rst_ps8_0_99M/U0/peripheral_aresetn_BUFG[0]                                                                             |               14 |             32 |         2.29 |
|  design_1_i/zynq_ultra_ps_e_0/inst/pl_clk0 | design_1_i/HDC_Controller_AXI_W_0/U0/hdc_unit/accelerator_unit/majority_ram[28]_280[31]                                                                  | design_1_i/rst_ps8_0_99M/U0/peripheral_aresetn_BUFG[0]                                                                             |               17 |             32 |         1.88 |
|  design_1_i/zynq_ultra_ps_e_0/inst/pl_clk0 | design_1_i/HDC_Controller_AXI_W_0/U0/hdc_unit/accelerator_unit/majority_ram[248]_60[31]                                                                  | design_1_i/rst_ps8_0_99M/U0/peripheral_aresetn_BUFG[0]                                                                             |               16 |             32 |         2.00 |
|  design_1_i/zynq_ultra_ps_e_0/inst/pl_clk0 | design_1_i/HDC_Controller_AXI_W_0/U0/hdc_unit/accelerator_unit/majority_ram[268]_300[31]                                                                 | design_1_i/rst_ps8_0_99M/U0/peripheral_aresetn_BUFG[0]                                                                             |               19 |             32 |         1.68 |
|  design_1_i/zynq_ultra_ps_e_0/inst/pl_clk0 | design_1_i/HDC_Controller_AXI_W_0/U0/hdc_unit/accelerator_unit/majority_ram[251]_57[31]                                                                  | design_1_i/rst_ps8_0_99M/U0/peripheral_aresetn_BUFG[0]                                                                             |               17 |             32 |         1.88 |
|  design_1_i/zynq_ultra_ps_e_0/inst/pl_clk0 | design_1_i/HDC_Controller_AXI_W_0/U0/hdc_unit/accelerator_unit/majority_ram[273]_305[31]                                                                 | design_1_i/rst_ps8_0_99M/U0/peripheral_aresetn_BUFG[0]                                                                             |               16 |             32 |         2.00 |
|  design_1_i/zynq_ultra_ps_e_0/inst/pl_clk0 | design_1_i/HDC_Controller_AXI_W_0/U0/hdc_unit/accelerator_unit/majority_ram[246]_62[31]                                                                  | design_1_i/rst_ps8_0_99M/U0/peripheral_aresetn_BUFG[0]                                                                             |               17 |             32 |         1.88 |
|  design_1_i/zynq_ultra_ps_e_0/inst/pl_clk0 | design_1_i/HDC_Controller_AXI_W_0/U0/hdc_unit/accelerator_unit/majority_ram[278]_310[31]                                                                 | design_1_i/rst_ps8_0_99M/U0/peripheral_aresetn_BUFG[0]                                                                             |               19 |             32 |         1.68 |
|  design_1_i/zynq_ultra_ps_e_0/inst/pl_clk0 | design_1_i/HDC_Controller_AXI_W_0/U0/hdc_unit/accelerator_unit/majority_ram[264]_296[31]                                                                 | design_1_i/rst_ps8_0_99M/U0/peripheral_aresetn_BUFG[0]                                                                             |               15 |             32 |         2.13 |
|  design_1_i/zynq_ultra_ps_e_0/inst/pl_clk0 | design_1_i/HDC_Controller_AXI_W_0/U0/hdc_unit/accelerator_unit/majority_ram[27]_281[31]                                                                  | design_1_i/rst_ps8_0_99M/U0/peripheral_aresetn_BUFG[0]                                                                             |               18 |             32 |         1.78 |
|  design_1_i/zynq_ultra_ps_e_0/inst/pl_clk0 | design_1_i/HDC_Controller_AXI_W_0/U0/hdc_unit/accelerator_unit/majority_ram[242]_66[31]                                                                  | design_1_i/rst_ps8_0_99M/U0/peripheral_aresetn_BUFG[0]                                                                             |               16 |             32 |         2.00 |
|  design_1_i/zynq_ultra_ps_e_0/inst/pl_clk0 | design_1_i/HDC_Controller_AXI_W_0/U0/hdc_unit/accelerator_unit/majority_ram[243]_65[31]                                                                  | design_1_i/rst_ps8_0_99M/U0/peripheral_aresetn_BUFG[0]                                                                             |               18 |             32 |         1.78 |
|  design_1_i/zynq_ultra_ps_e_0/inst/pl_clk0 | design_1_i/HDC_Controller_AXI_W_0/U0/hdc_unit/accelerator_unit/majority_ram[270]_302[31]                                                                 | design_1_i/rst_ps8_0_99M/U0/peripheral_aresetn_BUFG[0]                                                                             |               16 |             32 |         2.00 |
|  design_1_i/zynq_ultra_ps_e_0/inst/pl_clk0 | design_1_i/HDC_Controller_AXI_W_0/U0/hdc_unit/accelerator_unit/majority_ram[274]_306[31]                                                                 | design_1_i/rst_ps8_0_99M/U0/peripheral_aresetn_BUFG[0]                                                                             |               19 |             32 |         1.68 |
|  design_1_i/zynq_ultra_ps_e_0/inst/pl_clk0 | design_1_i/HDC_Controller_AXI_W_0/U0/hdc_unit/accelerator_unit/majority_ram[277]_309[31]                                                                 | design_1_i/rst_ps8_0_99M/U0/peripheral_aresetn_BUFG[0]                                                                             |               16 |             32 |         2.00 |
|  design_1_i/zynq_ultra_ps_e_0/inst/pl_clk0 | design_1_i/HDC_Controller_AXI_W_0/U0/hdc_unit/accelerator_unit/majority_ram[280]_312[31]                                                                 | design_1_i/rst_ps8_0_99M/U0/peripheral_aresetn_BUFG[0]                                                                             |               16 |             32 |         2.00 |
|  design_1_i/zynq_ultra_ps_e_0/inst/pl_clk0 | design_1_i/HDC_Controller_AXI_W_0/U0/hdc_unit/accelerator_unit/majority_ram[282]_314[31]                                                                 | design_1_i/rst_ps8_0_99M/U0/peripheral_aresetn_BUFG[0]                                                                             |               15 |             32 |         2.13 |
|  design_1_i/zynq_ultra_ps_e_0/inst/pl_clk0 | design_1_i/HDC_Controller_AXI_W_0/U0/hdc_unit/accelerator_unit/majority_ram[265]_297[31]                                                                 | design_1_i/rst_ps8_0_99M/U0/peripheral_aresetn_BUFG[0]                                                                             |               15 |             32 |         2.13 |
|  design_1_i/zynq_ultra_ps_e_0/inst/pl_clk0 | design_1_i/HDC_Controller_AXI_W_0/U0/hdc_unit/accelerator_unit/majority_ram[284]_316[31]                                                                 | design_1_i/rst_ps8_0_99M/U0/peripheral_aresetn_BUFG[0]                                                                             |               11 |             32 |         2.91 |
|  design_1_i/zynq_ultra_ps_e_0/inst/pl_clk0 | design_1_i/HDC_Controller_AXI_W_0/U0/hdc_unit/accelerator_unit/majority_ram[287]_319[31]                                                                 | design_1_i/rst_ps8_0_99M/U0/peripheral_aresetn_BUFG[0]                                                                             |               19 |             32 |         1.68 |
|  design_1_i/zynq_ultra_ps_e_0/inst/pl_clk0 | design_1_i/HDC_Controller_AXI_W_0/U0/hdc_unit/accelerator_unit/majority_ram[290]_322[31]                                                                 | design_1_i/rst_ps8_0_99M/U0/peripheral_aresetn_BUFG[0]                                                                             |               19 |             32 |         1.68 |
|  design_1_i/zynq_ultra_ps_e_0/inst/pl_clk0 | design_1_i/HDC_Controller_AXI_W_0/U0/hdc_unit/accelerator_unit/majority_ram[255]_53[31]                                                                  | design_1_i/rst_ps8_0_99M/U0/peripheral_aresetn_BUFG[0]                                                                             |               16 |             32 |         2.00 |
|  design_1_i/zynq_ultra_ps_e_0/inst/pl_clk0 | design_1_i/HDC_Controller_AXI_W_0/U0/hdc_unit/accelerator_unit/majority_ram[291]_323[31]                                                                 | design_1_i/rst_ps8_0_99M/U0/peripheral_aresetn_BUFG[0]                                                                             |               17 |             32 |         1.88 |
|  design_1_i/zynq_ultra_ps_e_0/inst/pl_clk0 | design_1_i/HDC_Controller_AXI_W_0/U0/hdc_unit/accelerator_unit/majority_ram[292]_324[31]                                                                 | design_1_i/rst_ps8_0_99M/U0/peripheral_aresetn_BUFG[0]                                                                             |               11 |             32 |         2.91 |
|  design_1_i/zynq_ultra_ps_e_0/inst/pl_clk0 | design_1_i/HDC_Controller_AXI_W_0/U0/hdc_unit/accelerator_unit/majority_ram[245]_63[31]                                                                  | design_1_i/rst_ps8_0_99M/U0/peripheral_aresetn_BUFG[0]                                                                             |               17 |             32 |         1.88 |
|  design_1_i/zynq_ultra_ps_e_0/inst/pl_clk0 | design_1_i/HDC_Controller_AXI_W_0/U0/hdc_unit/accelerator_unit/majority_ram[24]_284[31]                                                                  | design_1_i/rst_ps8_0_99M/U0/peripheral_aresetn_BUFG[0]                                                                             |               17 |             32 |         1.88 |
|  design_1_i/zynq_ultra_ps_e_0/inst/pl_clk0 | design_1_i/HDC_Controller_AXI_W_0/U0/hdc_unit/accelerator_unit/majority_ram[252]_56[31]                                                                  | design_1_i/rst_ps8_0_99M/U0/peripheral_aresetn_BUFG[0]                                                                             |               17 |             32 |         1.88 |
|  design_1_i/zynq_ultra_ps_e_0/inst/pl_clk0 | design_1_i/HDC_Controller_AXI_W_0/U0/hdc_unit/accelerator_unit/majority_ram[262]_294[31]                                                                 | design_1_i/rst_ps8_0_99M/U0/peripheral_aresetn_BUFG[0]                                                                             |               15 |             32 |         2.13 |
|  design_1_i/zynq_ultra_ps_e_0/inst/pl_clk0 | design_1_i/HDC_Controller_AXI_W_0/U0/hdc_unit/accelerator_unit/majority_ram[275]_307[31]                                                                 | design_1_i/rst_ps8_0_99M/U0/peripheral_aresetn_BUFG[0]                                                                             |               15 |             32 |         2.13 |
|  design_1_i/zynq_ultra_ps_e_0/inst/pl_clk0 | design_1_i/HDC_Controller_AXI_W_0/U0/hdc_unit/accelerator_unit/majority_ram[279]_311[31]                                                                 | design_1_i/rst_ps8_0_99M/U0/peripheral_aresetn_BUFG[0]                                                                             |               19 |             32 |         1.68 |
|  design_1_i/zynq_ultra_ps_e_0/inst/pl_clk0 | design_1_i/HDC_Controller_AXI_W_0/U0/hdc_unit/accelerator_unit/majority_ram[295]_327[31]                                                                 | design_1_i/rst_ps8_0_99M/U0/peripheral_aresetn_BUFG[0]                                                                             |               17 |             32 |         1.88 |
|  design_1_i/zynq_ultra_ps_e_0/inst/pl_clk0 | design_1_i/HDC_Controller_AXI_W_0/U0/hdc_unit/accelerator_unit/majority_ram[249]_59[31]                                                                  | design_1_i/rst_ps8_0_99M/U0/peripheral_aresetn_BUFG[0]                                                                             |               12 |             32 |         2.67 |
|  design_1_i/zynq_ultra_ps_e_0/inst/pl_clk0 | design_1_i/HDC_Controller_AXI_W_0/U0/hdc_unit/accelerator_unit/majority_ram[272]_304[31]                                                                 | design_1_i/rst_ps8_0_99M/U0/peripheral_aresetn_BUFG[0]                                                                             |               23 |             32 |         1.39 |
|  design_1_i/zynq_ultra_ps_e_0/inst/pl_clk0 | design_1_i/HDC_Controller_AXI_W_0/U0/hdc_unit/accelerator_unit/majority_ram[269]_301[31]                                                                 | design_1_i/rst_ps8_0_99M/U0/peripheral_aresetn_BUFG[0]                                                                             |               14 |             32 |         2.29 |
|  design_1_i/zynq_ultra_ps_e_0/inst/pl_clk0 | design_1_i/HDC_Controller_AXI_W_0/U0/hdc_unit/accelerator_unit/majority_ram[294]_326[31]                                                                 | design_1_i/rst_ps8_0_99M/U0/peripheral_aresetn_BUFG[0]                                                                             |               21 |             32 |         1.52 |
|  design_1_i/zynq_ultra_ps_e_0/inst/pl_clk0 | design_1_i/HDC_Controller_AXI_W_0/U0/hdc_unit/accelerator_unit/majority_ram[256]_52[31]                                                                  | design_1_i/rst_ps8_0_99M/U0/peripheral_aresetn_BUFG[0]                                                                             |               19 |             32 |         1.68 |
|  design_1_i/zynq_ultra_ps_e_0/inst/pl_clk0 | design_1_i/HDC_Controller_AXI_W_0/U0/hdc_unit/accelerator_unit/majority_ram[276]_308[31]                                                                 | design_1_i/rst_ps8_0_99M/U0/peripheral_aresetn_BUFG[0]                                                                             |               16 |             32 |         2.00 |
|  design_1_i/zynq_ultra_ps_e_0/inst/pl_clk0 | design_1_i/HDC_Controller_AXI_W_0/U0/hdc_unit/accelerator_unit/majority_ram[244]_64[31]                                                                  | design_1_i/rst_ps8_0_99M/U0/peripheral_aresetn_BUFG[0]                                                                             |               17 |             32 |         1.88 |
|  design_1_i/zynq_ultra_ps_e_0/inst/pl_clk0 | design_1_i/HDC_Controller_AXI_W_0/U0/hdc_unit/accelerator_unit/majority_ram[250]_58[31]                                                                  | design_1_i/rst_ps8_0_99M/U0/peripheral_aresetn_BUFG[0]                                                                             |               16 |             32 |         2.00 |
|  design_1_i/zynq_ultra_ps_e_0/inst/pl_clk0 | design_1_i/HDC_Controller_AXI_W_0/U0/hdc_unit/accelerator_unit/majority_ram[25]_283[31]                                                                  | design_1_i/rst_ps8_0_99M/U0/peripheral_aresetn_BUFG[0]                                                                             |               22 |             32 |         1.45 |
|  design_1_i/zynq_ultra_ps_e_0/inst/pl_clk0 | design_1_i/HDC_Controller_AXI_W_0/U0/hdc_unit/accelerator_unit/majority_ram[271]_303[31]                                                                 | design_1_i/rst_ps8_0_99M/U0/peripheral_aresetn_BUFG[0]                                                                             |               13 |             32 |         2.46 |
|  design_1_i/zynq_ultra_ps_e_0/inst/pl_clk0 | design_1_i/HDC_Controller_AXI_W_0/U0/hdc_unit/accelerator_unit/majority_ram[247]_61[31]                                                                  | design_1_i/rst_ps8_0_99M/U0/peripheral_aresetn_BUFG[0]                                                                             |               14 |             32 |         2.29 |
|  design_1_i/zynq_ultra_ps_e_0/inst/pl_clk0 | design_1_i/HDC_Controller_AXI_W_0/U0/hdc_unit/accelerator_unit/majority_ram[285]_317[31]                                                                 | design_1_i/rst_ps8_0_99M/U0/peripheral_aresetn_BUFG[0]                                                                             |               15 |             32 |         2.13 |
|  design_1_i/zynq_ultra_ps_e_0/inst/pl_clk0 | design_1_i/HDC_Controller_AXI_W_0/U0/hdc_unit/accelerator_unit/majority_ram[288]_320[31]                                                                 | design_1_i/rst_ps8_0_99M/U0/peripheral_aresetn_BUFG[0]                                                                             |               16 |             32 |         2.00 |
|  design_1_i/zynq_ultra_ps_e_0/inst/pl_clk0 | design_1_i/HDC_Controller_AXI_W_0/U0/hdc_unit/accelerator_unit/majority_ram[289]_321[31]                                                                 | design_1_i/rst_ps8_0_99M/U0/peripheral_aresetn_BUFG[0]                                                                             |               14 |             32 |         2.29 |
|  design_1_i/zynq_ultra_ps_e_0/inst/pl_clk0 | design_1_i/HDC_Controller_AXI_W_0/U0/hdc_unit/accelerator_unit/majority_ram[297]_329[31]                                                                 | design_1_i/rst_ps8_0_99M/U0/peripheral_aresetn_BUFG[0]                                                                             |               14 |             32 |         2.29 |
|  design_1_i/zynq_ultra_ps_e_0/inst/pl_clk0 | design_1_i/HDC_Controller_AXI_W_0/U0/hdc_unit/accelerator_unit/majority_ram[266]_298[31]                                                                 | design_1_i/rst_ps8_0_99M/U0/peripheral_aresetn_BUFG[0]                                                                             |               19 |             32 |         1.68 |
|  design_1_i/zynq_ultra_ps_e_0/inst/pl_clk0 | design_1_i/HDC_Controller_AXI_W_0/U0/hdc_unit/accelerator_unit/majority_ram[298]_330[31]                                                                 | design_1_i/rst_ps8_0_99M/U0/peripheral_aresetn_BUFG[0]                                                                             |               18 |             32 |         1.78 |
|  design_1_i/zynq_ultra_ps_e_0/inst/pl_clk0 | design_1_i/HDC_Controller_AXI_W_0/U0/hdc_unit/accelerator_unit/majority_ram[258]_50[31]                                                                  | design_1_i/rst_ps8_0_99M/U0/peripheral_aresetn_BUFG[0]                                                                             |               14 |             32 |         2.29 |
|  design_1_i/zynq_ultra_ps_e_0/inst/pl_clk0 | design_1_i/HDC_Controller_AXI_W_0/U0/hdc_unit/accelerator_unit/majority_ram[261]_293[31]                                                                 | design_1_i/rst_ps8_0_99M/U0/peripheral_aresetn_BUFG[0]                                                                             |               15 |             32 |         2.13 |
|  design_1_i/zynq_ultra_ps_e_0/inst/pl_clk0 | design_1_i/HDC_Controller_AXI_W_0/U0/hdc_unit/accelerator_unit/majority_ram[263]_295[31]                                                                 | design_1_i/rst_ps8_0_99M/U0/peripheral_aresetn_BUFG[0]                                                                             |               16 |             32 |         2.00 |
|  design_1_i/zynq_ultra_ps_e_0/inst/pl_clk0 | design_1_i/HDC_Controller_AXI_W_0/U0/hdc_unit/accelerator_unit/majority_ram[283]_315[31]                                                                 | design_1_i/rst_ps8_0_99M/U0/peripheral_aresetn_BUFG[0]                                                                             |               25 |             32 |         1.28 |
|  design_1_i/zynq_ultra_ps_e_0/inst/pl_clk0 | design_1_i/HDC_Controller_AXI_W_0/U0/hdc_unit/accelerator_unit/majority_ram[299]_331[31]                                                                 | design_1_i/rst_ps8_0_99M/U0/peripheral_aresetn_BUFG[0]                                                                             |               19 |             32 |         1.68 |
|  design_1_i/zynq_ultra_ps_e_0/inst/pl_clk0 | design_1_i/HDC_Controller_AXI_W_0/U0/hdc_unit/accelerator_unit/majority_ram[26]_282[31]                                                                  | design_1_i/rst_ps8_0_99M/U0/peripheral_aresetn_BUFG[0]                                                                             |               21 |             32 |         1.52 |
|  design_1_i/zynq_ultra_ps_e_0/inst/pl_clk0 | design_1_i/HDC_Controller_AXI_W_0/U0/hdc_unit/accelerator_unit/majority_ram[293]_325[31]                                                                 | design_1_i/rst_ps8_0_99M/U0/peripheral_aresetn_BUFG[0]                                                                             |               16 |             32 |         2.00 |
|  design_1_i/zynq_ultra_ps_e_0/inst/pl_clk0 | design_1_i/HDC_Controller_AXI_W_0/U0/hdc_unit/accelerator_unit/majority_ram[259]_49[31]                                                                  | design_1_i/rst_ps8_0_99M/U0/peripheral_aresetn_BUFG[0]                                                                             |               11 |             32 |         2.91 |
|  design_1_i/zynq_ultra_ps_e_0/inst/pl_clk0 | design_1_i/HDC_Controller_AXI_W_0/U0/hdc_unit/accelerator_unit/majority_ram[39]_269[31]                                                                  | design_1_i/rst_ps8_0_99M/U0/peripheral_aresetn_BUFG[0]                                                                             |               20 |             32 |         1.60 |
|  design_1_i/zynq_ultra_ps_e_0/inst/pl_clk0 | design_1_i/HDC_Controller_AXI_W_0/U0/hdc_unit/accelerator_unit/majority_ram[68]_240[31]                                                                  | design_1_i/rst_ps8_0_99M/U0/peripheral_aresetn_BUFG[0]                                                                             |               17 |             32 |         1.88 |
|  design_1_i/zynq_ultra_ps_e_0/inst/pl_clk0 | design_1_i/HDC_Controller_AXI_W_0/U0/hdc_unit/accelerator_unit/majority_ram[69]_239[31]                                                                  | design_1_i/rst_ps8_0_99M/U0/peripheral_aresetn_BUFG[0]                                                                             |               16 |             32 |         2.00 |
|  design_1_i/zynq_ultra_ps_e_0/inst/pl_clk0 | design_1_i/HDC_Controller_AXI_W_0/U0/hdc_unit/accelerator_unit/majority_ram[50]_258[31]                                                                  | design_1_i/rst_ps8_0_99M/U0/peripheral_aresetn_BUFG[0]                                                                             |               18 |             32 |         1.78 |
|  design_1_i/zynq_ultra_ps_e_0/inst/pl_clk0 | design_1_i/HDC_Controller_AXI_W_0/U0/hdc_unit/accelerator_unit/majority_ram[6]_38[31]                                                                    | design_1_i/rst_ps8_0_99M/U0/peripheral_aresetn_BUFG[0]                                                                             |               20 |             32 |         1.60 |
|  design_1_i/zynq_ultra_ps_e_0/inst/pl_clk0 | design_1_i/HDC_Controller_AXI_W_0/U0/hdc_unit/accelerator_unit/majority_ram[37]_271[31]                                                                  | design_1_i/rst_ps8_0_99M/U0/peripheral_aresetn_BUFG[0]                                                                             |               18 |             32 |         1.78 |
|  design_1_i/zynq_ultra_ps_e_0/inst/pl_clk0 | design_1_i/HDC_Controller_AXI_W_0/U0/hdc_unit/accelerator_unit/majority_ram[33]_275[31]                                                                  | design_1_i/rst_ps8_0_99M/U0/peripheral_aresetn_BUFG[0]                                                                             |               21 |             32 |         1.52 |
|  design_1_i/zynq_ultra_ps_e_0/inst/pl_clk0 | design_1_i/HDC_Controller_AXI_W_0/U0/hdc_unit/accelerator_unit/majority_ram[48]_260[31]                                                                  | design_1_i/rst_ps8_0_99M/U0/peripheral_aresetn_BUFG[0]                                                                             |               17 |             32 |         1.88 |
|  design_1_i/zynq_ultra_ps_e_0/inst/pl_clk0 | design_1_i/HDC_Controller_AXI_W_0/U0/hdc_unit/accelerator_unit/majority_ram[70]_238[31]                                                                  | design_1_i/rst_ps8_0_99M/U0/peripheral_aresetn_BUFG[0]                                                                             |               18 |             32 |         1.78 |
|  design_1_i/zynq_ultra_ps_e_0/inst/pl_clk0 | design_1_i/HDC_Controller_AXI_W_0/U0/hdc_unit/accelerator_unit/majority_ram[71]_237[31]                                                                  | design_1_i/rst_ps8_0_99M/U0/peripheral_aresetn_BUFG[0]                                                                             |               16 |             32 |         2.00 |
|  design_1_i/zynq_ultra_ps_e_0/inst/pl_clk0 | design_1_i/HDC_Controller_AXI_W_0/U0/hdc_unit/accelerator_unit/majority_ram[72]_236[31]                                                                  | design_1_i/rst_ps8_0_99M/U0/peripheral_aresetn_BUFG[0]                                                                             |               17 |             32 |         1.88 |
|  design_1_i/zynq_ultra_ps_e_0/inst/pl_clk0 | design_1_i/HDC_Controller_AXI_W_0/U0/hdc_unit/accelerator_unit/majority_ram[51]_257[31]                                                                  | design_1_i/rst_ps8_0_99M/U0/peripheral_aresetn_BUFG[0]                                                                             |               19 |             32 |         1.68 |
|  design_1_i/zynq_ultra_ps_e_0/inst/pl_clk0 | design_1_i/HDC_Controller_AXI_W_0/U0/hdc_unit/accelerator_unit/majority_ram[38]_270[31]                                                                  | design_1_i/rst_ps8_0_99M/U0/peripheral_aresetn_BUFG[0]                                                                             |               17 |             32 |         1.88 |
|  design_1_i/zynq_ultra_ps_e_0/inst/pl_clk0 | design_1_i/HDC_Controller_AXI_W_0/U0/hdc_unit/accelerator_unit/majority_ram[302]_334[31]                                                                 | design_1_i/rst_ps8_0_99M/U0/peripheral_aresetn_BUFG[0]                                                                             |               17 |             32 |         1.88 |
|  design_1_i/zynq_ultra_ps_e_0/inst/pl_clk0 | design_1_i/HDC_Controller_AXI_W_0/U0/hdc_unit/accelerator_unit/majority_ram[29]_279[31]                                                                  | design_1_i/rst_ps8_0_99M/U0/peripheral_aresetn_BUFG[0]                                                                             |               17 |             32 |         1.88 |
|  design_1_i/zynq_ultra_ps_e_0/inst/pl_clk0 | design_1_i/HDC_Controller_AXI_W_0/U0/hdc_unit/accelerator_unit/majority_ram[307]_339[31]                                                                 | design_1_i/rst_ps8_0_99M/U0/peripheral_aresetn_BUFG[0]                                                                             |               18 |             32 |         1.78 |
|  design_1_i/zynq_ultra_ps_e_0/inst/pl_clk0 | design_1_i/HDC_Controller_AXI_W_0/U0/hdc_unit/accelerator_unit/majority_ram[30]_278[31]                                                                  | design_1_i/rst_ps8_0_99M/U0/peripheral_aresetn_BUFG[0]                                                                             |               14 |             32 |         2.29 |
|  design_1_i/zynq_ultra_ps_e_0/inst/pl_clk0 | design_1_i/HDC_Controller_AXI_W_0/U0/hdc_unit/accelerator_unit/majority_ram[2]_34[31]                                                                    | design_1_i/rst_ps8_0_99M/U0/peripheral_aresetn_BUFG[0]                                                                             |               11 |             32 |         2.91 |
|  design_1_i/zynq_ultra_ps_e_0/inst/pl_clk0 | design_1_i/HDC_Controller_AXI_W_0/U0/hdc_unit/accelerator_unit/majority_ram[36]_272[31]                                                                  | design_1_i/rst_ps8_0_99M/U0/peripheral_aresetn_BUFG[0]                                                                             |               14 |             32 |         2.29 |
|  design_1_i/zynq_ultra_ps_e_0/inst/pl_clk0 | design_1_i/HDC_Controller_AXI_W_0/U0/hdc_unit/accelerator_unit/majority_ram[304]_336[31]                                                                 | design_1_i/rst_ps8_0_99M/U0/peripheral_aresetn_BUFG[0]                                                                             |               22 |             32 |         1.45 |
|  design_1_i/zynq_ultra_ps_e_0/inst/pl_clk0 | design_1_i/HDC_Controller_AXI_W_0/U0/hdc_unit/accelerator_unit/majority_ram[42]_266[31]                                                                  | design_1_i/rst_ps8_0_99M/U0/peripheral_aresetn_BUFG[0]                                                                             |               18 |             32 |         1.78 |
|  design_1_i/zynq_ultra_ps_e_0/inst/pl_clk0 | design_1_i/HDC_Controller_AXI_W_0/U0/hdc_unit/accelerator_unit/majority_ram[45]_263[31]                                                                  | design_1_i/rst_ps8_0_99M/U0/peripheral_aresetn_BUFG[0]                                                                             |               19 |             32 |         1.68 |
|  design_1_i/zynq_ultra_ps_e_0/inst/pl_clk0 | design_1_i/HDC_Controller_AXI_W_0/U0/hdc_unit/accelerator_unit/majority_ram[52]_256[31]                                                                  | design_1_i/rst_ps8_0_99M/U0/peripheral_aresetn_BUFG[0]                                                                             |               19 |             32 |         1.68 |
|  design_1_i/zynq_ultra_ps_e_0/inst/pl_clk0 | design_1_i/HDC_Controller_AXI_W_0/U0/hdc_unit/accelerator_unit/majority_ram[56]_252[31]                                                                  | design_1_i/rst_ps8_0_99M/U0/peripheral_aresetn_BUFG[0]                                                                             |               11 |             32 |         2.91 |
|  design_1_i/zynq_ultra_ps_e_0/inst/pl_clk0 | design_1_i/HDC_Controller_AXI_W_0/U0/hdc_unit/accelerator_unit/majority_ram[40]_268[31]                                                                  | design_1_i/rst_ps8_0_99M/U0/peripheral_aresetn_BUFG[0]                                                                             |               19 |             32 |         1.68 |
|  design_1_i/zynq_ultra_ps_e_0/inst/pl_clk0 | design_1_i/HDC_Controller_AXI_W_0/U0/hdc_unit/accelerator_unit/majority_ram[57]_251[31]                                                                  | design_1_i/rst_ps8_0_99M/U0/peripheral_aresetn_BUFG[0]                                                                             |               21 |             32 |         1.52 |
|  design_1_i/zynq_ultra_ps_e_0/inst/pl_clk0 | design_1_i/HDC_Controller_AXI_W_0/U0/hdc_unit/accelerator_unit/majority_ram[62]_246[31]                                                                  | design_1_i/rst_ps8_0_99M/U0/peripheral_aresetn_BUFG[0]                                                                             |               17 |             32 |         1.88 |
|  design_1_i/zynq_ultra_ps_e_0/inst/pl_clk0 | design_1_i/HDC_Controller_AXI_W_0/U0/hdc_unit/accelerator_unit/majority_ram[54]_254[31]                                                                  | design_1_i/rst_ps8_0_99M/U0/peripheral_aresetn_BUFG[0]                                                                             |               16 |             32 |         2.00 |
|  design_1_i/zynq_ultra_ps_e_0/inst/pl_clk0 | design_1_i/HDC_Controller_AXI_W_0/U0/hdc_unit/accelerator_unit/majority_ram[60]_248[31]                                                                  | design_1_i/rst_ps8_0_99M/U0/peripheral_aresetn_BUFG[0]                                                                             |               17 |             32 |         1.88 |
|  design_1_i/zynq_ultra_ps_e_0/inst/pl_clk0 | design_1_i/HDC_Controller_AXI_W_0/U0/hdc_unit/accelerator_unit/majority_ram[34]_274[31]                                                                  | design_1_i/rst_ps8_0_99M/U0/peripheral_aresetn_BUFG[0]                                                                             |               16 |             32 |         2.00 |
|  design_1_i/zynq_ultra_ps_e_0/inst/pl_clk0 | design_1_i/HDC_Controller_AXI_W_0/U0/hdc_unit/accelerator_unit/majority_ram[61]_247[31]                                                                  | design_1_i/rst_ps8_0_99M/U0/peripheral_aresetn_BUFG[0]                                                                             |               15 |             32 |         2.13 |
|  design_1_i/zynq_ultra_ps_e_0/inst/pl_clk0 | design_1_i/HDC_Controller_AXI_W_0/U0/hdc_unit/accelerator_unit/majority_ram[63]_245[31]                                                                  | design_1_i/rst_ps8_0_99M/U0/peripheral_aresetn_BUFG[0]                                                                             |               19 |             32 |         1.68 |
|  design_1_i/zynq_ultra_ps_e_0/inst/pl_clk0 | design_1_i/HDC_Controller_AXI_W_0/U0/hdc_unit/accelerator_unit/majority_ram[64]_244[31]                                                                  | design_1_i/rst_ps8_0_99M/U0/peripheral_aresetn_BUFG[0]                                                                             |               17 |             32 |         1.88 |
|  design_1_i/zynq_ultra_ps_e_0/inst/pl_clk0 | design_1_i/HDC_Controller_AXI_W_0/U0/hdc_unit/accelerator_unit/majority_ram[65]_243[31]                                                                  | design_1_i/rst_ps8_0_99M/U0/peripheral_aresetn_BUFG[0]                                                                             |               12 |             32 |         2.67 |
|  design_1_i/zynq_ultra_ps_e_0/inst/pl_clk0 | design_1_i/HDC_Controller_AXI_W_0/U0/hdc_unit/accelerator_unit/majority_ram[66]_242[31]                                                                  | design_1_i/rst_ps8_0_99M/U0/peripheral_aresetn_BUFG[0]                                                                             |               18 |             32 |         1.78 |
|  design_1_i/zynq_ultra_ps_e_0/inst/pl_clk0 | design_1_i/HDC_Controller_AXI_W_0/U0/hdc_unit/accelerator_unit/majority_ram[46]_262[31]                                                                  | design_1_i/rst_ps8_0_99M/U0/peripheral_aresetn_BUFG[0]                                                                             |               17 |             32 |         1.88 |
|  design_1_i/zynq_ultra_ps_e_0/inst/pl_clk0 | design_1_i/HDC_Controller_AXI_W_0/U0/hdc_unit/accelerator_unit/majority_ram[300]_332[31]                                                                 | design_1_i/rst_ps8_0_99M/U0/peripheral_aresetn_BUFG[0]                                                                             |               16 |             32 |         2.00 |
|  design_1_i/zynq_ultra_ps_e_0/inst/pl_clk0 | design_1_i/HDC_Controller_AXI_W_0/U0/hdc_unit/accelerator_unit/majority_ram[308]_340[31]                                                                 | design_1_i/rst_ps8_0_99M/U0/peripheral_aresetn_BUFG[0]                                                                             |               12 |             32 |         2.67 |
|  design_1_i/zynq_ultra_ps_e_0/inst/pl_clk0 | design_1_i/HDC_Controller_AXI_W_0/U0/hdc_unit/accelerator_unit/majority_ram[305]_337[31]                                                                 | design_1_i/rst_ps8_0_99M/U0/peripheral_aresetn_BUFG[0]                                                                             |               16 |             32 |         2.00 |
|  design_1_i/zynq_ultra_ps_e_0/inst/pl_clk0 | design_1_i/HDC_Controller_AXI_W_0/U0/hdc_unit/accelerator_unit/majority_ram[47]_261[31]                                                                  | design_1_i/rst_ps8_0_99M/U0/peripheral_aresetn_BUFG[0]                                                                             |               19 |             32 |         1.68 |
|  design_1_i/zynq_ultra_ps_e_0/inst/pl_clk0 | design_1_i/HDC_Controller_AXI_W_0/U0/hdc_unit/accelerator_unit/majority_ram[67]_241[31]                                                                  | design_1_i/rst_ps8_0_99M/U0/peripheral_aresetn_BUFG[0]                                                                             |               15 |             32 |         2.13 |
|  design_1_i/zynq_ultra_ps_e_0/inst/pl_clk0 | design_1_i/HDC_Controller_AXI_W_0/U0/hdc_unit/accelerator_unit/majority_ram[41]_267[31]                                                                  | design_1_i/rst_ps8_0_99M/U0/peripheral_aresetn_BUFG[0]                                                                             |               19 |             32 |         1.68 |
|  design_1_i/zynq_ultra_ps_e_0/inst/pl_clk0 | design_1_i/HDC_Controller_AXI_W_0/U0/hdc_unit/accelerator_unit/majority_ram[73]_235[31]                                                                  | design_1_i/rst_ps8_0_99M/U0/peripheral_aresetn_BUFG[0]                                                                             |               19 |             32 |         1.68 |
|  design_1_i/zynq_ultra_ps_e_0/inst/pl_clk0 | design_1_i/HDC_Controller_AXI_W_0/U0/hdc_unit/accelerator_unit/majority_ram[32]_276[31]                                                                  | design_1_i/rst_ps8_0_99M/U0/peripheral_aresetn_BUFG[0]                                                                             |               19 |             32 |         1.68 |
|  design_1_i/zynq_ultra_ps_e_0/inst/pl_clk0 | design_1_i/HDC_Controller_AXI_W_0/U0/hdc_unit/accelerator_unit/majority_ram[31]_277[31]                                                                  | design_1_i/rst_ps8_0_99M/U0/peripheral_aresetn_BUFG[0]                                                                             |               18 |             32 |         1.78 |
|  design_1_i/zynq_ultra_ps_e_0/inst/pl_clk0 | design_1_i/HDC_Controller_AXI_W_0/U0/hdc_unit/accelerator_unit/majority_ram[35]_273[31]                                                                  | design_1_i/rst_ps8_0_99M/U0/peripheral_aresetn_BUFG[0]                                                                             |               13 |             32 |         2.46 |
|  design_1_i/zynq_ultra_ps_e_0/inst/pl_clk0 | design_1_i/HDC_Controller_AXI_W_0/U0/hdc_unit/accelerator_unit/majority_ram[58]_250[31]                                                                  | design_1_i/rst_ps8_0_99M/U0/peripheral_aresetn_BUFG[0]                                                                             |               14 |             32 |         2.29 |
|  design_1_i/zynq_ultra_ps_e_0/inst/pl_clk0 | design_1_i/HDC_Controller_AXI_W_0/U0/hdc_unit/accelerator_unit/majority_ram[55]_253[31]                                                                  | design_1_i/rst_ps8_0_99M/U0/peripheral_aresetn_BUFG[0]                                                                             |               12 |             32 |         2.67 |
|  design_1_i/zynq_ultra_ps_e_0/inst/pl_clk0 | design_1_i/HDC_Controller_AXI_W_0/U0/hdc_unit/accelerator_unit/majority_ram[310]_342[31]                                                                 | design_1_i/rst_ps8_0_99M/U0/peripheral_aresetn_BUFG[0]                                                                             |               15 |             32 |         2.13 |
|  design_1_i/zynq_ultra_ps_e_0/inst/pl_clk0 | design_1_i/HDC_Controller_AXI_W_0/U0/hdc_unit/accelerator_unit/majority_ram[303]_335[31]                                                                 | design_1_i/rst_ps8_0_99M/U0/peripheral_aresetn_BUFG[0]                                                                             |               16 |             32 |         2.00 |
|  design_1_i/zynq_ultra_ps_e_0/inst/pl_clk0 | design_1_i/HDC_Controller_AXI_W_0/U0/hdc_unit/accelerator_unit/majority_ram[43]_265[31]                                                                  | design_1_i/rst_ps8_0_99M/U0/peripheral_aresetn_BUFG[0]                                                                             |               19 |             32 |         1.68 |
|  design_1_i/zynq_ultra_ps_e_0/inst/pl_clk0 | design_1_i/HDC_Controller_AXI_W_0/U0/hdc_unit/accelerator_unit/majority_ram[44]_264[31]                                                                  | design_1_i/rst_ps8_0_99M/U0/peripheral_aresetn_BUFG[0]                                                                             |               15 |             32 |         2.13 |
|  design_1_i/zynq_ultra_ps_e_0/inst/pl_clk0 | design_1_i/HDC_Controller_AXI_W_0/U0/hdc_unit/accelerator_unit/majority_ram[301]_333[31]                                                                 | design_1_i/rst_ps8_0_99M/U0/peripheral_aresetn_BUFG[0]                                                                             |               16 |             32 |         2.00 |
|  design_1_i/zynq_ultra_ps_e_0/inst/pl_clk0 | design_1_i/HDC_Controller_AXI_W_0/U0/hdc_unit/accelerator_unit/majority_ram[3]_35[31]                                                                    | design_1_i/rst_ps8_0_99M/U0/peripheral_aresetn_BUFG[0]                                                                             |               16 |             32 |         2.00 |
|  design_1_i/zynq_ultra_ps_e_0/inst/pl_clk0 | design_1_i/HDC_Controller_AXI_W_0/U0/hdc_unit/accelerator_unit/majority_ram[306]_338[31]                                                                 | design_1_i/rst_ps8_0_99M/U0/peripheral_aresetn_BUFG[0]                                                                             |               14 |             32 |         2.29 |
|  design_1_i/zynq_ultra_ps_e_0/inst/pl_clk0 | design_1_i/HDC_Controller_AXI_W_0/U0/hdc_unit/accelerator_unit/majority_ram[49]_259[31]                                                                  | design_1_i/rst_ps8_0_99M/U0/peripheral_aresetn_BUFG[0]                                                                             |               18 |             32 |         1.78 |
|  design_1_i/zynq_ultra_ps_e_0/inst/pl_clk0 | design_1_i/HDC_Controller_AXI_W_0/U0/hdc_unit/accelerator_unit/majority_ram[4]_36[31]                                                                    | design_1_i/rst_ps8_0_99M/U0/peripheral_aresetn_BUFG[0]                                                                             |               16 |             32 |         2.00 |
|  design_1_i/zynq_ultra_ps_e_0/inst/pl_clk0 | design_1_i/HDC_Controller_AXI_W_0/U0/hdc_unit/accelerator_unit/majority_ram[53]_255[31]                                                                  | design_1_i/rst_ps8_0_99M/U0/peripheral_aresetn_BUFG[0]                                                                             |               15 |             32 |         2.13 |
|  design_1_i/zynq_ultra_ps_e_0/inst/pl_clk0 | design_1_i/HDC_Controller_AXI_W_0/U0/hdc_unit/accelerator_unit/majority_ram[59]_249[31]                                                                  | design_1_i/rst_ps8_0_99M/U0/peripheral_aresetn_BUFG[0]                                                                             |               13 |             32 |         2.46 |
|  design_1_i/zynq_ultra_ps_e_0/inst/pl_clk0 | design_1_i/HDC_Controller_AXI_W_0/U0/hdc_unit/accelerator_unit/majority_ram[5]_37[31]                                                                    | design_1_i/rst_ps8_0_99M/U0/peripheral_aresetn_BUFG[0]                                                                             |               16 |             32 |         2.00 |
|  design_1_i/zynq_ultra_ps_e_0/inst/pl_clk0 | design_1_i/HDC_Controller_AXI_W_0/U0/hdc_unit/accelerator_unit/majority_ram[89]_219[31]                                                                  | design_1_i/rst_ps8_0_99M/U0/peripheral_aresetn_BUFG[0]                                                                             |               18 |             32 |         1.78 |
|  design_1_i/zynq_ultra_ps_e_0/inst/pl_clk0 | design_1_i/HDC_Controller_AXI_W_0/U0/hdc_unit/accelerator_unit/majority_ram[99]_209[31]                                                                  | design_1_i/rst_ps8_0_99M/U0/peripheral_aresetn_BUFG[0]                                                                             |               14 |             32 |         2.29 |
|  design_1_i/zynq_ultra_ps_e_0/inst/pl_clk0 | design_1_i/HDC_Controller_AXI_W_0/U0/hdc_unit/accelerator_unit/majority_ram[77]_231[31]                                                                  | design_1_i/rst_ps8_0_99M/U0/peripheral_aresetn_BUFG[0]                                                                             |               15 |             32 |         2.13 |
|  design_1_i/zynq_ultra_ps_e_0/inst/pl_clk0 | design_1_i/HDC_Controller_AXI_W_0/U0/hdc_unit/accelerator_unit/majority_ram[95]_213[31]                                                                  | design_1_i/rst_ps8_0_99M/U0/peripheral_aresetn_BUFG[0]                                                                             |               21 |             32 |         1.52 |
|  design_1_i/zynq_ultra_ps_e_0/inst/pl_clk0 | design_1_i/HDC_Controller_AXI_W_0/U0/hdc_unit/accelerator_unit/majority_ram[96]_212[31]                                                                  | design_1_i/rst_ps8_0_99M/U0/peripheral_aresetn_BUFG[0]                                                                             |               14 |             32 |         2.29 |
|  design_1_i/zynq_ultra_ps_e_0/inst/pl_clk0 | design_1_i/HDC_Controller_AXI_W_0/U0/hdc_unit/accelerator_unit/majority_ram[93]_215[31]                                                                  | design_1_i/rst_ps8_0_99M/U0/peripheral_aresetn_BUFG[0]                                                                             |               12 |             32 |         2.67 |
|  design_1_i/zynq_ultra_ps_e_0/inst/pl_clk0 | design_1_i/HDC_Controller_AXI_W_0/U0/hdc_unit/accelerator_unit/majority_ram[85]_223[31]                                                                  | design_1_i/rst_ps8_0_99M/U0/peripheral_aresetn_BUFG[0]                                                                             |               17 |             32 |         1.88 |
|  design_1_i/zynq_ultra_ps_e_0/inst/pl_clk0 | design_1_i/HDC_Controller_AXI_W_0/U0/hdc_unit/accelerator_unit/majority_ram[79]_229[31]                                                                  | design_1_i/rst_ps8_0_99M/U0/peripheral_aresetn_BUFG[0]                                                                             |               22 |             32 |         1.45 |
|  design_1_i/zynq_ultra_ps_e_0/inst/pl_clk0 | design_1_i/HDC_Controller_AXI_W_0/U0/hdc_unit/accelerator_unit/majority_ram[76]_232[31]                                                                  | design_1_i/rst_ps8_0_99M/U0/peripheral_aresetn_BUFG[0]                                                                             |               15 |             32 |         2.13 |
|  design_1_i/zynq_ultra_ps_e_0/inst/pl_clk0 | design_1_i/HDC_Controller_AXI_W_0/U0/hdc_unit/accelerator_unit/majority_ram[80]_228[31]                                                                  | design_1_i/rst_ps8_0_99M/U0/peripheral_aresetn_BUFG[0]                                                                             |               16 |             32 |         2.00 |
|  design_1_i/zynq_ultra_ps_e_0/inst/pl_clk0 | design_1_i/HDC_Controller_AXI_W_0/U0/hdc_unit/accelerator_unit/majority_ram[7]_39[31]                                                                    | design_1_i/rst_ps8_0_99M/U0/peripheral_aresetn_BUFG[0]                                                                             |               24 |             32 |         1.33 |
|  design_1_i/zynq_ultra_ps_e_0/inst/pl_clk0 | design_1_i/HDC_Controller_AXI_W_0/U0/hdc_unit/accelerator_unit/majority_ram[92]_216[31]                                                                  | design_1_i/rst_ps8_0_99M/U0/peripheral_aresetn_BUFG[0]                                                                             |               13 |             32 |         2.46 |
|  design_1_i/zynq_ultra_ps_e_0/inst/pl_clk0 | design_1_i/HDC_Controller_AXI_W_0/U0/hdc_unit/accelerator_unit/majority_ram[84]_224[31]                                                                  | design_1_i/rst_ps8_0_99M/U0/peripheral_aresetn_BUFG[0]                                                                             |               15 |             32 |         2.13 |
|  design_1_i/zynq_ultra_ps_e_0/inst/pl_clk0 | design_1_i/HDC_Controller_AXI_W_0/U0/hdc_unit/accelerator_unit/majority_ram[98]_210[31]                                                                  | design_1_i/rst_ps8_0_99M/U0/peripheral_aresetn_BUFG[0]                                                                             |               19 |             32 |         1.68 |
|  design_1_i/zynq_ultra_ps_e_0/inst/pl_clk0 | design_1_i/HDC_Controller_AXI_W_0/U0/hdc_unit/accelerator_unit/majority_ram[91]_217[31]                                                                  | design_1_i/rst_ps8_0_99M/U0/peripheral_aresetn_BUFG[0]                                                                             |               14 |             32 |         2.29 |
|  design_1_i/zynq_ultra_ps_e_0/inst/pl_clk0 | design_1_i/HDC_Controller_AXI_W_0/U0/hdc_unit/accelerator_unit/majority_ram[87]_221[31]                                                                  | design_1_i/rst_ps8_0_99M/U0/peripheral_aresetn_BUFG[0]                                                                             |               18 |             32 |         1.78 |
|  design_1_i/zynq_ultra_ps_e_0/inst/pl_clk0 | design_1_i/HDC_Controller_AXI_W_0/U0/hdc_unit/accelerator_unit/majority_ram[9]_41[31]                                                                    | design_1_i/rst_ps8_0_99M/U0/peripheral_aresetn_BUFG[0]                                                                             |               18 |             32 |         1.78 |
|  design_1_i/zynq_ultra_ps_e_0/inst/pl_clk0 | design_1_i/HDC_Controller_AXI_W_0/U0/hdc_unit/accelerator_unit/majority_ram[90]_218[31]                                                                  | design_1_i/rst_ps8_0_99M/U0/peripheral_aresetn_BUFG[0]                                                                             |               12 |             32 |         2.67 |
|  design_1_i/zynq_ultra_ps_e_0/inst/pl_clk0 | design_1_i/HDC_Controller_AXI_W_0/U0/hdc_unit/accelerator_unit/majority_ram[74]_234[31]                                                                  | design_1_i/rst_ps8_0_99M/U0/peripheral_aresetn_BUFG[0]                                                                             |               16 |             32 |         2.00 |
|  design_1_i/zynq_ultra_ps_e_0/inst/pl_clk0 | design_1_i/HDC_Controller_AXI_W_0/U0/hdc_unit/accelerator_unit/majority_ram[82]_226[31]                                                                  | design_1_i/rst_ps8_0_99M/U0/peripheral_aresetn_BUFG[0]                                                                             |               23 |             32 |         1.39 |
|  design_1_i/zynq_ultra_ps_e_0/inst/pl_clk0 | design_1_i/HDC_Controller_AXI_W_0/U0/hdc_unit/accelerator_unit/majority_ram[81]_227[31]                                                                  | design_1_i/rst_ps8_0_99M/U0/peripheral_aresetn_BUFG[0]                                                                             |               20 |             32 |         1.60 |
|  design_1_i/zynq_ultra_ps_e_0/inst/pl_clk0 | design_1_i/HDC_Controller_AXI_W_0/U0/hdc_unit/accelerator_unit/majority_ram[94]_214[31]                                                                  | design_1_i/rst_ps8_0_99M/U0/peripheral_aresetn_BUFG[0]                                                                             |               18 |             32 |         1.78 |
|  design_1_i/zynq_ultra_ps_e_0/inst/pl_clk0 | design_1_i/HDC_Controller_AXI_W_0/U0/hdc_unit/accelerator_unit/majority_ram[75]_233[31]                                                                  | design_1_i/rst_ps8_0_99M/U0/peripheral_aresetn_BUFG[0]                                                                             |               17 |             32 |         1.88 |
|  design_1_i/zynq_ultra_ps_e_0/inst/pl_clk0 | design_1_i/HDC_Controller_AXI_W_0/U0/hdc_unit/accelerator_unit/majority_ram[88]_220[31]                                                                  | design_1_i/rst_ps8_0_99M/U0/peripheral_aresetn_BUFG[0]                                                                             |               19 |             32 |         1.68 |
|  design_1_i/zynq_ultra_ps_e_0/inst/pl_clk0 | design_1_i/HDC_Controller_AXI_W_0/U0/hdc_unit/accelerator_unit/majority_ram[78]_230[31]                                                                  | design_1_i/rst_ps8_0_99M/U0/peripheral_aresetn_BUFG[0]                                                                             |               19 |             32 |         1.68 |
|  design_1_i/zynq_ultra_ps_e_0/inst/pl_clk0 | design_1_i/HDC_Controller_AXI_W_0/U0/hdc_unit/accelerator_unit/majority_ram[83]_225[31]                                                                  | design_1_i/rst_ps8_0_99M/U0/peripheral_aresetn_BUFG[0]                                                                             |               18 |             32 |         1.78 |
|  design_1_i/zynq_ultra_ps_e_0/inst/pl_clk0 | design_1_i/HDC_Controller_AXI_W_0/U0/hdc_unit/accelerator_unit/majority_ram[86]_222[31]                                                                  | design_1_i/rst_ps8_0_99M/U0/peripheral_aresetn_BUFG[0]                                                                             |               17 |             32 |         1.88 |
|  design_1_i/zynq_ultra_ps_e_0/inst/pl_clk0 | design_1_i/HDC_Controller_AXI_W_0/U0/hdc_unit/accelerator_unit/majority_ram[8]_40[31]                                                                    | design_1_i/rst_ps8_0_99M/U0/peripheral_aresetn_BUFG[0]                                                                             |               18 |             32 |         1.78 |
|  design_1_i/zynq_ultra_ps_e_0/inst/pl_clk0 | design_1_i/HDC_Controller_AXI_W_0/U0/hdc_unit/accelerator_unit/majority_ram[97]_211[31]                                                                  | design_1_i/rst_ps8_0_99M/U0/peripheral_aresetn_BUFG[0]                                                                             |               15 |             32 |         2.13 |
|  design_1_i/zynq_ultra_ps_e_0/inst/pl_clk0 | design_1_i/HDC_Controller_AXI_W_0/U0/hdc_unit/accelerator_unit/ACTIVE_LOW_PR_OUT_DFF[0].FDRE_PER_N                                                       |                                                                                                                                    |                4 |             32 |         8.00 |
|  design_1_i/zynq_ultra_ps_e_0/inst/pl_clk0 | design_1_i/ps8_0_axi_periph/s00_couplers/auto_pc/inst/gen_axilite.gen_b2s_conv.axilite_b2s/RD.r_channel_0/rd_data_fifo_0/wr_en0                          |                                                                                                                                    |                5 |             32 |         6.40 |
|  design_1_i/zynq_ultra_ps_e_0/inst/pl_clk0 | design_1_i/HDC_Controller_AXI_W_0/U0/hdc_unit/MAJ_CLASS_IDX[0]_i_1_n_0                                                                                   |                                                                                                                                    |                4 |             32 |         8.00 |
|  design_1_i/zynq_ultra_ps_e_0/inst/pl_clk0 | design_1_i/HDC_Controller_AXI_W_0/U0/hdc_unit/accelerator_unit/majority_ram[309]_341[31]                                                                 | design_1_i/rst_ps8_0_99M/U0/peripheral_aresetn_BUFG[0]                                                                             |               17 |             32 |         1.88 |
|  design_1_i/zynq_ultra_ps_e_0/inst/pl_clk0 | design_1_i/HDC_Controller_AXI_W_0/U0/hdc_unit/accelerator_unit/majority_ram[12]_44[31]                                                                   | design_1_i/rst_ps8_0_99M/U0/peripheral_aresetn_BUFG[0]                                                                             |               17 |             32 |         1.88 |
|  design_1_i/zynq_ultra_ps_e_0/inst/pl_clk0 | design_1_i/HDC_Controller_AXI_W_0/U0/hdc_unit/accelerator_unit/majority_ram[123]_185[31]                                                                 | design_1_i/rst_ps8_0_99M/U0/peripheral_aresetn_BUFG[0]                                                                             |               16 |             32 |         2.00 |
|  design_1_i/zynq_ultra_ps_e_0/inst/pl_clk0 | design_1_i/HDC_Controller_AXI_W_0/U0/hdc_unit/accelerator_unit/majority_ram[124]_184[31]                                                                 | design_1_i/rst_ps8_0_99M/U0/peripheral_aresetn_BUFG[0]                                                                             |               19 |             32 |         1.68 |
|  design_1_i/zynq_ultra_ps_e_0/inst/pl_clk0 | design_1_i/HDC_Controller_AXI_W_0/U0/hdc_unit/accelerator_unit/majority_ram[110]_198[31]                                                                 | design_1_i/rst_ps8_0_99M/U0/peripheral_aresetn_BUFG[0]                                                                             |               20 |             32 |         1.60 |
|  design_1_i/zynq_ultra_ps_e_0/inst/pl_clk0 | design_1_i/HDC_Controller_AXI_W_0/U0/hdc_unit/accelerator_unit/majority_ram[125]_183[31]                                                                 | design_1_i/rst_ps8_0_99M/U0/peripheral_aresetn_BUFG[0]                                                                             |               10 |             32 |         3.20 |
|  design_1_i/zynq_ultra_ps_e_0/inst/pl_clk0 | design_1_i/HDC_Controller_AXI_W_0/U0/hdc_unit/accelerator_unit/majority_ram[102]_206[31]                                                                 | design_1_i/rst_ps8_0_99M/U0/peripheral_aresetn_BUFG[0]                                                                             |               13 |             32 |         2.46 |
|  design_1_i/zynq_ultra_ps_e_0/inst/pl_clk0 | design_1_i/HDC_Controller_AXI_W_0/U0/hdc_unit/accelerator_unit/majority_ram[103]_205[31]                                                                 | design_1_i/rst_ps8_0_99M/U0/peripheral_aresetn_BUFG[0]                                                                             |               12 |             32 |         2.67 |
|  design_1_i/zynq_ultra_ps_e_0/inst/pl_clk0 | design_1_i/HDC_Controller_AXI_W_0/U0/hdc_unit/accelerator_unit/majority_ram[104]_204[31]                                                                 | design_1_i/rst_ps8_0_99M/U0/peripheral_aresetn_BUFG[0]                                                                             |               15 |             32 |         2.13 |
|  design_1_i/zynq_ultra_ps_e_0/inst/pl_clk0 | design_1_i/HDC_Controller_AXI_W_0/U0/hdc_unit/accelerator_unit/majority_ram[101]_207[31]                                                                 | design_1_i/rst_ps8_0_99M/U0/peripheral_aresetn_BUFG[0]                                                                             |               15 |             32 |         2.13 |
|  design_1_i/zynq_ultra_ps_e_0/inst/pl_clk0 | design_1_i/HDC_Controller_AXI_W_0/U0/hdc_unit/accelerator_unit/majority_ram[10]_42[31]                                                                   | design_1_i/rst_ps8_0_99M/U0/peripheral_aresetn_BUFG[0]                                                                             |               16 |             32 |         2.00 |
|  design_1_i/zynq_ultra_ps_e_0/inst/pl_clk0 | design_1_i/HDC_Controller_AXI_W_0/U0/hdc_unit/accelerator_unit/majority_ram[114]_194[31]                                                                 | design_1_i/rst_ps8_0_99M/U0/peripheral_aresetn_BUFG[0]                                                                             |               17 |             32 |         1.88 |
|  design_1_i/zynq_ultra_ps_e_0/inst/pl_clk0 | design_1_i/HDC_Controller_AXI_W_0/U0/hdc_unit/accelerator_unit/majority_ram[116]_192[31]                                                                 | design_1_i/rst_ps8_0_99M/U0/peripheral_aresetn_BUFG[0]                                                                             |               19 |             32 |         1.68 |
|  design_1_i/zynq_ultra_ps_e_0/inst/pl_clk0 | design_1_i/HDC_Controller_AXI_W_0/U0/hdc_unit/accelerator_unit/majority_ram[120]_188[31]                                                                 | design_1_i/rst_ps8_0_99M/U0/peripheral_aresetn_BUFG[0]                                                                             |               14 |             32 |         2.29 |
|  design_1_i/zynq_ultra_ps_e_0/inst/pl_clk0 | design_1_i/HDC_Controller_AXI_W_0/U0/hdc_unit/accelerator_unit/majority_ram[106]_202[31]                                                                 | design_1_i/rst_ps8_0_99M/U0/peripheral_aresetn_BUFG[0]                                                                             |               10 |             32 |         3.20 |
|  design_1_i/zynq_ultra_ps_e_0/inst/pl_clk0 | design_1_i/HDC_Controller_AXI_W_0/U0/hdc_unit/accelerator_unit/majority_ram[105]_203[31]                                                                 | design_1_i/rst_ps8_0_99M/U0/peripheral_aresetn_BUFG[0]                                                                             |               17 |             32 |         1.88 |
|  design_1_i/zynq_ultra_ps_e_0/inst/pl_clk0 | design_1_i/HDC_Controller_AXI_W_0/U0/hdc_unit/accelerator_unit/majority_ram[107]_201[31]                                                                 | design_1_i/rst_ps8_0_99M/U0/peripheral_aresetn_BUFG[0]                                                                             |               12 |             32 |         2.67 |
|  design_1_i/zynq_ultra_ps_e_0/inst/pl_clk0 | design_1_i/HDC_Controller_AXI_W_0/U0/hdc_unit/accelerator_unit/majority_ram[108]_200[31]                                                                 | design_1_i/rst_ps8_0_99M/U0/peripheral_aresetn_BUFG[0]                                                                             |               12 |             32 |         2.67 |
|  design_1_i/zynq_ultra_ps_e_0/inst/pl_clk0 | design_1_i/HDC_Controller_AXI_W_0/U0/hdc_unit/accelerator_unit/majority_ram[0]_32[31]                                                                    | design_1_i/rst_ps8_0_99M/U0/peripheral_aresetn_BUFG[0]                                                                             |               18 |             32 |         1.78 |
|  design_1_i/zynq_ultra_ps_e_0/inst/pl_clk0 | design_1_i/HDC_Controller_AXI_W_0/U0/hdc_unit/accelerator_unit/majority_ram[111]_197[31]                                                                 | design_1_i/rst_ps8_0_99M/U0/peripheral_aresetn_BUFG[0]                                                                             |               22 |             32 |         1.45 |
|  design_1_i/zynq_ultra_ps_e_0/inst/pl_clk0 | design_1_i/HDC_Controller_AXI_W_0/U0/hdc_unit/accelerator_unit/majority_ram[113]_195[31]                                                                 | design_1_i/rst_ps8_0_99M/U0/peripheral_aresetn_BUFG[0]                                                                             |               15 |             32 |         2.13 |
|  design_1_i/zynq_ultra_ps_e_0/inst/pl_clk0 | design_1_i/HDC_Controller_AXI_W_0/U0/hdc_unit/accelerator_unit/majority_ram[115]_193[31]                                                                 | design_1_i/rst_ps8_0_99M/U0/peripheral_aresetn_BUFG[0]                                                                             |               16 |             32 |         2.00 |
|  design_1_i/zynq_ultra_ps_e_0/inst/pl_clk0 | design_1_i/HDC_Controller_AXI_W_0/U0/hdc_unit/accelerator_unit/majority_ram[100]_208[31]                                                                 | design_1_i/rst_ps8_0_99M/U0/peripheral_aresetn_BUFG[0]                                                                             |               15 |             32 |         2.13 |
|  design_1_i/zynq_ultra_ps_e_0/inst/pl_clk0 | design_1_i/HDC_Controller_AXI_W_0/U0/hdc_unit/accelerator_unit/majority_ram[109]_199[31]                                                                 | design_1_i/rst_ps8_0_99M/U0/peripheral_aresetn_BUFG[0]                                                                             |               16 |             32 |         2.00 |
|  design_1_i/zynq_ultra_ps_e_0/inst/pl_clk0 | design_1_i/HDC_Controller_AXI_W_0/U0/hdc_unit/accelerator_unit/majority_ram[112]_196[31]                                                                 | design_1_i/rst_ps8_0_99M/U0/peripheral_aresetn_BUFG[0]                                                                             |               16 |             32 |         2.00 |
|  design_1_i/zynq_ultra_ps_e_0/inst/pl_clk0 | design_1_i/HDC_Controller_AXI_W_0/U0/hdc_unit/accelerator_unit/majority_ram[117]_191[31]                                                                 | design_1_i/rst_ps8_0_99M/U0/peripheral_aresetn_BUFG[0]                                                                             |               16 |             32 |         2.00 |
|  design_1_i/zynq_ultra_ps_e_0/inst/pl_clk0 | design_1_i/HDC_Controller_AXI_W_0/U0/hdc_unit/accelerator_unit/majority_ram[118]_190[31]                                                                 | design_1_i/rst_ps8_0_99M/U0/peripheral_aresetn_BUFG[0]                                                                             |               14 |             32 |         2.29 |
|  design_1_i/zynq_ultra_ps_e_0/inst/pl_clk0 | design_1_i/HDC_Controller_AXI_W_0/U0/hdc_unit/accelerator_unit/majority_ram[119]_189[31]                                                                 | design_1_i/rst_ps8_0_99M/U0/peripheral_aresetn_BUFG[0]                                                                             |               14 |             32 |         2.29 |
|  design_1_i/zynq_ultra_ps_e_0/inst/pl_clk0 | design_1_i/HDC_Controller_AXI_W_0/U0/hdc_unit/accelerator_unit/majority_ram[11]_43[31]                                                                   | design_1_i/rst_ps8_0_99M/U0/peripheral_aresetn_BUFG[0]                                                                             |               19 |             32 |         1.68 |
|  design_1_i/zynq_ultra_ps_e_0/inst/pl_clk0 | design_1_i/HDC_Controller_AXI_W_0/U0/hdc_unit/am_buffer_ram_reg[0]0                                                                                      |                                                                                                                                    |               15 |             32 |         2.13 |
|  design_1_i/zynq_ultra_ps_e_0/inst/pl_clk0 | design_1_i/HDC_Controller_AXI_W_0/U0/hdc_unit/am_buffer_ram_reg[100]0                                                                                    |                                                                                                                                    |               17 |             32 |         1.88 |
|  design_1_i/zynq_ultra_ps_e_0/inst/pl_clk0 | design_1_i/HDC_Controller_AXI_W_0/U0/hdc_unit/am_buffer_ram_reg[101]0                                                                                    |                                                                                                                                    |               14 |             32 |         2.29 |
|  design_1_i/zynq_ultra_ps_e_0/inst/pl_clk0 | design_1_i/HDC_Controller_AXI_W_0/U0/hdc_unit/am_buffer_ram_reg[102]0                                                                                    |                                                                                                                                    |               22 |             32 |         1.45 |
|  design_1_i/zynq_ultra_ps_e_0/inst/pl_clk0 | design_1_i/HDC_Controller_AXI_W_0/U0/hdc_unit/am_buffer_ram_reg[120]0                                                                                    |                                                                                                                                    |               25 |             32 |         1.28 |
|  design_1_i/zynq_ultra_ps_e_0/inst/pl_clk0 | design_1_i/HDC_Controller_AXI_W_0/U0/hdc_unit/am_buffer_ram_reg[123]0                                                                                    |                                                                                                                                    |               22 |             32 |         1.45 |
|  design_1_i/zynq_ultra_ps_e_0/inst/pl_clk0 | design_1_i/HDC_Controller_AXI_W_0/U0/hdc_unit/am_buffer_ram_reg[12]0                                                                                     |                                                                                                                                    |               18 |             32 |         1.78 |
|  design_1_i/zynq_ultra_ps_e_0/inst/pl_clk0 | design_1_i/HDC_Controller_AXI_W_0/U0/hdc_unit/am_buffer_ram_reg[136]0                                                                                    |                                                                                                                                    |               17 |             32 |         1.88 |
|  design_1_i/zynq_ultra_ps_e_0/inst/pl_clk0 | design_1_i/HDC_Controller_AXI_W_0/U0/hdc_unit/am_buffer_ram_reg[125]0                                                                                    |                                                                                                                                    |               17 |             32 |         1.88 |
|  design_1_i/zynq_ultra_ps_e_0/inst/pl_clk0 | design_1_i/HDC_Controller_AXI_W_0/U0/hdc_unit/am_buffer_ram_reg[133]0                                                                                    |                                                                                                                                    |               20 |             32 |         1.60 |
|  design_1_i/zynq_ultra_ps_e_0/inst/pl_clk0 | design_1_i/HDC_Controller_AXI_W_0/U0/hdc_unit/am_buffer_ram_reg[143]0                                                                                    |                                                                                                                                    |               19 |             32 |         1.68 |
|  design_1_i/zynq_ultra_ps_e_0/inst/pl_clk0 | design_1_i/HDC_Controller_AXI_W_0/U0/hdc_unit/am_buffer_ram_reg[149]0                                                                                    |                                                                                                                                    |               21 |             32 |         1.52 |
|  design_1_i/zynq_ultra_ps_e_0/inst/pl_clk0 | design_1_i/HDC_Controller_AXI_W_0/U0/hdc_unit/am_buffer_ram_reg[150]0                                                                                    |                                                                                                                                    |               19 |             32 |         1.68 |
|  design_1_i/zynq_ultra_ps_e_0/inst/pl_clk0 | design_1_i/HDC_Controller_AXI_W_0/U0/hdc_unit/am_buffer_ram_reg[13]0                                                                                     |                                                                                                                                    |               14 |             32 |         2.29 |
|  design_1_i/zynq_ultra_ps_e_0/inst/pl_clk0 | design_1_i/HDC_Controller_AXI_W_0/U0/hdc_unit/am_buffer_ram_reg[105]0                                                                                    |                                                                                                                                    |               21 |             32 |         1.52 |
|  design_1_i/zynq_ultra_ps_e_0/inst/pl_clk0 | design_1_i/HDC_Controller_AXI_W_0/U0/hdc_unit/am_buffer_ram_reg[112]0                                                                                    |                                                                                                                                    |               23 |             32 |         1.39 |
|  design_1_i/zynq_ultra_ps_e_0/inst/pl_clk0 | design_1_i/HDC_Controller_AXI_W_0/U0/hdc_unit/am_buffer_ram_reg[130]0                                                                                    |                                                                                                                                    |               11 |             32 |         2.91 |
|  design_1_i/zynq_ultra_ps_e_0/inst/pl_clk0 | design_1_i/HDC_Controller_AXI_W_0/U0/hdc_unit/am_buffer_ram_reg[132]0                                                                                    |                                                                                                                                    |               19 |             32 |         1.68 |
|  design_1_i/zynq_ultra_ps_e_0/inst/pl_clk0 | design_1_i/HDC_Controller_AXI_W_0/U0/hdc_unit/am_buffer_ram_reg[129]0                                                                                    |                                                                                                                                    |               12 |             32 |         2.67 |
|  design_1_i/zynq_ultra_ps_e_0/inst/pl_clk0 | design_1_i/HDC_Controller_AXI_W_0/U0/hdc_unit/am_buffer_ram_reg[121]0                                                                                    |                                                                                                                                    |               12 |             32 |         2.67 |
|  design_1_i/zynq_ultra_ps_e_0/inst/pl_clk0 | design_1_i/HDC_Controller_AXI_W_0/U0/hdc_unit/am_buffer_ram_reg[139]0                                                                                    |                                                                                                                                    |               19 |             32 |         1.68 |
|  design_1_i/zynq_ultra_ps_e_0/inst/pl_clk0 | design_1_i/HDC_Controller_AXI_W_0/U0/hdc_unit/am_buffer_ram_reg[107]0                                                                                    |                                                                                                                                    |               15 |             32 |         2.13 |
|  design_1_i/zynq_ultra_ps_e_0/inst/pl_clk0 | design_1_i/HDC_Controller_AXI_W_0/U0/hdc_unit/am_buffer_ram_reg[117]0                                                                                    |                                                                                                                                    |               15 |             32 |         2.13 |
|  design_1_i/zynq_ultra_ps_e_0/inst/pl_clk0 | design_1_i/HDC_Controller_AXI_W_0/U0/hdc_unit/am_buffer_ram_reg[128]0                                                                                    |                                                                                                                                    |               18 |             32 |         1.78 |
|  design_1_i/zynq_ultra_ps_e_0/inst/pl_clk0 | design_1_i/HDC_Controller_AXI_W_0/U0/hdc_unit/am_buffer_ram_reg[115]0                                                                                    |                                                                                                                                    |               12 |             32 |         2.67 |
|  design_1_i/zynq_ultra_ps_e_0/inst/pl_clk0 | design_1_i/HDC_Controller_AXI_W_0/U0/hdc_unit/am_buffer_ram_reg[135]0                                                                                    |                                                                                                                                    |               17 |             32 |         1.88 |
|  design_1_i/zynq_ultra_ps_e_0/inst/pl_clk0 | design_1_i/HDC_Controller_AXI_W_0/U0/hdc_unit/am_buffer_ram_reg[138]0                                                                                    |                                                                                                                                    |               15 |             32 |         2.13 |
|  design_1_i/zynq_ultra_ps_e_0/inst/pl_clk0 | design_1_i/HDC_Controller_AXI_W_0/U0/hdc_unit/am_buffer_ram_reg[134]0                                                                                    |                                                                                                                                    |               23 |             32 |         1.39 |
|  design_1_i/zynq_ultra_ps_e_0/inst/pl_clk0 | design_1_i/HDC_Controller_AXI_W_0/U0/hdc_unit/am_buffer_ram_reg[140]0                                                                                    |                                                                                                                                    |               22 |             32 |         1.45 |
|  design_1_i/zynq_ultra_ps_e_0/inst/pl_clk0 | design_1_i/HDC_Controller_AXI_W_0/U0/hdc_unit/am_buffer_ram_reg[146]0                                                                                    |                                                                                                                                    |               15 |             32 |         2.13 |
|  design_1_i/zynq_ultra_ps_e_0/inst/pl_clk0 | design_1_i/HDC_Controller_AXI_W_0/U0/hdc_unit/am_buffer_ram_reg[122]0                                                                                    |                                                                                                                                    |               13 |             32 |         2.46 |
|  design_1_i/zynq_ultra_ps_e_0/inst/pl_clk0 | design_1_i/HDC_Controller_AXI_W_0/U0/hdc_unit/am_buffer_ram_reg[126]0                                                                                    |                                                                                                                                    |               23 |             32 |         1.39 |
|  design_1_i/zynq_ultra_ps_e_0/inst/pl_clk0 | design_1_i/HDC_Controller_AXI_W_0/U0/hdc_unit/am_buffer_ram_reg[148]0                                                                                    |                                                                                                                                    |               23 |             32 |         1.39 |
|  design_1_i/zynq_ultra_ps_e_0/inst/pl_clk0 | design_1_i/HDC_Controller_AXI_W_0/U0/hdc_unit/am_buffer_ram_reg[14]0                                                                                     |                                                                                                                                    |               14 |             32 |         2.29 |
|  design_1_i/zynq_ultra_ps_e_0/inst/pl_clk0 | design_1_i/HDC_Controller_AXI_W_0/U0/hdc_unit/am_buffer_ram_reg[142]0                                                                                    |                                                                                                                                    |               24 |             32 |         1.33 |
|  design_1_i/zynq_ultra_ps_e_0/inst/pl_clk0 | design_1_i/HDC_Controller_AXI_W_0/U0/hdc_unit/am_buffer_ram_reg[113]0                                                                                    |                                                                                                                                    |               14 |             32 |         2.29 |
|  design_1_i/zynq_ultra_ps_e_0/inst/pl_clk0 | design_1_i/HDC_Controller_AXI_W_0/U0/hdc_unit/am_buffer_ram_reg[11]0                                                                                     |                                                                                                                                    |               12 |             32 |         2.67 |
|  design_1_i/zynq_ultra_ps_e_0/inst/pl_clk0 | design_1_i/HDC_Controller_AXI_W_0/U0/hdc_unit/am_buffer_ram_reg[141]0                                                                                    |                                                                                                                                    |               19 |             32 |         1.68 |
|  design_1_i/zynq_ultra_ps_e_0/inst/pl_clk0 | design_1_i/HDC_Controller_AXI_W_0/U0/hdc_unit/am_buffer_ram_reg[151]0                                                                                    |                                                                                                                                    |               19 |             32 |         1.68 |
|  design_1_i/zynq_ultra_ps_e_0/inst/pl_clk0 | design_1_i/HDC_Controller_AXI_W_0/U0/hdc_unit/am_buffer_ram_reg[152]0                                                                                    |                                                                                                                                    |               19 |             32 |         1.68 |
|  design_1_i/zynq_ultra_ps_e_0/inst/pl_clk0 | design_1_i/HDC_Controller_AXI_W_0/U0/hdc_unit/am_buffer_ram_reg[153]0                                                                                    |                                                                                                                                    |               18 |             32 |         1.78 |
|  design_1_i/zynq_ultra_ps_e_0/inst/pl_clk0 | design_1_i/HDC_Controller_AXI_W_0/U0/hdc_unit/am_buffer_ram_reg[145]0                                                                                    |                                                                                                                                    |               18 |             32 |         1.78 |
|  design_1_i/zynq_ultra_ps_e_0/inst/pl_clk0 | design_1_i/HDC_Controller_AXI_W_0/U0/hdc_unit/am_buffer_ram_reg[147]0                                                                                    |                                                                                                                                    |               18 |             32 |         1.78 |
|  design_1_i/zynq_ultra_ps_e_0/inst/pl_clk0 | design_1_i/HDC_Controller_AXI_W_0/U0/hdc_unit/am_buffer_ram_reg[155]0                                                                                    |                                                                                                                                    |               21 |             32 |         1.52 |
|  design_1_i/zynq_ultra_ps_e_0/inst/pl_clk0 | design_1_i/HDC_Controller_AXI_W_0/U0/hdc_unit/am_buffer_ram_reg[157]0                                                                                    |                                                                                                                                    |               23 |             32 |         1.39 |
|  design_1_i/zynq_ultra_ps_e_0/inst/pl_clk0 | design_1_i/HDC_Controller_AXI_W_0/U0/hdc_unit/am_buffer_ram_reg[104]0                                                                                    |                                                                                                                                    |               25 |             32 |         1.28 |
|  design_1_i/zynq_ultra_ps_e_0/inst/pl_clk0 | design_1_i/HDC_Controller_AXI_W_0/U0/hdc_unit/am_buffer_ram_reg[144]0                                                                                    |                                                                                                                                    |               21 |             32 |         1.52 |
|  design_1_i/zynq_ultra_ps_e_0/inst/pl_clk0 | design_1_i/HDC_Controller_AXI_W_0/U0/hdc_unit/am_buffer_ram_reg[154]0                                                                                    |                                                                                                                                    |               15 |             32 |         2.13 |
|  design_1_i/zynq_ultra_ps_e_0/inst/pl_clk0 | design_1_i/HDC_Controller_AXI_W_0/U0/hdc_unit/am_buffer_ram_reg[158]0                                                                                    |                                                                                                                                    |               24 |             32 |         1.33 |
|  design_1_i/zynq_ultra_ps_e_0/inst/pl_clk0 | design_1_i/HDC_Controller_AXI_W_0/U0/hdc_unit/am_buffer_ram_reg[10]0                                                                                     |                                                                                                                                    |               16 |             32 |         2.00 |
|  design_1_i/zynq_ultra_ps_e_0/inst/pl_clk0 | design_1_i/HDC_Controller_AXI_W_0/U0/hdc_unit/am_buffer_ram_reg[127]0                                                                                    |                                                                                                                                    |               18 |             32 |         1.78 |
|  design_1_i/zynq_ultra_ps_e_0/inst/pl_clk0 | design_1_i/HDC_Controller_AXI_W_0/U0/hdc_unit/am_buffer_ram_reg[137]0                                                                                    |                                                                                                                                    |               15 |             32 |         2.13 |
|  design_1_i/zynq_ultra_ps_e_0/inst/pl_clk0 | design_1_i/HDC_Controller_AXI_W_0/U0/hdc_unit/am_buffer_ram_reg[156]0                                                                                    |                                                                                                                                    |               24 |             32 |         1.33 |
|  design_1_i/zynq_ultra_ps_e_0/inst/pl_clk0 | design_1_i/HDC_Controller_AXI_W_0/U0/hdc_unit/am_buffer_ram_reg[159]0                                                                                    |                                                                                                                                    |               21 |             32 |         1.52 |
|  design_1_i/zynq_ultra_ps_e_0/inst/pl_clk0 | design_1_i/HDC_Controller_AXI_W_0/U0/hdc_unit/am_buffer_ram_reg[15]0                                                                                     |                                                                                                                                    |               15 |             32 |         2.13 |
|  design_1_i/zynq_ultra_ps_e_0/inst/pl_clk0 | design_1_i/HDC_Controller_AXI_W_0/U0/hdc_unit/am_buffer_ram_reg[124]0                                                                                    |                                                                                                                                    |               22 |             32 |         1.45 |
|  design_1_i/zynq_ultra_ps_e_0/inst/pl_clk0 | design_1_i/HDC_Controller_AXI_W_0/U0/hdc_unit/am_buffer_ram_reg[116]0                                                                                    |                                                                                                                                    |               14 |             32 |         2.29 |
|  design_1_i/zynq_ultra_ps_e_0/inst/pl_clk0 | design_1_i/HDC_Controller_AXI_W_0/U0/hdc_unit/am_buffer_ram_reg[160]0                                                                                    |                                                                                                                                    |               18 |             32 |         1.78 |
|  design_1_i/zynq_ultra_ps_e_0/inst/pl_clk0 | design_1_i/HDC_Controller_AXI_W_0/U0/hdc_unit/am_buffer_ram_reg[131]0                                                                                    |                                                                                                                                    |               24 |             32 |         1.33 |
|  design_1_i/zynq_ultra_ps_e_0/inst/pl_clk0 | design_1_i/HDC_Controller_AXI_W_0/U0/hdc_unit/am_buffer_ram_reg[103]0                                                                                    |                                                                                                                                    |               18 |             32 |         1.78 |
|  design_1_i/zynq_ultra_ps_e_0/inst/pl_clk0 | design_1_i/HDC_Controller_AXI_W_0/U0/hdc_unit/am_buffer_ram_reg[109]0                                                                                    |                                                                                                                                    |               17 |             32 |         1.88 |
|  design_1_i/zynq_ultra_ps_e_0/inst/pl_clk0 | design_1_i/HDC_Controller_AXI_W_0/U0/hdc_unit/am_buffer_ram_reg[106]0                                                                                    |                                                                                                                                    |               24 |             32 |         1.33 |
|  design_1_i/zynq_ultra_ps_e_0/inst/pl_clk0 | design_1_i/HDC_Controller_AXI_W_0/U0/hdc_unit/am_buffer_ram_reg[108]0                                                                                    |                                                                                                                                    |               20 |             32 |         1.60 |
|  design_1_i/zynq_ultra_ps_e_0/inst/pl_clk0 | design_1_i/HDC_Controller_AXI_W_0/U0/hdc_unit/am_buffer_ram_reg[110]0                                                                                    |                                                                                                                                    |               22 |             32 |         1.45 |
|  design_1_i/zynq_ultra_ps_e_0/inst/pl_clk0 | design_1_i/HDC_Controller_AXI_W_0/U0/hdc_unit/am_buffer_ram_reg[114]0                                                                                    |                                                                                                                                    |               24 |             32 |         1.33 |
|  design_1_i/zynq_ultra_ps_e_0/inst/pl_clk0 | design_1_i/HDC_Controller_AXI_W_0/U0/hdc_unit/am_buffer_ram_reg[119]0                                                                                    |                                                                                                                                    |               14 |             32 |         2.29 |
|  design_1_i/zynq_ultra_ps_e_0/inst/pl_clk0 | design_1_i/HDC_Controller_AXI_W_0/U0/hdc_unit/am_buffer_ram_reg[118]0                                                                                    |                                                                                                                                    |               21 |             32 |         1.52 |
|  design_1_i/zynq_ultra_ps_e_0/inst/pl_clk0 | design_1_i/HDC_Controller_AXI_W_0/U0/hdc_unit/am_buffer_ram_reg[111]0                                                                                    |                                                                                                                                    |               14 |             32 |         2.29 |
|  design_1_i/zynq_ultra_ps_e_0/inst/pl_clk0 | design_1_i/HDC_Controller_AXI_W_0/U0/hdc_unit/am_buffer_ram_reg[206]0                                                                                    |                                                                                                                                    |               17 |             32 |         1.88 |
|  design_1_i/zynq_ultra_ps_e_0/inst/pl_clk0 | design_1_i/HDC_Controller_AXI_W_0/U0/hdc_unit/am_buffer_ram_reg[179]0                                                                                    |                                                                                                                                    |               22 |             32 |         1.45 |
|  design_1_i/zynq_ultra_ps_e_0/inst/pl_clk0 | design_1_i/HDC_Controller_AXI_W_0/U0/hdc_unit/am_buffer_ram_reg[197]0                                                                                    |                                                                                                                                    |               12 |             32 |         2.67 |
|  design_1_i/zynq_ultra_ps_e_0/inst/pl_clk0 | design_1_i/HDC_Controller_AXI_W_0/U0/hdc_unit/am_buffer_ram_reg[20]0                                                                                     |                                                                                                                                    |               18 |             32 |         1.78 |
|  design_1_i/zynq_ultra_ps_e_0/inst/pl_clk0 | design_1_i/HDC_Controller_AXI_W_0/U0/hdc_unit/am_buffer_ram_reg[189]0                                                                                    |                                                                                                                                    |               16 |             32 |         2.00 |
|  design_1_i/zynq_ultra_ps_e_0/inst/pl_clk0 | design_1_i/HDC_Controller_AXI_W_0/U0/hdc_unit/am_buffer_ram_reg[18]0                                                                                     |                                                                                                                                    |               16 |             32 |         2.00 |
|  design_1_i/zynq_ultra_ps_e_0/inst/pl_clk0 | design_1_i/HDC_Controller_AXI_W_0/U0/hdc_unit/am_buffer_ram_reg[198]0                                                                                    |                                                                                                                                    |               14 |             32 |         2.29 |
|  design_1_i/zynq_ultra_ps_e_0/inst/pl_clk0 | design_1_i/HDC_Controller_AXI_W_0/U0/hdc_unit/am_buffer_ram_reg[1]0                                                                                      |                                                                                                                                    |               15 |             32 |         2.13 |
|  design_1_i/zynq_ultra_ps_e_0/inst/pl_clk0 | design_1_i/HDC_Controller_AXI_W_0/U0/hdc_unit/am_buffer_ram_reg[203]0                                                                                    |                                                                                                                                    |               18 |             32 |         1.78 |
|  design_1_i/zynq_ultra_ps_e_0/inst/pl_clk0 | design_1_i/HDC_Controller_AXI_W_0/U0/hdc_unit/am_buffer_ram_reg[212]0                                                                                    |                                                                                                                                    |               19 |             32 |         1.68 |
|  design_1_i/zynq_ultra_ps_e_0/inst/pl_clk0 | design_1_i/HDC_Controller_AXI_W_0/U0/hdc_unit/am_buffer_ram_reg[175]0                                                                                    |                                                                                                                                    |               24 |             32 |         1.33 |
|  design_1_i/zynq_ultra_ps_e_0/inst/pl_clk0 | design_1_i/HDC_Controller_AXI_W_0/U0/hdc_unit/am_buffer_ram_reg[169]0                                                                                    |                                                                                                                                    |               18 |             32 |         1.78 |
|  design_1_i/zynq_ultra_ps_e_0/inst/pl_clk0 | design_1_i/HDC_Controller_AXI_W_0/U0/hdc_unit/am_buffer_ram_reg[213]0                                                                                    |                                                                                                                                    |               15 |             32 |         2.13 |
|  design_1_i/zynq_ultra_ps_e_0/inst/pl_clk0 | design_1_i/HDC_Controller_AXI_W_0/U0/hdc_unit/am_buffer_ram_reg[194]0                                                                                    |                                                                                                                                    |               16 |             32 |         2.00 |
|  design_1_i/zynq_ultra_ps_e_0/inst/pl_clk0 | design_1_i/HDC_Controller_AXI_W_0/U0/hdc_unit/am_buffer_ram_reg[174]0                                                                                    |                                                                                                                                    |               24 |             32 |         1.33 |
|  design_1_i/zynq_ultra_ps_e_0/inst/pl_clk0 | design_1_i/HDC_Controller_AXI_W_0/U0/hdc_unit/am_buffer_ram_reg[187]0                                                                                    |                                                                                                                                    |               13 |             32 |         2.46 |
|  design_1_i/zynq_ultra_ps_e_0/inst/pl_clk0 | design_1_i/HDC_Controller_AXI_W_0/U0/hdc_unit/am_buffer_ram_reg[177]0                                                                                    |                                                                                                                                    |               24 |             32 |         1.33 |
|  design_1_i/zynq_ultra_ps_e_0/inst/pl_clk0 | design_1_i/HDC_Controller_AXI_W_0/U0/hdc_unit/am_buffer_ram_reg[188]0                                                                                    |                                                                                                                                    |               19 |             32 |         1.68 |
|  design_1_i/zynq_ultra_ps_e_0/inst/pl_clk0 | design_1_i/HDC_Controller_AXI_W_0/U0/hdc_unit/am_buffer_ram_reg[176]0                                                                                    |                                                                                                                                    |               19 |             32 |         1.68 |
|  design_1_i/zynq_ultra_ps_e_0/inst/pl_clk0 | design_1_i/HDC_Controller_AXI_W_0/U0/hdc_unit/am_buffer_ram_reg[167]0                                                                                    |                                                                                                                                    |               21 |             32 |         1.52 |
|  design_1_i/zynq_ultra_ps_e_0/inst/pl_clk0 | design_1_i/HDC_Controller_AXI_W_0/U0/hdc_unit/am_buffer_ram_reg[199]0                                                                                    |                                                                                                                                    |               19 |             32 |         1.68 |
|  design_1_i/zynq_ultra_ps_e_0/inst/pl_clk0 | design_1_i/HDC_Controller_AXI_W_0/U0/hdc_unit/am_buffer_ram_reg[209]0                                                                                    |                                                                                                                                    |               15 |             32 |         2.13 |
|  design_1_i/zynq_ultra_ps_e_0/inst/pl_clk0 | design_1_i/HDC_Controller_AXI_W_0/U0/hdc_unit/am_buffer_ram_reg[214]0                                                                                    |                                                                                                                                    |               19 |             32 |         1.68 |
|  design_1_i/zynq_ultra_ps_e_0/inst/pl_clk0 | design_1_i/HDC_Controller_AXI_W_0/U0/hdc_unit/am_buffer_ram_reg[165]0                                                                                    |                                                                                                                                    |               22 |             32 |         1.45 |
|  design_1_i/zynq_ultra_ps_e_0/inst/pl_clk0 | design_1_i/HDC_Controller_AXI_W_0/U0/hdc_unit/am_buffer_ram_reg[170]0                                                                                    |                                                                                                                                    |               14 |             32 |         2.29 |
|  design_1_i/zynq_ultra_ps_e_0/inst/pl_clk0 | design_1_i/HDC_Controller_AXI_W_0/U0/hdc_unit/am_buffer_ram_reg[215]0                                                                                    |                                                                                                                                    |               22 |             32 |         1.45 |
|  design_1_i/zynq_ultra_ps_e_0/inst/pl_clk0 | design_1_i/HDC_Controller_AXI_W_0/U0/hdc_unit/am_buffer_ram_reg[216]0                                                                                    |                                                                                                                                    |               20 |             32 |         1.60 |
|  design_1_i/zynq_ultra_ps_e_0/inst/pl_clk0 | design_1_i/HDC_Controller_AXI_W_0/U0/hdc_unit/am_buffer_ram_reg[193]0                                                                                    |                                                                                                                                    |               13 |             32 |         2.46 |
|  design_1_i/zynq_ultra_ps_e_0/inst/pl_clk0 | design_1_i/HDC_Controller_AXI_W_0/U0/hdc_unit/am_buffer_ram_reg[163]0                                                                                    |                                                                                                                                    |               17 |             32 |         1.88 |
|  design_1_i/zynq_ultra_ps_e_0/inst/pl_clk0 | design_1_i/HDC_Controller_AXI_W_0/U0/hdc_unit/am_buffer_ram_reg[171]0                                                                                    |                                                                                                                                    |               23 |             32 |         1.39 |
|  design_1_i/zynq_ultra_ps_e_0/inst/pl_clk0 | design_1_i/HDC_Controller_AXI_W_0/U0/hdc_unit/am_buffer_ram_reg[178]0                                                                                    |                                                                                                                                    |               20 |             32 |         1.60 |
|  design_1_i/zynq_ultra_ps_e_0/inst/pl_clk0 | design_1_i/HDC_Controller_AXI_W_0/U0/hdc_unit/am_buffer_ram_reg[19]0                                                                                     |                                                                                                                                    |               12 |             32 |         2.67 |
|  design_1_i/zynq_ultra_ps_e_0/inst/pl_clk0 | design_1_i/HDC_Controller_AXI_W_0/U0/hdc_unit/am_buffer_ram_reg[17]0                                                                                     |                                                                                                                                    |               14 |             32 |         2.29 |
|  design_1_i/zynq_ultra_ps_e_0/inst/pl_clk0 | design_1_i/HDC_Controller_AXI_W_0/U0/hdc_unit/am_buffer_ram_reg[173]0                                                                                    |                                                                                                                                    |               21 |             32 |         1.52 |
|  design_1_i/zynq_ultra_ps_e_0/inst/pl_clk0 | design_1_i/HDC_Controller_AXI_W_0/U0/hdc_unit/am_buffer_ram_reg[168]0                                                                                    |                                                                                                                                    |               18 |             32 |         1.78 |
|  design_1_i/zynq_ultra_ps_e_0/inst/pl_clk0 | design_1_i/HDC_Controller_AXI_W_0/U0/hdc_unit/am_buffer_ram_reg[185]0                                                                                    |                                                                                                                                    |               16 |             32 |         2.00 |
|  design_1_i/zynq_ultra_ps_e_0/inst/pl_clk0 | design_1_i/HDC_Controller_AXI_W_0/U0/hdc_unit/am_buffer_ram_reg[200]0                                                                                    |                                                                                                                                    |               18 |             32 |         1.78 |
|  design_1_i/zynq_ultra_ps_e_0/inst/pl_clk0 | design_1_i/HDC_Controller_AXI_W_0/U0/hdc_unit/am_buffer_ram_reg[181]0                                                                                    |                                                                                                                                    |               25 |             32 |         1.28 |
|  design_1_i/zynq_ultra_ps_e_0/inst/pl_clk0 | design_1_i/HDC_Controller_AXI_W_0/U0/hdc_unit/am_buffer_ram_reg[184]0                                                                                    |                                                                                                                                    |               20 |             32 |         1.60 |
|  design_1_i/zynq_ultra_ps_e_0/inst/pl_clk0 | design_1_i/HDC_Controller_AXI_W_0/U0/hdc_unit/am_buffer_ram_reg[201]0                                                                                    |                                                                                                                                    |               15 |             32 |         2.13 |
|  design_1_i/zynq_ultra_ps_e_0/inst/pl_clk0 | design_1_i/HDC_Controller_AXI_W_0/U0/hdc_unit/am_buffer_ram_reg[183]0                                                                                    |                                                                                                                                    |               29 |             32 |         1.10 |
|  design_1_i/zynq_ultra_ps_e_0/inst/pl_clk0 | design_1_i/HDC_Controller_AXI_W_0/U0/hdc_unit/am_buffer_ram_reg[208]0                                                                                    |                                                                                                                                    |               17 |             32 |         1.88 |
|  design_1_i/zynq_ultra_ps_e_0/inst/pl_clk0 | design_1_i/HDC_Controller_AXI_W_0/U0/hdc_unit/am_buffer_ram_reg[210]0                                                                                    |                                                                                                                                    |               17 |             32 |         1.88 |
|  design_1_i/zynq_ultra_ps_e_0/inst/pl_clk0 | design_1_i/HDC_Controller_AXI_W_0/U0/hdc_unit/am_buffer_ram_reg[207]0                                                                                    |                                                                                                                                    |               18 |             32 |         1.78 |
|  design_1_i/zynq_ultra_ps_e_0/inst/pl_clk0 | design_1_i/HDC_Controller_AXI_W_0/U0/hdc_unit/am_buffer_ram_reg[217]0                                                                                    |                                                                                                                                    |               14 |             32 |         2.29 |
|  design_1_i/zynq_ultra_ps_e_0/inst/pl_clk0 | design_1_i/HDC_Controller_AXI_W_0/U0/hdc_unit/am_buffer_ram_reg[211]0                                                                                    |                                                                                                                                    |               19 |             32 |         1.68 |
|  design_1_i/zynq_ultra_ps_e_0/inst/pl_clk0 | design_1_i/HDC_Controller_AXI_W_0/U0/hdc_unit/am_buffer_ram_reg[218]0                                                                                    |                                                                                                                                    |               14 |             32 |         2.29 |
|  design_1_i/zynq_ultra_ps_e_0/inst/pl_clk0 | design_1_i/HDC_Controller_AXI_W_0/U0/hdc_unit/am_buffer_ram_reg[195]0                                                                                    |                                                                                                                                    |               17 |             32 |         1.88 |
|  design_1_i/zynq_ultra_ps_e_0/inst/pl_clk0 | design_1_i/HDC_Controller_AXI_W_0/U0/hdc_unit/am_buffer_ram_reg[172]0                                                                                    |                                                                                                                                    |               21 |             32 |         1.52 |
|  design_1_i/zynq_ultra_ps_e_0/inst/pl_clk0 | design_1_i/HDC_Controller_AXI_W_0/U0/hdc_unit/am_buffer_ram_reg[180]0                                                                                    |                                                                                                                                    |               21 |             32 |         1.52 |
|  design_1_i/zynq_ultra_ps_e_0/inst/pl_clk0 | design_1_i/HDC_Controller_AXI_W_0/U0/hdc_unit/am_buffer_ram_reg[182]0                                                                                    |                                                                                                                                    |               28 |             32 |         1.14 |
|  design_1_i/zynq_ultra_ps_e_0/inst/pl_clk0 | design_1_i/HDC_Controller_AXI_W_0/U0/hdc_unit/am_buffer_ram_reg[162]0                                                                                    |                                                                                                                                    |               15 |             32 |         2.13 |
|  design_1_i/zynq_ultra_ps_e_0/inst/pl_clk0 | design_1_i/HDC_Controller_AXI_W_0/U0/hdc_unit/am_buffer_ram_reg[190]0                                                                                    |                                                                                                                                    |               18 |             32 |         1.78 |
|  design_1_i/zynq_ultra_ps_e_0/inst/pl_clk0 | design_1_i/HDC_Controller_AXI_W_0/U0/hdc_unit/am_buffer_ram_reg[192]0                                                                                    |                                                                                                                                    |               20 |             32 |         1.60 |
|  design_1_i/zynq_ultra_ps_e_0/inst/pl_clk0 | design_1_i/HDC_Controller_AXI_W_0/U0/hdc_unit/am_buffer_ram_reg[202]0                                                                                    |                                                                                                                                    |               15 |             32 |         2.13 |
|  design_1_i/zynq_ultra_ps_e_0/inst/pl_clk0 | design_1_i/HDC_Controller_AXI_W_0/U0/hdc_unit/am_buffer_ram_reg[164]0                                                                                    |                                                                                                                                    |               18 |             32 |         1.78 |
|  design_1_i/zynq_ultra_ps_e_0/inst/pl_clk0 | design_1_i/HDC_Controller_AXI_W_0/U0/hdc_unit/am_buffer_ram_reg[204]0                                                                                    |                                                                                                                                    |               23 |             32 |         1.39 |
|  design_1_i/zynq_ultra_ps_e_0/inst/pl_clk0 | design_1_i/HDC_Controller_AXI_W_0/U0/hdc_unit/am_buffer_ram_reg[166]0                                                                                    |                                                                                                                                    |               24 |             32 |         1.33 |
|  design_1_i/zynq_ultra_ps_e_0/inst/pl_clk0 | design_1_i/HDC_Controller_AXI_W_0/U0/hdc_unit/am_buffer_ram_reg[161]0                                                                                    |                                                                                                                                    |               20 |             32 |         1.60 |
|  design_1_i/zynq_ultra_ps_e_0/inst/pl_clk0 | design_1_i/HDC_Controller_AXI_W_0/U0/hdc_unit/am_buffer_ram_reg[16]0                                                                                     |                                                                                                                                    |               14 |             32 |         2.29 |
|  design_1_i/zynq_ultra_ps_e_0/inst/pl_clk0 | design_1_i/HDC_Controller_AXI_W_0/U0/hdc_unit/am_buffer_ram_reg[186]0                                                                                    |                                                                                                                                    |               16 |             32 |         2.00 |
|  design_1_i/zynq_ultra_ps_e_0/inst/pl_clk0 | design_1_i/HDC_Controller_AXI_W_0/U0/hdc_unit/am_buffer_ram_reg[205]0                                                                                    |                                                                                                                                    |               14 |             32 |         2.29 |
|  design_1_i/zynq_ultra_ps_e_0/inst/pl_clk0 | design_1_i/HDC_Controller_AXI_W_0/U0/hdc_unit/am_buffer_ram_reg[191]0                                                                                    |                                                                                                                                    |               21 |             32 |         1.52 |
|  design_1_i/zynq_ultra_ps_e_0/inst/pl_clk0 | design_1_i/HDC_Controller_AXI_W_0/U0/hdc_unit/am_buffer_ram_reg[196]0                                                                                    |                                                                                                                                    |               21 |             32 |         1.52 |
|  design_1_i/zynq_ultra_ps_e_0/inst/pl_clk0 | design_1_i/HDC_Controller_AXI_W_0/U0/hdc_unit/am_buffer_ram_reg[240]0                                                                                    |                                                                                                                                    |               19 |             32 |         1.68 |
|  design_1_i/zynq_ultra_ps_e_0/inst/pl_clk0 | design_1_i/HDC_Controller_AXI_W_0/U0/hdc_unit/am_buffer_ram_reg[237]0                                                                                    |                                                                                                                                    |               17 |             32 |         1.88 |
|  design_1_i/zynq_ultra_ps_e_0/inst/pl_clk0 | design_1_i/HDC_Controller_AXI_W_0/U0/hdc_unit/am_buffer_ram_reg[252]0                                                                                    |                                                                                                                                    |               20 |             32 |         1.60 |
|  design_1_i/zynq_ultra_ps_e_0/inst/pl_clk0 | design_1_i/HDC_Controller_AXI_W_0/U0/hdc_unit/am_buffer_ram_reg[254]0                                                                                    |                                                                                                                                    |               21 |             32 |         1.52 |
|  design_1_i/zynq_ultra_ps_e_0/inst/pl_clk0 | design_1_i/HDC_Controller_AXI_W_0/U0/hdc_unit/am_buffer_ram_reg[255]0                                                                                    |                                                                                                                                    |               16 |             32 |         2.00 |
|  design_1_i/zynq_ultra_ps_e_0/inst/pl_clk0 | design_1_i/HDC_Controller_AXI_W_0/U0/hdc_unit/am_buffer_ram_reg[243]0                                                                                    |                                                                                                                                    |               18 |             32 |         1.78 |
|  design_1_i/zynq_ultra_ps_e_0/inst/pl_clk0 | design_1_i/HDC_Controller_AXI_W_0/U0/hdc_unit/am_buffer_ram_reg[233]0                                                                                    |                                                                                                                                    |               17 |             32 |         1.88 |
|  design_1_i/zynq_ultra_ps_e_0/inst/pl_clk0 | design_1_i/HDC_Controller_AXI_W_0/U0/hdc_unit/am_buffer_ram_reg[260]0                                                                                    |                                                                                                                                    |               22 |             32 |         1.45 |
|  design_1_i/zynq_ultra_ps_e_0/inst/pl_clk0 | design_1_i/HDC_Controller_AXI_W_0/U0/hdc_unit/am_buffer_ram_reg[261]0                                                                                    |                                                                                                                                    |               15 |             32 |         2.13 |
|  design_1_i/zynq_ultra_ps_e_0/inst/pl_clk0 | design_1_i/HDC_Controller_AXI_W_0/U0/hdc_unit/am_buffer_ram_reg[238]0                                                                                    |                                                                                                                                    |               21 |             32 |         1.52 |
|  design_1_i/zynq_ultra_ps_e_0/inst/pl_clk0 | design_1_i/HDC_Controller_AXI_W_0/U0/hdc_unit/am_buffer_ram_reg[266]0                                                                                    |                                                                                                                                    |               19 |             32 |         1.68 |
|  design_1_i/zynq_ultra_ps_e_0/inst/pl_clk0 | design_1_i/HDC_Controller_AXI_W_0/U0/hdc_unit/am_buffer_ram_reg[26]0                                                                                     |                                                                                                                                    |               15 |             32 |         2.13 |
|  design_1_i/zynq_ultra_ps_e_0/inst/pl_clk0 | design_1_i/HDC_Controller_AXI_W_0/U0/hdc_unit/am_buffer_ram_reg[239]0                                                                                    |                                                                                                                                    |               22 |             32 |         1.45 |
|  design_1_i/zynq_ultra_ps_e_0/inst/pl_clk0 | design_1_i/HDC_Controller_AXI_W_0/U0/hdc_unit/am_buffer_ram_reg[227]0                                                                                    |                                                                                                                                    |               16 |             32 |         2.00 |
|  design_1_i/zynq_ultra_ps_e_0/inst/pl_clk0 | design_1_i/HDC_Controller_AXI_W_0/U0/hdc_unit/am_buffer_ram_reg[22]0                                                                                     |                                                                                                                                    |               15 |             32 |         2.13 |
|  design_1_i/zynq_ultra_ps_e_0/inst/pl_clk0 | design_1_i/HDC_Controller_AXI_W_0/U0/hdc_unit/am_buffer_ram_reg[229]0                                                                                    |                                                                                                                                    |               18 |             32 |         1.78 |
|  design_1_i/zynq_ultra_ps_e_0/inst/pl_clk0 | design_1_i/HDC_Controller_AXI_W_0/U0/hdc_unit/am_buffer_ram_reg[222]0                                                                                    |                                                                                                                                    |               20 |             32 |         1.60 |
|  design_1_i/zynq_ultra_ps_e_0/inst/pl_clk0 | design_1_i/HDC_Controller_AXI_W_0/U0/hdc_unit/am_buffer_ram_reg[236]0                                                                                    |                                                                                                                                    |               23 |             32 |         1.39 |
|  design_1_i/zynq_ultra_ps_e_0/inst/pl_clk0 | design_1_i/HDC_Controller_AXI_W_0/U0/hdc_unit/am_buffer_ram_reg[226]0                                                                                    |                                                                                                                                    |               18 |             32 |         1.78 |
|  design_1_i/zynq_ultra_ps_e_0/inst/pl_clk0 | design_1_i/HDC_Controller_AXI_W_0/U0/hdc_unit/am_buffer_ram_reg[221]0                                                                                    |                                                                                                                                    |               17 |             32 |         1.88 |
|  design_1_i/zynq_ultra_ps_e_0/inst/pl_clk0 | design_1_i/HDC_Controller_AXI_W_0/U0/hdc_unit/am_buffer_ram_reg[228]0                                                                                    |                                                                                                                                    |               23 |             32 |         1.39 |
|  design_1_i/zynq_ultra_ps_e_0/inst/pl_clk0 | design_1_i/HDC_Controller_AXI_W_0/U0/hdc_unit/am_buffer_ram_reg[241]0                                                                                    |                                                                                                                                    |               17 |             32 |         1.88 |
|  design_1_i/zynq_ultra_ps_e_0/inst/pl_clk0 | design_1_i/HDC_Controller_AXI_W_0/U0/hdc_unit/am_buffer_ram_reg[219]0                                                                                    |                                                                                                                                    |               18 |             32 |         1.78 |
|  design_1_i/zynq_ultra_ps_e_0/inst/pl_clk0 | design_1_i/HDC_Controller_AXI_W_0/U0/hdc_unit/am_buffer_ram_reg[220]0                                                                                    |                                                                                                                                    |               21 |             32 |         1.52 |
|  design_1_i/zynq_ultra_ps_e_0/inst/pl_clk0 | design_1_i/HDC_Controller_AXI_W_0/U0/hdc_unit/am_buffer_ram_reg[230]0                                                                                    |                                                                                                                                    |               19 |             32 |         1.68 |
|  design_1_i/zynq_ultra_ps_e_0/inst/pl_clk0 | design_1_i/HDC_Controller_AXI_W_0/U0/hdc_unit/am_buffer_ram_reg[249]0                                                                                    |                                                                                                                                    |               19 |             32 |         1.68 |
|  design_1_i/zynq_ultra_ps_e_0/inst/pl_clk0 | design_1_i/HDC_Controller_AXI_W_0/U0/hdc_unit/am_buffer_ram_reg[225]0                                                                                    |                                                                                                                                    |               18 |             32 |         1.78 |
|  design_1_i/zynq_ultra_ps_e_0/inst/pl_clk0 | design_1_i/HDC_Controller_AXI_W_0/U0/hdc_unit/am_buffer_ram_reg[250]0                                                                                    |                                                                                                                                    |               19 |             32 |         1.68 |
|  design_1_i/zynq_ultra_ps_e_0/inst/pl_clk0 | design_1_i/HDC_Controller_AXI_W_0/U0/hdc_unit/am_buffer_ram_reg[251]0                                                                                    |                                                                                                                                    |               11 |             32 |         2.91 |
|  design_1_i/zynq_ultra_ps_e_0/inst/pl_clk0 | design_1_i/HDC_Controller_AXI_W_0/U0/hdc_unit/am_buffer_ram_reg[244]0                                                                                    |                                                                                                                                    |               20 |             32 |         1.60 |
|  design_1_i/zynq_ultra_ps_e_0/inst/pl_clk0 | design_1_i/HDC_Controller_AXI_W_0/U0/hdc_unit/am_buffer_ram_reg[235]0                                                                                    |                                                                                                                                    |               18 |             32 |         1.78 |
|  design_1_i/zynq_ultra_ps_e_0/inst/pl_clk0 | design_1_i/HDC_Controller_AXI_W_0/U0/hdc_unit/am_buffer_ram_reg[21]0                                                                                     |                                                                                                                                    |               14 |             32 |         2.29 |
|  design_1_i/zynq_ultra_ps_e_0/inst/pl_clk0 | design_1_i/HDC_Controller_AXI_W_0/U0/hdc_unit/am_buffer_ram_reg[257]0                                                                                    |                                                                                                                                    |               21 |             32 |         1.52 |
|  design_1_i/zynq_ultra_ps_e_0/inst/pl_clk0 | design_1_i/HDC_Controller_AXI_W_0/U0/hdc_unit/am_buffer_ram_reg[262]0                                                                                    |                                                                                                                                    |               20 |             32 |         1.60 |
|  design_1_i/zynq_ultra_ps_e_0/inst/pl_clk0 | design_1_i/HDC_Controller_AXI_W_0/U0/hdc_unit/am_buffer_ram_reg[247]0                                                                                    |                                                                                                                                    |               22 |             32 |         1.45 |
|  design_1_i/zynq_ultra_ps_e_0/inst/pl_clk0 | design_1_i/HDC_Controller_AXI_W_0/U0/hdc_unit/am_buffer_ram_reg[259]0                                                                                    |                                                                                                                                    |               15 |             32 |         2.13 |
|  design_1_i/zynq_ultra_ps_e_0/inst/pl_clk0 | design_1_i/HDC_Controller_AXI_W_0/U0/hdc_unit/am_buffer_ram_reg[263]0                                                                                    |                                                                                                                                    |               21 |             32 |         1.52 |
|  design_1_i/zynq_ultra_ps_e_0/inst/pl_clk0 | design_1_i/HDC_Controller_AXI_W_0/U0/hdc_unit/am_buffer_ram_reg[245]0                                                                                    |                                                                                                                                    |               16 |             32 |         2.00 |
|  design_1_i/zynq_ultra_ps_e_0/inst/pl_clk0 | design_1_i/HDC_Controller_AXI_W_0/U0/hdc_unit/am_buffer_ram_reg[231]0                                                                                    |                                                                                                                                    |               21 |             32 |         1.52 |
|  design_1_i/zynq_ultra_ps_e_0/inst/pl_clk0 | design_1_i/HDC_Controller_AXI_W_0/U0/hdc_unit/am_buffer_ram_reg[232]0                                                                                    |                                                                                                                                    |               20 |             32 |         1.60 |
|  design_1_i/zynq_ultra_ps_e_0/inst/pl_clk0 | design_1_i/HDC_Controller_AXI_W_0/U0/hdc_unit/am_buffer_ram_reg[269]0                                                                                    |                                                                                                                                    |               13 |             32 |         2.46 |
|  design_1_i/zynq_ultra_ps_e_0/inst/pl_clk0 | design_1_i/HDC_Controller_AXI_W_0/U0/hdc_unit/am_buffer_ram_reg[271]0                                                                                    |                                                                                                                                    |               20 |             32 |         1.60 |
|  design_1_i/zynq_ultra_ps_e_0/inst/pl_clk0 | design_1_i/HDC_Controller_AXI_W_0/U0/hdc_unit/am_buffer_ram_reg[242]0                                                                                    |                                                                                                                                    |               19 |             32 |         1.68 |
|  design_1_i/zynq_ultra_ps_e_0/inst/pl_clk0 | design_1_i/HDC_Controller_AXI_W_0/U0/hdc_unit/am_buffer_ram_reg[248]0                                                                                    |                                                                                                                                    |               21 |             32 |         1.52 |
|  design_1_i/zynq_ultra_ps_e_0/inst/pl_clk0 | design_1_i/HDC_Controller_AXI_W_0/U0/hdc_unit/am_buffer_ram_reg[223]0                                                                                    |                                                                                                                                    |               23 |             32 |         1.39 |
|  design_1_i/zynq_ultra_ps_e_0/inst/pl_clk0 | design_1_i/HDC_Controller_AXI_W_0/U0/hdc_unit/am_buffer_ram_reg[272]0                                                                                    |                                                                                                                                    |               22 |             32 |         1.45 |
|  design_1_i/zynq_ultra_ps_e_0/inst/pl_clk0 | design_1_i/HDC_Controller_AXI_W_0/U0/hdc_unit/am_buffer_ram_reg[270]0                                                                                    |                                                                                                                                    |               19 |             32 |         1.68 |
|  design_1_i/zynq_ultra_ps_e_0/inst/pl_clk0 | design_1_i/HDC_Controller_AXI_W_0/U0/hdc_unit/am_buffer_ram_reg[256]0                                                                                    |                                                                                                                                    |               23 |             32 |         1.39 |
|  design_1_i/zynq_ultra_ps_e_0/inst/pl_clk0 | design_1_i/HDC_Controller_AXI_W_0/U0/hdc_unit/am_buffer_ram_reg[24]0                                                                                     |                                                                                                                                    |               15 |             32 |         2.13 |
|  design_1_i/zynq_ultra_ps_e_0/inst/pl_clk0 | design_1_i/HDC_Controller_AXI_W_0/U0/hdc_unit/am_buffer_ram_reg[273]0                                                                                    |                                                                                                                                    |               20 |             32 |         1.60 |
|  design_1_i/zynq_ultra_ps_e_0/inst/pl_clk0 | design_1_i/HDC_Controller_AXI_W_0/U0/hdc_unit/am_buffer_ram_reg[274]0                                                                                    |                                                                                                                                    |               22 |             32 |         1.45 |
|  design_1_i/zynq_ultra_ps_e_0/inst/pl_clk0 | design_1_i/HDC_Controller_AXI_W_0/U0/hdc_unit/am_buffer_ram_reg[246]0                                                                                    |                                                                                                                                    |               23 |             32 |         1.39 |
|  design_1_i/zynq_ultra_ps_e_0/inst/pl_clk0 | design_1_i/HDC_Controller_AXI_W_0/U0/hdc_unit/am_buffer_ram_reg[253]0                                                                                    |                                                                                                                                    |               13 |             32 |         2.46 |
|  design_1_i/zynq_ultra_ps_e_0/inst/pl_clk0 | design_1_i/HDC_Controller_AXI_W_0/U0/hdc_unit/am_buffer_ram_reg[258]0                                                                                    |                                                                                                                                    |               18 |             32 |         1.78 |
|  design_1_i/zynq_ultra_ps_e_0/inst/pl_clk0 | design_1_i/HDC_Controller_AXI_W_0/U0/hdc_unit/am_buffer_ram_reg[265]0                                                                                    |                                                                                                                                    |               19 |             32 |         1.68 |
|  design_1_i/zynq_ultra_ps_e_0/inst/pl_clk0 | design_1_i/HDC_Controller_AXI_W_0/U0/hdc_unit/am_buffer_ram_reg[267]0                                                                                    |                                                                                                                                    |               17 |             32 |         1.88 |
|  design_1_i/zynq_ultra_ps_e_0/inst/pl_clk0 | design_1_i/HDC_Controller_AXI_W_0/U0/hdc_unit/am_buffer_ram_reg[268]0                                                                                    |                                                                                                                                    |               19 |             32 |         1.68 |
|  design_1_i/zynq_ultra_ps_e_0/inst/pl_clk0 | design_1_i/HDC_Controller_AXI_W_0/U0/hdc_unit/am_buffer_ram_reg[275]0                                                                                    |                                                                                                                                    |               15 |             32 |         2.13 |
|  design_1_i/zynq_ultra_ps_e_0/inst/pl_clk0 | design_1_i/HDC_Controller_AXI_W_0/U0/hdc_unit/am_buffer_ram_reg[25]0                                                                                     |                                                                                                                                    |               13 |             32 |         2.46 |
|  design_1_i/zynq_ultra_ps_e_0/inst/pl_clk0 | design_1_i/HDC_Controller_AXI_W_0/U0/hdc_unit/am_buffer_ram_reg[264]0                                                                                    |                                                                                                                                    |               18 |             32 |         1.78 |
|  design_1_i/zynq_ultra_ps_e_0/inst/pl_clk0 | design_1_i/HDC_Controller_AXI_W_0/U0/hdc_unit/am_buffer_ram_reg[276]0                                                                                    |                                                                                                                                    |               23 |             32 |         1.39 |
|  design_1_i/zynq_ultra_ps_e_0/inst/pl_clk0 | design_1_i/HDC_Controller_AXI_W_0/U0/hdc_unit/am_buffer_ram_reg[224]0                                                                                    |                                                                                                                                    |               23 |             32 |         1.39 |
|  design_1_i/zynq_ultra_ps_e_0/inst/pl_clk0 | design_1_i/HDC_Controller_AXI_W_0/U0/hdc_unit/am_buffer_ram_reg[234]0                                                                                    |                                                                                                                                    |               19 |             32 |         1.68 |
|  design_1_i/zynq_ultra_ps_e_0/inst/pl_clk0 | design_1_i/HDC_Controller_AXI_W_0/U0/hdc_unit/am_buffer_ram_reg[23]0                                                                                     |                                                                                                                                    |               16 |             32 |         2.00 |
|  design_1_i/zynq_ultra_ps_e_0/inst/pl_clk0 | design_1_i/HDC_Controller_AXI_W_0/U0/hdc_unit/am_buffer_ram_reg[27]0                                                                                     |                                                                                                                                    |               20 |             32 |         1.60 |
|  design_1_i/zynq_ultra_ps_e_0/inst/pl_clk0 | design_1_i/HDC_Controller_AXI_W_0/U0/hdc_unit/am_buffer_ram_reg[281]0                                                                                    |                                                                                                                                    |               20 |             32 |         1.60 |
|  design_1_i/zynq_ultra_ps_e_0/inst/pl_clk0 | design_1_i/HDC_Controller_AXI_W_0/U0/hdc_unit/am_buffer_ram_reg[48]0                                                                                     |                                                                                                                                    |               21 |             32 |         1.52 |
|  design_1_i/zynq_ultra_ps_e_0/inst/pl_clk0 | design_1_i/HDC_Controller_AXI_W_0/U0/hdc_unit/am_buffer_ram_reg[49]0                                                                                     |                                                                                                                                    |               17 |             32 |         1.88 |
|  design_1_i/zynq_ultra_ps_e_0/inst/pl_clk0 | design_1_i/HDC_Controller_AXI_W_0/U0/hdc_unit/am_buffer_ram_reg[4]0                                                                                      |                                                                                                                                    |               18 |             32 |         1.78 |
|  design_1_i/zynq_ultra_ps_e_0/inst/pl_clk0 | design_1_i/HDC_Controller_AXI_W_0/U0/hdc_unit/am_buffer_ram_reg[50]0                                                                                     |                                                                                                                                    |               17 |             32 |         1.88 |
|  design_1_i/zynq_ultra_ps_e_0/inst/pl_clk0 | design_1_i/HDC_Controller_AXI_W_0/U0/hdc_unit/am_buffer_ram_reg[286]0                                                                                    |                                                                                                                                    |               23 |             32 |         1.39 |
|  design_1_i/zynq_ultra_ps_e_0/inst/pl_clk0 | design_1_i/HDC_Controller_AXI_W_0/U0/hdc_unit/am_buffer_ram_reg[34]0                                                                                     |                                                                                                                                    |               15 |             32 |         2.13 |
|  design_1_i/zynq_ultra_ps_e_0/inst/pl_clk0 | design_1_i/HDC_Controller_AXI_W_0/U0/hdc_unit/am_buffer_ram_reg[28]0                                                                                     |                                                                                                                                    |               18 |             32 |         1.78 |
|  design_1_i/zynq_ultra_ps_e_0/inst/pl_clk0 | design_1_i/HDC_Controller_AXI_W_0/U0/hdc_unit/am_buffer_ram_reg[51]0                                                                                     |                                                                                                                                    |               23 |             32 |         1.39 |
|  design_1_i/zynq_ultra_ps_e_0/inst/pl_clk0 | design_1_i/HDC_Controller_AXI_W_0/U0/hdc_unit/am_buffer_ram_reg[309]0                                                                                    |                                                                                                                                    |               16 |             32 |         2.00 |
|  design_1_i/zynq_ultra_ps_e_0/inst/pl_clk0 | design_1_i/HDC_Controller_AXI_W_0/U0/hdc_unit/am_buffer_ram_reg[52]0                                                                                     |                                                                                                                                    |               19 |             32 |         1.68 |
|  design_1_i/zynq_ultra_ps_e_0/inst/pl_clk0 | design_1_i/HDC_Controller_AXI_W_0/U0/hdc_unit/am_buffer_ram_reg[307]0                                                                                    |                                                                                                                                    |               19 |             32 |         1.68 |
|  design_1_i/zynq_ultra_ps_e_0/inst/pl_clk0 | design_1_i/HDC_Controller_AXI_W_0/U0/hdc_unit/am_buffer_ram_reg[277]0                                                                                    |                                                                                                                                    |               18 |             32 |         1.78 |
|  design_1_i/zynq_ultra_ps_e_0/inst/pl_clk0 | design_1_i/HDC_Controller_AXI_W_0/U0/hdc_unit/am_buffer_ram_reg[279]0                                                                                    |                                                                                                                                    |               14 |             32 |         2.29 |
|  design_1_i/zynq_ultra_ps_e_0/inst/pl_clk0 | design_1_i/HDC_Controller_AXI_W_0/U0/hdc_unit/am_buffer_ram_reg[303]0                                                                                    |                                                                                                                                    |               23 |             32 |         1.39 |
|  design_1_i/zynq_ultra_ps_e_0/inst/pl_clk0 | design_1_i/HDC_Controller_AXI_W_0/U0/hdc_unit/am_buffer_ram_reg[284]0                                                                                    |                                                                                                                                    |               19 |             32 |         1.68 |
|  design_1_i/zynq_ultra_ps_e_0/inst/pl_clk0 | design_1_i/HDC_Controller_AXI_W_0/U0/hdc_unit/am_buffer_ram_reg[296]0                                                                                    |                                                                                                                                    |               23 |             32 |         1.39 |
|  design_1_i/zynq_ultra_ps_e_0/inst/pl_clk0 | design_1_i/HDC_Controller_AXI_W_0/U0/hdc_unit/am_buffer_ram_reg[287]0                                                                                    |                                                                                                                                    |               18 |             32 |         1.78 |
|  design_1_i/zynq_ultra_ps_e_0/inst/pl_clk0 | design_1_i/HDC_Controller_AXI_W_0/U0/hdc_unit/am_buffer_ram_reg[297]0                                                                                    |                                                                                                                                    |               20 |             32 |         1.60 |
|  design_1_i/zynq_ultra_ps_e_0/inst/pl_clk0 | design_1_i/HDC_Controller_AXI_W_0/U0/hdc_unit/am_buffer_ram_reg[2]0                                                                                      |                                                                                                                                    |               15 |             32 |         2.13 |
|  design_1_i/zynq_ultra_ps_e_0/inst/pl_clk0 | design_1_i/HDC_Controller_AXI_W_0/U0/hdc_unit/am_buffer_ram_reg[306]0                                                                                    |                                                                                                                                    |               23 |             32 |         1.39 |
|  design_1_i/zynq_ultra_ps_e_0/inst/pl_clk0 | design_1_i/HDC_Controller_AXI_W_0/U0/hdc_unit/am_buffer_ram_reg[295]0                                                                                    |                                                                                                                                    |               21 |             32 |         1.52 |
|  design_1_i/zynq_ultra_ps_e_0/inst/pl_clk0 | design_1_i/HDC_Controller_AXI_W_0/U0/hdc_unit/am_buffer_ram_reg[31]0                                                                                     |                                                                                                                                    |               19 |             32 |         1.68 |
|  design_1_i/zynq_ultra_ps_e_0/inst/pl_clk0 | design_1_i/HDC_Controller_AXI_W_0/U0/hdc_unit/am_buffer_ram_reg[285]0                                                                                    |                                                                                                                                    |               17 |             32 |         1.88 |
|  design_1_i/zynq_ultra_ps_e_0/inst/pl_clk0 | design_1_i/HDC_Controller_AXI_W_0/U0/hdc_unit/am_buffer_ram_reg[294]0                                                                                    |                                                                                                                                    |               25 |             32 |         1.28 |
|  design_1_i/zynq_ultra_ps_e_0/inst/pl_clk0 | design_1_i/HDC_Controller_AXI_W_0/U0/hdc_unit/am_buffer_ram_reg[35]0                                                                                     |                                                                                                                                    |               20 |             32 |         1.60 |
|  design_1_i/zynq_ultra_ps_e_0/inst/pl_clk0 | design_1_i/HDC_Controller_AXI_W_0/U0/hdc_unit/am_buffer_ram_reg[38]0                                                                                     |                                                                                                                                    |               20 |             32 |         1.60 |
|  design_1_i/zynq_ultra_ps_e_0/inst/pl_clk0 | design_1_i/HDC_Controller_AXI_W_0/U0/hdc_unit/am_buffer_ram_reg[3]0                                                                                      |                                                                                                                                    |               17 |             32 |         1.88 |
|  design_1_i/zynq_ultra_ps_e_0/inst/pl_clk0 | design_1_i/HDC_Controller_AXI_W_0/U0/hdc_unit/am_buffer_ram_reg[29]0                                                                                     |                                                                                                                                    |               17 |             32 |         1.88 |
|  design_1_i/zynq_ultra_ps_e_0/inst/pl_clk0 | design_1_i/HDC_Controller_AXI_W_0/U0/hdc_unit/am_buffer_ram_reg[304]0                                                                                    |                                                                                                                                    |               23 |             32 |         1.39 |
|  design_1_i/zynq_ultra_ps_e_0/inst/pl_clk0 | design_1_i/HDC_Controller_AXI_W_0/U0/hdc_unit/am_buffer_ram_reg[41]0                                                                                     |                                                                                                                                    |               18 |             32 |         1.78 |
|  design_1_i/zynq_ultra_ps_e_0/inst/pl_clk0 | design_1_i/HDC_Controller_AXI_W_0/U0/hdc_unit/am_buffer_ram_reg[289]0                                                                                    |                                                                                                                                    |               21 |             32 |         1.52 |
|  design_1_i/zynq_ultra_ps_e_0/inst/pl_clk0 | design_1_i/HDC_Controller_AXI_W_0/U0/hdc_unit/am_buffer_ram_reg[291]0                                                                                    |                                                                                                                                    |               18 |             32 |         1.78 |
|  design_1_i/zynq_ultra_ps_e_0/inst/pl_clk0 | design_1_i/HDC_Controller_AXI_W_0/U0/hdc_unit/am_buffer_ram_reg[280]0                                                                                    |                                                                                                                                    |               20 |             32 |         1.60 |
|  design_1_i/zynq_ultra_ps_e_0/inst/pl_clk0 | design_1_i/HDC_Controller_AXI_W_0/U0/hdc_unit/am_buffer_ram_reg[282]0                                                                                    |                                                                                                                                    |               21 |             32 |         1.52 |
|  design_1_i/zynq_ultra_ps_e_0/inst/pl_clk0 | design_1_i/HDC_Controller_AXI_W_0/U0/hdc_unit/am_buffer_ram_reg[283]0                                                                                    |                                                                                                                                    |               18 |             32 |         1.78 |
|  design_1_i/zynq_ultra_ps_e_0/inst/pl_clk0 | design_1_i/HDC_Controller_AXI_W_0/U0/hdc_unit/am_buffer_ram_reg[278]0                                                                                    |                                                                                                                                    |               22 |             32 |         1.45 |
|  design_1_i/zynq_ultra_ps_e_0/inst/pl_clk0 | design_1_i/HDC_Controller_AXI_W_0/U0/hdc_unit/am_buffer_ram_reg[292]0                                                                                    |                                                                                                                                    |               22 |             32 |         1.45 |
|  design_1_i/zynq_ultra_ps_e_0/inst/pl_clk0 | design_1_i/HDC_Controller_AXI_W_0/U0/hdc_unit/am_buffer_ram_reg[293]0                                                                                    |                                                                                                                                    |               17 |             32 |         1.88 |
|  design_1_i/zynq_ultra_ps_e_0/inst/pl_clk0 | design_1_i/HDC_Controller_AXI_W_0/U0/hdc_unit/am_buffer_ram_reg[298]0                                                                                    |                                                                                                                                    |               20 |             32 |         1.60 |
|  design_1_i/zynq_ultra_ps_e_0/inst/pl_clk0 | design_1_i/HDC_Controller_AXI_W_0/U0/hdc_unit/am_buffer_ram_reg[299]0                                                                                    |                                                                                                                                    |               24 |             32 |         1.33 |
|  design_1_i/zynq_ultra_ps_e_0/inst/pl_clk0 | design_1_i/HDC_Controller_AXI_W_0/U0/hdc_unit/am_buffer_ram_reg[302]0                                                                                    |                                                                                                                                    |               21 |             32 |         1.52 |
|  design_1_i/zynq_ultra_ps_e_0/inst/pl_clk0 | design_1_i/HDC_Controller_AXI_W_0/U0/hdc_unit/am_buffer_ram_reg[33]0                                                                                     |                                                                                                                                    |               15 |             32 |         2.13 |
|  design_1_i/zynq_ultra_ps_e_0/inst/pl_clk0 | design_1_i/HDC_Controller_AXI_W_0/U0/hdc_unit/am_buffer_ram_reg[40]0                                                                                     |                                                                                                                                    |               21 |             32 |         1.52 |
|  design_1_i/zynq_ultra_ps_e_0/inst/pl_clk0 | design_1_i/HDC_Controller_AXI_W_0/U0/hdc_unit/am_buffer_ram_reg[305]0                                                                                    |                                                                                                                                    |               22 |             32 |         1.45 |
|  design_1_i/zynq_ultra_ps_e_0/inst/pl_clk0 | design_1_i/HDC_Controller_AXI_W_0/U0/hdc_unit/am_buffer_ram_reg[310]0                                                                                    |                                                                                                                                    |               27 |             32 |         1.19 |
|  design_1_i/zynq_ultra_ps_e_0/inst/pl_clk0 | design_1_i/HDC_Controller_AXI_W_0/U0/hdc_unit/am_buffer_ram_reg[42]0                                                                                     |                                                                                                                                    |               15 |             32 |         2.13 |
|  design_1_i/zynq_ultra_ps_e_0/inst/pl_clk0 | design_1_i/HDC_Controller_AXI_W_0/U0/hdc_unit/am_buffer_ram_reg[36]0                                                                                     |                                                                                                                                    |               18 |             32 |         1.78 |
|  design_1_i/zynq_ultra_ps_e_0/inst/pl_clk0 | design_1_i/HDC_Controller_AXI_W_0/U0/hdc_unit/am_buffer_ram_reg[43]0                                                                                     |                                                                                                                                    |               18 |             32 |         1.78 |
|  design_1_i/zynq_ultra_ps_e_0/inst/pl_clk0 | design_1_i/HDC_Controller_AXI_W_0/U0/hdc_unit/am_buffer_ram_reg[311]0                                                                                    |                                                                                                                                    |               26 |             32 |         1.23 |
|  design_1_i/zynq_ultra_ps_e_0/inst/pl_clk0 | design_1_i/HDC_Controller_AXI_W_0/U0/hdc_unit/am_buffer_ram_reg[288]0                                                                                    |                                                                                                                                    |               20 |             32 |         1.60 |
|  design_1_i/zynq_ultra_ps_e_0/inst/pl_clk0 | design_1_i/HDC_Controller_AXI_W_0/U0/hdc_unit/am_buffer_ram_reg[39]0                                                                                     |                                                                                                                                    |               22 |             32 |         1.45 |
|  design_1_i/zynq_ultra_ps_e_0/inst/pl_clk0 | design_1_i/HDC_Controller_AXI_W_0/U0/hdc_unit/am_buffer_ram_reg[44]0                                                                                     |                                                                                                                                    |               18 |             32 |         1.78 |
|  design_1_i/zynq_ultra_ps_e_0/inst/pl_clk0 | design_1_i/HDC_Controller_AXI_W_0/U0/hdc_unit/am_buffer_ram_reg[46]0                                                                                     |                                                                                                                                    |               20 |             32 |         1.60 |
|  design_1_i/zynq_ultra_ps_e_0/inst/pl_clk0 | design_1_i/HDC_Controller_AXI_W_0/U0/hdc_unit/am_buffer_ram_reg[30]0                                                                                     |                                                                                                                                    |               20 |             32 |         1.60 |
|  design_1_i/zynq_ultra_ps_e_0/inst/pl_clk0 | design_1_i/HDC_Controller_AXI_W_0/U0/hdc_unit/am_buffer_ram_reg[290]0                                                                                    |                                                                                                                                    |               20 |             32 |         1.60 |
|  design_1_i/zynq_ultra_ps_e_0/inst/pl_clk0 | design_1_i/HDC_Controller_AXI_W_0/U0/hdc_unit/am_buffer_ram_reg[301]0                                                                                    |                                                                                                                                    |               18 |             32 |         1.78 |
|  design_1_i/zynq_ultra_ps_e_0/inst/pl_clk0 | design_1_i/HDC_Controller_AXI_W_0/U0/hdc_unit/am_buffer_ram_reg[308]0                                                                                    |                                                                                                                                    |               24 |             32 |         1.33 |
|  design_1_i/zynq_ultra_ps_e_0/inst/pl_clk0 | design_1_i/HDC_Controller_AXI_W_0/U0/hdc_unit/am_buffer_ram_reg[300]0                                                                                    |                                                                                                                                    |               27 |             32 |         1.19 |
|  design_1_i/zynq_ultra_ps_e_0/inst/pl_clk0 | design_1_i/HDC_Controller_AXI_W_0/U0/hdc_unit/am_buffer_ram_reg[45]0                                                                                     |                                                                                                                                    |               19 |             32 |         1.68 |
|  design_1_i/zynq_ultra_ps_e_0/inst/pl_clk0 | design_1_i/HDC_Controller_AXI_W_0/U0/hdc_unit/am_buffer_ram_reg[47]0                                                                                     |                                                                                                                                    |               21 |             32 |         1.52 |
|  design_1_i/zynq_ultra_ps_e_0/inst/pl_clk0 | design_1_i/HDC_Controller_AXI_W_0/U0/hdc_unit/am_buffer_ram_reg[32]0                                                                                     |                                                                                                                                    |               19 |             32 |         1.68 |
|  design_1_i/zynq_ultra_ps_e_0/inst/pl_clk0 | design_1_i/HDC_Controller_AXI_W_0/U0/hdc_unit/am_buffer_ram_reg[37]0                                                                                     |                                                                                                                                    |               19 |             32 |         1.68 |
|  design_1_i/zynq_ultra_ps_e_0/inst/pl_clk0 | design_1_i/HDC_Controller_AXI_W_0/U0/hdc_unit/am_buffer_ram_reg[61]0                                                                                     |                                                                                                                                    |               14 |             32 |         2.29 |
|  design_1_i/zynq_ultra_ps_e_0/inst/pl_clk0 | design_1_i/HDC_Controller_AXI_W_0/U0/hdc_unit/am_buffer_ram_reg[69]0                                                                                     |                                                                                                                                    |               16 |             32 |         2.00 |
|  design_1_i/zynq_ultra_ps_e_0/inst/pl_clk0 | design_1_i/HDC_Controller_AXI_W_0/U0/hdc_unit/am_buffer_ram_reg[92]0                                                                                     |                                                                                                                                    |               26 |             32 |         1.23 |
|  design_1_i/zynq_ultra_ps_e_0/inst/pl_clk0 | design_1_i/HDC_Controller_AXI_W_0/U0/hdc_unit/am_buffer_ram_reg[71]0                                                                                     |                                                                                                                                    |               22 |             32 |         1.45 |
|  design_1_i/zynq_ultra_ps_e_0/inst/pl_clk0 | design_1_i/HDC_Controller_AXI_W_0/U0/hdc_unit/am_buffer_ram_reg[70]0                                                                                     |                                                                                                                                    |               23 |             32 |         1.39 |
|  design_1_i/zynq_ultra_ps_e_0/inst/pl_clk0 | design_1_i/HDC_Controller_AXI_W_0/U0/hdc_unit/am_buffer_ram_reg[91]0                                                                                     |                                                                                                                                    |               21 |             32 |         1.52 |
|  design_1_i/zynq_ultra_ps_e_0/inst/pl_clk0 | design_1_i/HDC_Controller_AXI_W_0/U0/hdc_unit/am_buffer_ram_reg[65]0                                                                                     |                                                                                                                                    |               15 |             32 |         2.13 |
|  design_1_i/zynq_ultra_ps_e_0/inst/pl_clk0 | design_1_i/HDC_Controller_AXI_W_0/U0/hdc_unit/am_buffer_ram_reg[97]0                                                                                     |                                                                                                                                    |               21 |             32 |         1.52 |
|  design_1_i/zynq_ultra_ps_e_0/inst/pl_clk0 | design_1_i/HDC_Controller_AXI_W_0/U0/hdc_unit/am_buffer_ram_reg[7]0                                                                                      |                                                                                                                                    |               22 |             32 |         1.45 |
|  design_1_i/zynq_ultra_ps_e_0/inst/pl_clk0 | design_1_i/HDC_Controller_AXI_W_0/U0/hdc_unit/am_buffer_ram_reg[67]0                                                                                     |                                                                                                                                    |               18 |             32 |         1.78 |
|  design_1_i/zynq_ultra_ps_e_0/inst/pl_clk0 | design_1_i/HDC_Controller_AXI_W_0/U0/hdc_unit/am_buffer_ram_reg[79]0                                                                                     |                                                                                                                                    |               22 |             32 |         1.45 |
|  design_1_i/zynq_ultra_ps_e_0/inst/pl_clk0 | design_1_i/HDC_Controller_AXI_W_0/U0/hdc_unit/am_buffer_ram_reg[80]0                                                                                     |                                                                                                                                    |               21 |             32 |         1.52 |
|  design_1_i/zynq_ultra_ps_e_0/inst/pl_clk0 | design_1_i/HDC_Controller_AXI_W_0/U0/hdc_unit/am_buffer_ram_reg[81]0                                                                                     |                                                                                                                                    |               19 |             32 |         1.68 |
|  design_1_i/zynq_ultra_ps_e_0/inst/pl_clk0 | design_1_i/HDC_Controller_AXI_W_0/U0/hdc_unit/am_buffer_ram_reg[75]0                                                                                     |                                                                                                                                    |               16 |             32 |         2.00 |
|  design_1_i/zynq_ultra_ps_e_0/inst/pl_clk0 | design_1_i/HDC_Controller_AXI_W_0/U0/hdc_unit/am_buffer_ram_reg[84]0                                                                                     |                                                                                                                                    |               25 |             32 |         1.28 |
|  design_1_i/zynq_ultra_ps_e_0/inst/pl_clk0 | design_1_i/HDC_Controller_AXI_W_0/U0/hdc_unit/am_buffer_ram_reg[56]0                                                                                     |                                                                                                                                    |               21 |             32 |         1.52 |
|  design_1_i/zynq_ultra_ps_e_0/inst/pl_clk0 | design_1_i/HDC_Controller_AXI_W_0/U0/hdc_unit/am_buffer_ram_reg[57]0                                                                                     |                                                                                                                                    |               17 |             32 |         1.88 |
|  design_1_i/zynq_ultra_ps_e_0/inst/pl_clk0 | design_1_i/HDC_Controller_AXI_W_0/U0/hdc_unit/am_buffer_ram_reg[68]0                                                                                     |                                                                                                                                    |               18 |             32 |         1.78 |
|  design_1_i/zynq_ultra_ps_e_0/inst/pl_clk0 | design_1_i/HDC_Controller_AXI_W_0/U0/hdc_unit/am_buffer_ram_reg[77]0                                                                                     |                                                                                                                                    |               21 |             32 |         1.52 |
|  design_1_i/zynq_ultra_ps_e_0/inst/pl_clk0 | design_1_i/HDC_Controller_AXI_W_0/U0/hdc_unit/am_buffer_ram_reg[78]0                                                                                     |                                                                                                                                    |               21 |             32 |         1.52 |
|  design_1_i/zynq_ultra_ps_e_0/inst/pl_clk0 | design_1_i/HDC_Controller_AXI_W_0/U0/hdc_unit/am_buffer_ram_reg[59]0                                                                                     |                                                                                                                                    |               19 |             32 |         1.68 |
|  design_1_i/zynq_ultra_ps_e_0/inst/pl_clk0 | design_1_i/HDC_Controller_AXI_W_0/U0/hdc_unit/am_buffer_ram_reg[6]0                                                                                      |                                                                                                                                    |               16 |             32 |         2.00 |
|  design_1_i/zynq_ultra_ps_e_0/inst/pl_clk0 | design_1_i/HDC_Controller_AXI_W_0/U0/hdc_unit/am_buffer_ram_reg[83]0                                                                                     |                                                                                                                                    |               24 |             32 |         1.33 |
|  design_1_i/zynq_ultra_ps_e_0/inst/pl_clk0 | design_1_i/HDC_Controller_AXI_W_0/U0/hdc_unit/am_buffer_ram_reg[74]0                                                                                     |                                                                                                                                    |               29 |             32 |         1.10 |
|  design_1_i/zynq_ultra_ps_e_0/inst/pl_clk0 | design_1_i/HDC_Controller_AXI_W_0/U0/hdc_unit/am_buffer_ram_reg[88]0                                                                                     |                                                                                                                                    |               25 |             32 |         1.28 |
|  design_1_i/zynq_ultra_ps_e_0/inst/pl_clk0 | design_1_i/HDC_Controller_AXI_W_0/U0/hdc_unit/am_buffer_ram_reg[8]0                                                                                      |                                                                                                                                    |               19 |             32 |         1.68 |
|  design_1_i/zynq_ultra_ps_e_0/inst/pl_clk0 | design_1_i/HDC_Controller_AXI_W_0/U0/hdc_unit/am_buffer_ram_reg[90]0                                                                                     |                                                                                                                                    |               23 |             32 |         1.39 |
|  design_1_i/zynq_ultra_ps_e_0/inst/pl_clk0 | design_1_i/HDC_Controller_AXI_W_0/U0/hdc_unit/am_buffer_ram_reg[54]0                                                                                     |                                                                                                                                    |               20 |             32 |         1.60 |
|  design_1_i/zynq_ultra_ps_e_0/inst/pl_clk0 | design_1_i/HDC_Controller_AXI_W_0/U0/hdc_unit/am_buffer_ram_reg[58]0                                                                                     |                                                                                                                                    |               22 |             32 |         1.45 |
|  design_1_i/zynq_ultra_ps_e_0/inst/pl_clk0 | design_1_i/HDC_Controller_AXI_W_0/U0/hdc_unit/am_buffer_ram_reg[63]0                                                                                     |                                                                                                                                    |               20 |             32 |         1.60 |
|  design_1_i/zynq_ultra_ps_e_0/inst/pl_clk0 | design_1_i/HDC_Controller_AXI_W_0/U0/hdc_unit/am_buffer_ram_reg[72]0                                                                                     |                                                                                                                                    |               23 |             32 |         1.39 |
|  design_1_i/zynq_ultra_ps_e_0/inst/pl_clk0 | design_1_i/HDC_Controller_AXI_W_0/U0/hdc_unit/am_buffer_ram_reg[86]0                                                                                     |                                                                                                                                    |               27 |             32 |         1.19 |
|  design_1_i/zynq_ultra_ps_e_0/inst/pl_clk0 | design_1_i/HDC_Controller_AXI_W_0/U0/hdc_unit/am_buffer_ram_reg[76]0                                                                                     |                                                                                                                                    |               24 |             32 |         1.33 |
|  design_1_i/zynq_ultra_ps_e_0/inst/pl_clk0 | design_1_i/HDC_Controller_AXI_W_0/U0/hdc_unit/am_buffer_ram_reg[89]0                                                                                     |                                                                                                                                    |               16 |             32 |         2.00 |
|  design_1_i/zynq_ultra_ps_e_0/inst/pl_clk0 | design_1_i/HDC_Controller_AXI_W_0/U0/hdc_unit/am_buffer_ram_reg[95]0                                                                                     |                                                                                                                                    |               28 |             32 |         1.14 |
|  design_1_i/zynq_ultra_ps_e_0/inst/pl_clk0 | design_1_i/HDC_Controller_AXI_W_0/U0/hdc_unit/am_buffer_ram_reg[64]0                                                                                     |                                                                                                                                    |               25 |             32 |         1.28 |
|  design_1_i/zynq_ultra_ps_e_0/inst/pl_clk0 | design_1_i/HDC_Controller_AXI_W_0/U0/hdc_unit/am_buffer_ram_reg[96]0                                                                                     |                                                                                                                                    |               23 |             32 |         1.39 |
|  design_1_i/zynq_ultra_ps_e_0/inst/pl_clk0 | design_1_i/HDC_Controller_AXI_W_0/U0/hdc_unit/am_buffer_ram_reg[98]0                                                                                     |                                                                                                                                    |               28 |             32 |         1.14 |
|  design_1_i/zynq_ultra_ps_e_0/inst/pl_clk0 | design_1_i/HDC_Controller_AXI_W_0/U0/hdc_unit/am_buffer_ram_reg[9]0                                                                                      |                                                                                                                                    |               18 |             32 |         1.78 |
|  design_1_i/zynq_ultra_ps_e_0/inst/pl_clk0 | design_1_i/HDC_Controller_AXI_W_0/U0/hdc_unit/am_buffer_ram_reg[82]0                                                                                     |                                                                                                                                    |               29 |             32 |         1.10 |
|  design_1_i/zynq_ultra_ps_e_0/inst/pl_clk0 | design_1_i/HDC_Controller_AXI_W_0/U0/hdc_unit/am_buffer_ram_reg[55]0                                                                                     |                                                                                                                                    |               21 |             32 |         1.52 |
|  design_1_i/zynq_ultra_ps_e_0/inst/pl_clk0 | design_1_i/HDC_Controller_AXI_W_0/U0/hdc_unit/am_buffer_ram_reg[53]0                                                                                     |                                                                                                                                    |               18 |             32 |         1.78 |
|  design_1_i/zynq_ultra_ps_e_0/inst/pl_clk0 | design_1_i/HDC_Controller_AXI_W_0/U0/hdc_unit/am_buffer_ram_reg[60]0                                                                                     |                                                                                                                                    |               18 |             32 |         1.78 |
|  design_1_i/zynq_ultra_ps_e_0/inst/pl_clk0 | design_1_i/HDC_Controller_AXI_W_0/U0/hdc_unit/am_buffer_ram_reg[85]0                                                                                     |                                                                                                                                    |               17 |             32 |         1.88 |
|  design_1_i/zynq_ultra_ps_e_0/inst/pl_clk0 | design_1_i/HDC_Controller_AXI_W_0/U0/hdc_unit/am_buffer_ram_reg[87]0                                                                                     |                                                                                                                                    |               20 |             32 |         1.60 |
|  design_1_i/zynq_ultra_ps_e_0/inst/pl_clk0 | design_1_i/HDC_Controller_AXI_W_0/U0/hdc_unit/am_buffer_ram_reg[99]0                                                                                     |                                                                                                                                    |               30 |             32 |         1.07 |
|  design_1_i/zynq_ultra_ps_e_0/inst/pl_clk0 | design_1_i/HDC_Controller_AXI_W_0/U0/hdc_unit/am_buffer_ram_reg[94]0                                                                                     |                                                                                                                                    |               28 |             32 |         1.14 |
|  design_1_i/zynq_ultra_ps_e_0/inst/pl_clk0 | design_1_i/HDC_Controller_AXI_W_0/U0/hdc_unit/am_buffer_ram_reg[66]0                                                                                     |                                                                                                                                    |               22 |             32 |         1.45 |
|  design_1_i/zynq_ultra_ps_e_0/inst/pl_clk0 | design_1_i/HDC_Controller_AXI_W_0/U0/hdc_unit/am_buffer_ram_reg[62]0                                                                                     |                                                                                                                                    |               20 |             32 |         1.60 |
|  design_1_i/zynq_ultra_ps_e_0/inst/pl_clk0 | design_1_i/HDC_Controller_AXI_W_0/U0/hdc_unit/am_buffer_ram_reg[73]0                                                                                     |                                                                                                                                    |               18 |             32 |         1.78 |
|  design_1_i/zynq_ultra_ps_e_0/inst/pl_clk0 | design_1_i/HDC_Controller_AXI_W_0/U0/hdc_unit/am_buffer_ram_reg[93]0                                                                                     |                                                                                                                                    |               26 |             32 |         1.23 |
|  design_1_i/zynq_ultra_ps_e_0/inst/pl_clk0 | design_1_i/HDC_Controller_AXI_W_0/U0/hdc_unit/am_buffer_ram_reg[5]0                                                                                      |                                                                                                                                    |               18 |             32 |         1.78 |
|  design_1_i/zynq_ultra_ps_e_0/inst/pl_clk0 | design_1_i/HDC_Controller_AXI_W_0/U0/hdc_unit/accelerator_unit/majority_ram[121]_187[31]                                                                 | design_1_i/rst_ps8_0_99M/U0/peripheral_aresetn_BUFG[0]                                                                             |               20 |             32 |         1.60 |
|  design_1_i/zynq_ultra_ps_e_0/inst/pl_clk0 | design_1_i/HDC_Controller_AXI_W_0/U0/hdc_unit/accelerator_unit/majority_ram[122]_186[31]                                                                 | design_1_i/rst_ps8_0_99M/U0/peripheral_aresetn_BUFG[0]                                                                             |               11 |             32 |         2.91 |
|  design_1_i/zynq_ultra_ps_e_0/inst/pl_clk0 | design_1_i/HDC_Controller_AXI_W_0/U0/hdc_unit/accelerator_unit/majority_ram[146]_162[31]                                                                 | design_1_i/rst_ps8_0_99M/U0/peripheral_aresetn_BUFG[0]                                                                             |               13 |             32 |         2.46 |
|  design_1_i/zynq_ultra_ps_e_0/inst/pl_clk0 | design_1_i/HDC_Controller_AXI_W_0/U0/hdc_unit/accelerator_unit/majority_ram[149]_159[31]                                                                 | design_1_i/rst_ps8_0_99M/U0/peripheral_aresetn_BUFG[0]                                                                             |               17 |             32 |         1.88 |
|  design_1_i/zynq_ultra_ps_e_0/inst/pl_clk0 | design_1_i/HDC_Controller_AXI_W_0/U0/hdc_unit/accelerator_unit/majority_ram[173]_135[31]                                                                 | design_1_i/rst_ps8_0_99M/U0/peripheral_aresetn_BUFG[0]                                                                             |               16 |             32 |         2.00 |
|  design_1_i/zynq_ultra_ps_e_0/inst/pl_clk0 | design_1_i/HDC_Controller_AXI_W_0/U0/hdc_unit/accelerator_unit/majority_ram[168]_140[31]                                                                 | design_1_i/rst_ps8_0_99M/U0/peripheral_aresetn_BUFG[0]                                                                             |               19 |             32 |         1.68 |
|  design_1_i/zynq_ultra_ps_e_0/inst/pl_clk0 | design_1_i/HDC_Controller_AXI_W_0/U0/hdc_unit/accelerator_unit/majority_ram[176]_132[31]                                                                 | design_1_i/rst_ps8_0_99M/U0/peripheral_aresetn_BUFG[0]                                                                             |               15 |             32 |         2.13 |
|  design_1_i/zynq_ultra_ps_e_0/inst/pl_clk0 | design_1_i/HDC_Controller_AXI_W_0/U0/hdc_unit/accelerator_unit/majority_ram[154]_154[31]                                                                 | design_1_i/rst_ps8_0_99M/U0/peripheral_aresetn_BUFG[0]                                                                             |               16 |             32 |         2.00 |
|  design_1_i/zynq_ultra_ps_e_0/inst/pl_clk0 | design_1_i/HDC_Controller_AXI_W_0/U0/hdc_unit/accelerator_unit/majority_ram[180]_128[31]                                                                 | design_1_i/rst_ps8_0_99M/U0/peripheral_aresetn_BUFG[0]                                                                             |               15 |             32 |         2.13 |
|  design_1_i/zynq_ultra_ps_e_0/inst/pl_clk0 | design_1_i/HDC_Controller_AXI_W_0/U0/hdc_unit/accelerator_unit/majority_ram[148]_160[31]                                                                 | design_1_i/rst_ps8_0_99M/U0/peripheral_aresetn_BUFG[0]                                                                             |               17 |             32 |         1.88 |
|  design_1_i/zynq_ultra_ps_e_0/inst/pl_clk0 | design_1_i/HDC_Controller_AXI_W_0/U0/hdc_unit/accelerator_unit/majority_ram[181]_127[31]                                                                 | design_1_i/rst_ps8_0_99M/U0/peripheral_aresetn_BUFG[0]                                                                             |               21 |             32 |         1.52 |
|  design_1_i/zynq_ultra_ps_e_0/inst/pl_clk0 | design_1_i/HDC_Controller_AXI_W_0/U0/S_AXI_ARREADY                                                                                                       | design_1_i/rst_ps8_0_99M/U0/peripheral_aresetn_BUFG[0]                                                                             |               32 |             32 |         1.00 |
|  design_1_i/zynq_ultra_ps_e_0/inst/pl_clk0 | design_1_i/HDC_Controller_AXI_W_0/U0/hdc_unit/accelerator_unit/majority_ram[182]_126[31]                                                                 | design_1_i/rst_ps8_0_99M/U0/peripheral_aresetn_BUFG[0]                                                                             |               17 |             32 |         1.88 |
|  design_1_i/zynq_ultra_ps_e_0/inst/pl_clk0 | design_1_i/HDC_Controller_AXI_W_0/U0/slv_reg[8]_1003                                                                                                     |                                                                                                                                    |               19 |             32 |         1.68 |
|  design_1_i/zynq_ultra_ps_e_0/inst/pl_clk0 | design_1_i/HDC_Controller_AXI_W_0/U0/slv_reg[3]_1008                                                                                                     |                                                                                                                                    |               23 |             32 |         1.39 |
|  design_1_i/zynq_ultra_ps_e_0/inst/pl_clk0 | design_1_i/HDC_Controller_AXI_W_0/U0/slv_reg[4]_1005                                                                                                     |                                                                                                                                    |               22 |             32 |         1.45 |
|  design_1_i/zynq_ultra_ps_e_0/inst/pl_clk0 | design_1_i/HDC_Controller_AXI_W_0/U0/slv_reg[5]_1009                                                                                                     |                                                                                                                                    |               21 |             32 |         1.52 |
|  design_1_i/zynq_ultra_ps_e_0/inst/pl_clk0 | design_1_i/HDC_Controller_AXI_W_0/U0/slv_reg[9]_1011                                                                                                     |                                                                                                                                    |               24 |             32 |         1.33 |
|  design_1_i/zynq_ultra_ps_e_0/inst/pl_clk0 | design_1_i/HDC_Controller_AXI_W_0/U0/slv_reg[1]_1007                                                                                                     |                                                                                                                                    |               21 |             32 |         1.52 |
|  design_1_i/zynq_ultra_ps_e_0/inst/pl_clk0 | design_1_i/HDC_Controller_AXI_W_0/U0/slv_reg[10]_1002                                                                                                    |                                                                                                                                    |               26 |             32 |         1.23 |
|  design_1_i/zynq_ultra_ps_e_0/inst/pl_clk0 | design_1_i/HDC_Controller_AXI_W_0/U0/slv_reg[2]_1006                                                                                                     |                                                                                                                                    |               22 |             32 |         1.45 |
|  design_1_i/zynq_ultra_ps_e_0/inst/pl_clk0 | design_1_i/HDC_Controller_AXI_W_0/U0/slv_reg[0]_1012                                                                                                     |                                                                                                                                    |               25 |             32 |         1.28 |
|  design_1_i/zynq_ultra_ps_e_0/inst/pl_clk0 | design_1_i/HDC_Controller_AXI_W_0/U0/slv_reg[7]_1010                                                                                                     |                                                                                                                                    |               14 |             32 |         2.29 |
|  design_1_i/zynq_ultra_ps_e_0/inst/pl_clk0 | design_1_i/HDC_Controller_AXI_W_0/U0/slv_reg[6]_1004                                                                                                     |                                                                                                                                    |               23 |             32 |         1.39 |
|  design_1_i/zynq_ultra_ps_e_0/inst/pl_clk0 | design_1_i/HDC_Controller_AXI_W_0/U0/hdc_unit/accelerator_unit/majority_ram[183]_125[31]                                                                 | design_1_i/rst_ps8_0_99M/U0/peripheral_aresetn_BUFG[0]                                                                             |               16 |             32 |         2.00 |
|  design_1_i/zynq_ultra_ps_e_0/inst/pl_clk0 | design_1_i/HDC_Controller_AXI_W_0/U0/hdc_unit/accelerator_unit/majority_ram[138]_170[31]                                                                 | design_1_i/rst_ps8_0_99M/U0/peripheral_aresetn_BUFG[0]                                                                             |               19 |             32 |         1.68 |
|  design_1_i/zynq_ultra_ps_e_0/inst/pl_clk0 | design_1_i/HDC_Controller_AXI_W_0/U0/hdc_unit/accelerator_unit/majority_ram[145]_163[31]                                                                 | design_1_i/rst_ps8_0_99M/U0/peripheral_aresetn_BUFG[0]                                                                             |               15 |             32 |         2.13 |
|  design_1_i/zynq_ultra_ps_e_0/inst/pl_clk0 | design_1_i/HDC_Controller_AXI_W_0/U0/hdc_unit/accelerator_unit/majority_ram[142]_166[31]                                                                 | design_1_i/rst_ps8_0_99M/U0/peripheral_aresetn_BUFG[0]                                                                             |               16 |             32 |         2.00 |
|  design_1_i/zynq_ultra_ps_e_0/inst/pl_clk0 | design_1_i/HDC_Controller_AXI_W_0/U0/hdc_unit/accelerator_unit/majority_ram[158]_150[31]                                                                 | design_1_i/rst_ps8_0_99M/U0/peripheral_aresetn_BUFG[0]                                                                             |               18 |             32 |         1.78 |
|  design_1_i/zynq_ultra_ps_e_0/inst/pl_clk0 | design_1_i/HDC_Controller_AXI_W_0/U0/hdc_unit/accelerator_unit/majority_ram[155]_153[31]                                                                 | design_1_i/rst_ps8_0_99M/U0/peripheral_aresetn_BUFG[0]                                                                             |               16 |             32 |         2.00 |
|  design_1_i/zynq_ultra_ps_e_0/inst/pl_clk0 | design_1_i/HDC_Controller_AXI_W_0/U0/hdc_unit/accelerator_unit/majority_ram[175]_133[31]                                                                 | design_1_i/rst_ps8_0_99M/U0/peripheral_aresetn_BUFG[0]                                                                             |               16 |             32 |         2.00 |
|  design_1_i/zynq_ultra_ps_e_0/inst/pl_clk0 | design_1_i/ps8_0_axi_periph/s00_couplers/auto_pc/inst/gen_axilite.gen_b2s_conv.axilite_b2s/SI_REG/ar.ar_pipe/s_ready_i_reg_0                             |                                                                                                                                    |               11 |             35 |         3.18 |
|  design_1_i/zynq_ultra_ps_e_0/inst/pl_clk0 | design_1_i/ps8_0_axi_periph/s00_couplers/auto_pc/inst/gen_axilite.gen_b2s_conv.axilite_b2s/RD.ar_channel_0/ar_cmd_fsm_0/FSM_sequential_state_reg[1]_0[0] |                                                                                                                                    |               11 |             35 |         3.18 |
|  design_1_i/zynq_ultra_ps_e_0/inst/pl_clk0 | design_1_i/ps8_0_axi_periph/s00_couplers/auto_pc/inst/gen_axilite.gen_b2s_conv.axilite_b2s/SI_REG/aw.aw_pipe/s_ready_i_reg_0                             |                                                                                                                                    |               10 |             35 |         3.50 |
|  design_1_i/zynq_ultra_ps_e_0/inst/pl_clk0 | design_1_i/ps8_0_axi_periph/s00_couplers/auto_pc/inst/gen_axilite.gen_b2s_conv.axilite_b2s/WR.aw_channel_0/aw_cmd_fsm_0/m_valid_i_reg[0]                 |                                                                                                                                    |                9 |             35 |         3.89 |
|  design_1_i/zynq_ultra_ps_e_0/inst/pl_clk0 | design_1_i/HDC_Controller_AXI_W_0/U0/hdc_unit/am_addr_write0                                                                                             |                                                                                                                                    |               16 |             48 |         3.00 |
|  design_1_i/zynq_ultra_ps_e_0/inst/pl_clk0 | design_1_i/HDC_Controller_AXI_W_0/U0/hdc_unit/chunk_idx[8]_i_1_n_0                                                                                       |                                                                                                                                    |               20 |             49 |         2.45 |
|  design_1_i/zynq_ultra_ps_e_0/inst/pl_clk0 | design_1_i/ps8_0_axi_periph/s00_couplers/auto_pc/inst/gen_axilite.gen_b2s_conv.axilite_b2s/SI_REG/r.r_pipe/p_1_in                                        |                                                                                                                                    |                8 |             49 |         6.12 |
|  design_1_i/zynq_ultra_ps_e_0/inst/pl_clk0 | design_1_i/ps8_0_axi_periph/s00_couplers/auto_pc/inst/gen_axilite.gen_b2s_conv.axilite_b2s/SI_REG/r.r_pipe/s_ready_i_reg_0                               |                                                                                                                                    |                8 |             49 |         6.12 |
|  design_1_i/zynq_ultra_ps_e_0/inst/pl_clk0 | design_1_i/HDC_Controller_AXI_W_0/U0/hdc_unit/segment_index[5]_i_1_n_0                                                                                   | design_1_i/rst_ps8_0_99M/U0/peripheral_aresetn_BUFG[0]                                                                             |               40 |            110 |         2.75 |
|  design_1_i/zynq_ultra_ps_e_0/inst/pl_clk0 |                                                                                                                                                          |                                                                                                                                    |               67 |            184 |         2.75 |
|  design_1_i/zynq_ultra_ps_e_0/inst/pl_clk0 | design_1_i/HDC_Controller_AXI_W_0/U0/hdc_unit/xor_result0                                                                                                |                                                                                                                                    |              110 |            256 |         2.33 |
|  design_1_i/zynq_ultra_ps_e_0/inst/pl_clk0 | design_1_i/HDC_Controller_AXI_W_0/U0/hdc_unit/accelerator_unit/compare_state_reg[3]_1[0]                                                                 | design_1_i/rst_ps8_0_99M/U0/peripheral_aresetn_BUFG[0]                                                                             |             3006 |          10000 |         3.33 |
|  design_1_i/zynq_ultra_ps_e_0/inst/pl_clk0 |                                                                                                                                                          | design_1_i/rst_ps8_0_99M/U0/peripheral_aresetn_BUFG[0]                                                                             |             3964 |          10010 |         2.53 |
+--------------------------------------------+----------------------------------------------------------------------------------------------------------------------------------------------------------+------------------------------------------------------------------------------------------------------------------------------------+------------------+----------------+--------------+


