Copyright 1986-2022 Xilinx, Inc. All Rights Reserved. Copyright 2022-2024 Advanced Micro Devices, Inc. All Rights Reserved.
--------------------------------------------------------------------------------------------------------------------------------------------------------------------------------------------------------------------------------------------------
| Tool Version      : Vivado v.2024.1 (win64) Build 5076996 Wed May 22 18:37:14 MDT 2024
| Date              : Tue Sep 23 17:22:03 2025
| Host              : DESKTOP-U0V267S running 64-bit major release  (build 9200)
| Command           : report_timing_summary -max_paths 10 -report_unconstrained -file design_1_wrapper_timing_summary_routed.rpt -pb design_1_wrapper_timing_summary_routed.pb -rpx design_1_wrapper_timing_summary_routed.rpx -warn_on_violation
| Design            : design_1_wrapper
| Device            : xczu3eg-sbva484
| Speed File        : -1  PRODUCTION 1.30 05-15-2022
| Design State      : Routed
| Temperature Grade : I
--------------------------------------------------------------------------------------------------------------------------------------------------------------------------------------------------------------------------------------------------

Timing Summary Report

------------------------------------------------------------------------------------------------
| Timer Settings
| --------------
------------------------------------------------------------------------------------------------

  Enable Multi Corner Analysis               :  Yes
  Enable Pessimism Removal                   :  Yes
  Pessimism Removal Resolution               :  Nearest Common Node
  Enable Input Delay Default Clock           :  No
  Enable Preset / Clear Arcs                 :  No
  Disable Flight Delays                      :  No
  Ignore I/O Paths                           :  No
  Timing Early Launch at Borrowing Latches   :  No
  Borrow Time for Max Delay Exceptions       :  Yes
  Merge Timing Exceptions                    :  Yes
  Inter-SLR Compensation                     :  Conservative

  Corner  Analyze    Analyze    
  Name    Max Paths  Min Paths  
  ------  ---------  ---------  
  Slow    Yes        Yes        
  Fast    Yes        Yes        


------------------------------------------------------------------------------------------------
| Report Methodology
| ------------------
------------------------------------------------------------------------------------------------

Rule    Severity  Description                Violations  
------  --------  -------------------------  ----------  
DPIR-2  Warning   Asynchronous driver check  23          

Note: This report is based on the most recent report_methodology run and may not be up-to-date. Run report_methodology on the current design for the latest report.



check_timing report

Table of Contents
-----------------
1. checking no_clock (0)
2. checking constant_clock (0)
3. checking pulse_width_clock (0)
4. checking unconstrained_internal_endpoints (0)
5. checking no_input_delay (0)
6. checking no_output_delay (0)
7. checking multiple_clock (0)
8. checking generated_clocks (0)
9. checking loops (0)
10. checking partial_input_delay (0)
11. checking partial_output_delay (0)
12. checking latch_loops (0)

1. checking no_clock (0)
------------------------
 There are 0 register/latch pins with no clock.


2. checking constant_clock (0)
------------------------------
 There are 0 register/latch pins with constant_clock.


3. checking pulse_width_clock (0)
---------------------------------
 There are 0 register/latch pins which need pulse_width check


4. checking unconstrained_internal_endpoints (0)
------------------------------------------------
 There are 0 pins that are not constrained for maximum delay.

 There are 0 pins that are not constrained for maximum delay due to constant clock.


5. checking no_input_delay (0)
------------------------------
 There are 0 input ports with no input delay specified.

 There are 0 input ports with no input delay but user has a false path constraint.


6. checking no_output_delay (0)
-------------------------------
 There are 0 ports with no output delay specified.

 There are 0 ports with no output delay but user has a false path constraint

 There are 0 ports with no output delay but with a timing clock defined on it or propagating through it


7. checking multiple_clock (0)
------------------------------
 There are 0 register/latch pins with multiple clocks.


8. checking generated_clocks (0)
--------------------------------
 There are 0 generated clocks that are not connected to a clock source.


9. checking loops (0)
---------------------
 There are 0 combinational loops in the design.


10. checking partial_input_delay (0)
------------------------------------
 There are 0 input ports with partial input delay specified.


11. checking partial_output_delay (0)
-------------------------------------
 There are 0 ports with partial output delay specified.


12. checking latch_loops (0)
----------------------------
 There are 0 combinational latch loops in the design through latch input



------------------------------------------------------------------------------------------------
| Design Timing Summary
| ---------------------
------------------------------------------------------------------------------------------------

    WNS(ns)      TNS(ns)  TNS Failing Endpoints  TNS Total Endpoints      WHS(ns)      THS(ns)  THS Failing Endpoints  THS Total Endpoints     WPWS(ns)     TPWS(ns)  TPWS Failing Endpoints  TPWS Total Endpoints  
    -------      -------  ---------------------  -------------------      -------      -------  ---------------------  -------------------     --------     --------  ----------------------  --------------------  
      0.087        0.000                      0               106354        0.032        0.000                      0               106354        3.500        0.000                       0                 42553  


All user specified timing constraints are met.


------------------------------------------------------------------------------------------------
| Clock Summary
| -------------
------------------------------------------------------------------------------------------------

Clock     Waveform(ns)       Period(ns)      Frequency(MHz)
-----     ------------       ----------      --------------
clk_pl_0  {0.000 5.000}      10.000          100.000         


------------------------------------------------------------------------------------------------
| Intra Clock Table
| -----------------
------------------------------------------------------------------------------------------------

Clock             WNS(ns)      TNS(ns)  TNS Failing Endpoints  TNS Total Endpoints      WHS(ns)      THS(ns)  THS Failing Endpoints  THS Total Endpoints     WPWS(ns)     TPWS(ns)  TPWS Failing Endpoints  TPWS Total Endpoints  
-----             -------      -------  ---------------------  -------------------      -------      -------  ---------------------  -------------------     --------     --------  ----------------------  --------------------  
clk_pl_0            0.087        0.000                      0                75966        0.032        0.000                      0                75966        3.500        0.000                       0                 42553  


------------------------------------------------------------------------------------------------
| Inter Clock Table
| -----------------
------------------------------------------------------------------------------------------------

From Clock    To Clock          WNS(ns)      TNS(ns)  TNS Failing Endpoints  TNS Total Endpoints      WHS(ns)      THS(ns)  THS Failing Endpoints  THS Total Endpoints  
----------    --------          -------      -------  ---------------------  -------------------      -------      -------  ---------------------  -------------------  


------------------------------------------------------------------------------------------------
| Other Path Groups Table
| -----------------------
------------------------------------------------------------------------------------------------

Path Group         From Clock         To Clock               WNS(ns)      TNS(ns)  TNS Failing Endpoints  TNS Total Endpoints      WHS(ns)      THS(ns)  THS Failing Endpoints  THS Total Endpoints  
----------         ----------         --------               -------      -------  ---------------------  -------------------      -------      -------  ---------------------  -------------------  
**async_default**  clk_pl_0           clk_pl_0                 7.348        0.000                      0                30388        0.801        0.000                      0                30388  


------------------------------------------------------------------------------------------------
| User Ignored Path Table
| -----------------------
------------------------------------------------------------------------------------------------

Path Group    From Clock    To Clock    
----------    ----------    --------    
(none)                      clk_pl_0      


------------------------------------------------------------------------------------------------
| Unconstrained Path Table
| ------------------------
------------------------------------------------------------------------------------------------

Path Group    From Clock    To Clock    
----------    ----------    --------    


------------------------------------------------------------------------------------------------
| Timing Details
| --------------
------------------------------------------------------------------------------------------------


---------------------------------------------------------------------------------------------------
From Clock:  clk_pl_0
  To Clock:  clk_pl_0

Setup :            0  Failing Endpoints,  Worst Slack        0.087ns,  Total Violation        0.000ns
Hold  :            0  Failing Endpoints,  Worst Slack        0.032ns,  Total Violation        0.000ns
PW    :            0  Failing Endpoints,  Worst Slack        3.500ns,  Total Violation        0.000ns
---------------------------------------------------------------------------------------------------


Max Delay Paths
--------------------------------------------------------------------------------------
Slack (MET) :             0.087ns  (required time - arrival time)
  Source:                 design_1_i/HDC_Controller_AXI_W_0/U0/hdc_unit/accelerator_unit/feature_index_reg[2]/C
                            (rising edge-triggered cell FDCE clocked by clk_pl_0  {rise@0.000ns fall@5.000ns period=10.000ns})
  Destination:            design_1_i/HDC_Controller_AXI_W_0/U0/hdc_unit/accelerator_unit/cm_addr_mux_reg[10]/D
                            (rising edge-triggered cell FDRE clocked by clk_pl_0  {rise@0.000ns fall@5.000ns period=10.000ns})
  Path Group:             clk_pl_0
  Path Type:              Setup (Max at Slow Process Corner)
  Requirement:            10.000ns  (clk_pl_0 rise@10.000ns - clk_pl_0 rise@0.000ns)
  Data Path Delay:        9.645ns  (logic 5.784ns (59.972%)  route 3.861ns (40.028%))
  Logic Levels:           30  (CARRY8=7 DSP_A_B_DATA=2 DSP_ALU=2 DSP_M_DATA=2 DSP_MULTIPLIER=2 DSP_OUTPUT=2 DSP_PREADD_DATA=2 LUT3=4 LUT4=1 LUT5=2 LUT6=3 MUXF7=1)
  Clock Path Skew:        -0.122ns (DCD - SCD + CPR)
    Destination Clock Delay (DCD):    1.915ns = ( 11.915 - 10.000 ) 
    Source Clock Delay      (SCD):    2.210ns
    Clock Pessimism Removal (CPR):    0.173ns
  Clock Uncertainty:      0.174ns  ((TSJ^2 + DJ^2)^1/2) / 2 + PE
    Total System Jitter     (TSJ):    0.071ns
    Discrete Jitter          (DJ):    0.340ns
    Phase Error              (PE):    0.000ns
  Clock Net Delay (Source):      2.003ns (routing 0.803ns, distribution 1.200ns)
  Clock Net Delay (Destination): 1.748ns (routing 0.727ns, distribution 1.021ns)

    Location             Delay type                Incr(ns)  Path(ns)    Netlist Resource(s)
  -------------------------------------------------------------------    -------------------
                         (clock clk_pl_0 rise edge)
                                                      0.000     0.000 r  
    PS8_X0Y0             PS8                          0.000     0.000 r  design_1_i/zynq_ultra_ps_e_0/inst/PS8_i/PLCLK[0]
                         net (fo=1, routed)           0.178     0.178    design_1_i/zynq_ultra_ps_e_0/inst/pl_clk_unbuffered[0]
    BUFG_PS_X0Y62        BUFG_PS (Prop_BUFG_PS_I_O)
                                                      0.029     0.207 r  design_1_i/zynq_ultra_ps_e_0/inst/buffer_pl_clk_0.PL_CLK_0_BUFG/O
    X0Y1 (CLOCK_ROOT)    net (fo=42559, routed)       2.003     2.210    design_1_i/HDC_Controller_AXI_W_0/U0/hdc_unit/accelerator_unit/S_AXI_ACLK
    SLICE_X5Y123         FDCE                                         r  design_1_i/HDC_Controller_AXI_W_0/U0/hdc_unit/accelerator_unit/feature_index_reg[2]/C
  -------------------------------------------------------------------    -------------------
    SLICE_X5Y123         FDCE (Prop_HFF_SLICEM_C_Q)
                                                      0.096     2.306 r  design_1_i/HDC_Controller_AXI_W_0/U0/hdc_unit/accelerator_unit/feature_index_reg[2]/Q
                         net (fo=69, routed)          0.521     2.827    design_1_i/HDC_Controller_AXI_W_0/U0/hdc_unit/accelerator_unit/feature_index[2]
    SLICE_X5Y120         MUXF7 (Prop_F7MUX_CD_SLICEM_S_O)
                                                      0.099     2.926 f  design_1_i/HDC_Controller_AXI_W_0/U0/hdc_unit/accelerator_unit/cm_addr_mux3_i_50/O
                         net (fo=1, routed)           0.327     3.253    design_1_i/HDC_Controller_AXI_W_0/U0/hdc_unit/accelerator_unit/cm_addr_mux3_i_50_n_0
    SLICE_X5Y122         LUT6 (Prop_G6LUT_SLICEM_I1_O)
                                                      0.179     3.432 f  design_1_i/HDC_Controller_AXI_W_0/U0/hdc_unit/accelerator_unit/cm_addr_mux3_i_9/O
                         net (fo=1, routed)           0.221     3.653    design_1_i/HDC_Controller_AXI_W_0/U0/hdc_unit/accelerator_unit/cm_addr_mux3/A[7]
    DSP48E2_X0Y48        DSP_A_B_DATA (Prop_DSP_A_B_DATA_DSP48E2_A[7]_A2_DATA[7])
                                                      0.241     3.894 r  design_1_i/HDC_Controller_AXI_W_0/U0/hdc_unit/accelerator_unit/cm_addr_mux3/DSP_A_B_DATA_INST/A2_DATA[7]
                         net (fo=1, routed)           0.000     3.894    design_1_i/HDC_Controller_AXI_W_0/U0/hdc_unit/accelerator_unit/cm_addr_mux3/DSP_A_B_DATA.A2_DATA<7>
    DSP48E2_X0Y48        DSP_PREADD_DATA (Prop_DSP_PREADD_DATA_DSP48E2_A2_DATA[7]_A2A1[7])
                                                      0.098     3.992 r  design_1_i/HDC_Controller_AXI_W_0/U0/hdc_unit/accelerator_unit/cm_addr_mux3/DSP_PREADD_DATA_INST/A2A1[7]
                         net (fo=1, routed)           0.000     3.992    design_1_i/HDC_Controller_AXI_W_0/U0/hdc_unit/accelerator_unit/cm_addr_mux3/DSP_PREADD_DATA.A2A1<7>
    DSP48E2_X0Y48        DSP_MULTIPLIER (Prop_DSP_MULTIPLIER_DSP48E2_A2A1[7]_V[7])
                                                      0.648     4.640 f  design_1_i/HDC_Controller_AXI_W_0/U0/hdc_unit/accelerator_unit/cm_addr_mux3/DSP_MULTIPLIER_INST/V[7]
                         net (fo=1, routed)           0.000     4.640    design_1_i/HDC_Controller_AXI_W_0/U0/hdc_unit/accelerator_unit/cm_addr_mux3/DSP_MULTIPLIER.V<7>
    DSP48E2_X0Y48        DSP_M_DATA (Prop_DSP_M_DATA_DSP48E2_V[7]_V_DATA[7])
                                                      0.057     4.697 r  design_1_i/HDC_Controller_AXI_W_0/U0/hdc_unit/accelerator_unit/cm_addr_mux3/DSP_M_DATA_INST/V_DATA[7]
                         net (fo=1, routed)           0.000     4.697    design_1_i/HDC_Controller_AXI_W_0/U0/hdc_unit/accelerator_unit/cm_addr_mux3/DSP_M_DATA.V_DATA<7>
    DSP48E2_X0Y48        DSP_ALU (Prop_DSP_ALU_DSP48E2_V_DATA[7]_ALU_OUT[7])
                                                      0.688     5.385 f  design_1_i/HDC_Controller_AXI_W_0/U0/hdc_unit/accelerator_unit/cm_addr_mux3/DSP_ALU_INST/ALU_OUT[7]
                         net (fo=1, routed)           0.000     5.385    design_1_i/HDC_Controller_AXI_W_0/U0/hdc_unit/accelerator_unit/cm_addr_mux3/DSP_ALU.ALU_OUT<7>
    DSP48E2_X0Y48        DSP_OUTPUT (Prop_DSP_OUTPUT_DSP48E2_ALU_OUT[7]_P[7])
                                                      0.141     5.526 r  design_1_i/HDC_Controller_AXI_W_0/U0/hdc_unit/accelerator_unit/cm_addr_mux3/DSP_OUTPUT_INST/P[7]
                         net (fo=14, routed)          0.307     5.834    design_1_i/HDC_Controller_AXI_W_0/U0/hdc_unit/accelerator_unit/cm_addr_mux3_n_98
    SLICE_X4Y118         LUT3 (Prop_F6LUT_SLICEM_I0_O)
                                                      0.098     5.932 f  design_1_i/HDC_Controller_AXI_W_0/U0/hdc_unit/accelerator_unit/cm_addr_mux0_i_150/O
                         net (fo=2, routed)           0.170     6.101    design_1_i/HDC_Controller_AXI_W_0/U0/hdc_unit/accelerator_unit/cm_addr_mux0_i_150_n_0
    SLICE_X3Y120         LUT5 (Prop_H6LUT_SLICEL_I0_O)
                                                      0.064     6.165 r  design_1_i/HDC_Controller_AXI_W_0/U0/hdc_unit/accelerator_unit/cm_addr_mux0_i_95/O
                         net (fo=2, routed)           0.385     6.550    design_1_i/HDC_Controller_AXI_W_0/U0/hdc_unit/accelerator_unit/cm_addr_mux0_i_95_n_0
    SLICE_X4Y120         LUT6 (Prop_B6LUT_SLICEM_I0_O)
                                                      0.100     6.650 r  design_1_i/HDC_Controller_AXI_W_0/U0/hdc_unit/accelerator_unit/cm_addr_mux0_i_103/O
                         net (fo=1, routed)           0.018     6.668    design_1_i/HDC_Controller_AXI_W_0/U0/hdc_unit/accelerator_unit/cm_addr_mux0_i_103_n_0
    SLICE_X4Y120         CARRY8 (Prop_CARRY8_SLICEM_S[1]_CO[7])
                                                      0.238     6.906 r  design_1_i/HDC_Controller_AXI_W_0/U0/hdc_unit/accelerator_unit/cm_addr_mux0_i_38/CO[7]
                         net (fo=1, routed)           0.028     6.934    design_1_i/HDC_Controller_AXI_W_0/U0/hdc_unit/accelerator_unit/cm_addr_mux0_i_38_n_0
    SLICE_X4Y121         CARRY8 (Prop_CARRY8_SLICEM_CI_CO[7])
                                                      0.023     6.957 r  design_1_i/HDC_Controller_AXI_W_0/U0/hdc_unit/accelerator_unit/cm_addr_mux0_i_10/CO[7]
                         net (fo=1, routed)           0.028     6.985    design_1_i/HDC_Controller_AXI_W_0/U0/hdc_unit/accelerator_unit/cm_addr_mux0_i_10_n_0
    SLICE_X4Y122         CARRY8 (Prop_CARRY8_SLICEM_CI_O[1])
                                                      0.097     7.082 r  design_1_i/HDC_Controller_AXI_W_0/U0/hdc_unit/accelerator_unit/cm_addr_mux0_i_11/O[1]
                         net (fo=15, routed)          0.208     7.291    design_1_i/HDC_Controller_AXI_W_0/U0/hdc_unit/accelerator_unit/cm_addr_mux0_i_11_n_14
    SLICE_X4Y122         LUT3 (Prop_D6LUT_SLICEM_I2_O)
                                                      0.062     7.353 r  design_1_i/HDC_Controller_AXI_W_0/U0/hdc_unit/accelerator_unit/cm_addr_mux0_i_118/O
                         net (fo=1, routed)           0.202     7.555    design_1_i/HDC_Controller_AXI_W_0/U0/hdc_unit/accelerator_unit/cm_addr_mux0_i_118_n_0
    SLICE_X4Y123         CARRY8 (Prop_CARRY8_SLICEM_DI[3]_O[7])
                                                      0.232     7.787 r  design_1_i/HDC_Controller_AXI_W_0/U0/hdc_unit/accelerator_unit/cm_addr_mux0_i_86/O[7]
                         net (fo=3, routed)           0.207     7.994    design_1_i/HDC_Controller_AXI_W_0/U0/hdc_unit/accelerator_unit/cm_addr_mux0_i_86_n_8
    SLICE_X4Y124         LUT3 (Prop_F6LUT_SLICEM_I0_O)
                                                      0.062     8.056 r  design_1_i/HDC_Controller_AXI_W_0/U0/hdc_unit/accelerator_unit/cm_addr_mux0_i_76/O
                         net (fo=1, routed)           0.238     8.294    design_1_i/HDC_Controller_AXI_W_0/U0/hdc_unit/accelerator_unit/cm_addr_mux0_i_76_n_0
    SLICE_X3Y123         CARRY8 (Prop_CARRY8_SLICEL_DI[7]_CO[7])
                                                      0.068     8.362 r  design_1_i/HDC_Controller_AXI_W_0/U0/hdc_unit/accelerator_unit/cm_addr_mux0_i_30/CO[7]
                         net (fo=1, routed)           0.028     8.390    design_1_i/HDC_Controller_AXI_W_0/U0/hdc_unit/accelerator_unit/cm_addr_mux0_i_30_n_0
    SLICE_X3Y124         CARRY8 (Prop_CARRY8_SLICEL_CI_O[1])
                                                      0.097     8.487 r  design_1_i/HDC_Controller_AXI_W_0/U0/hdc_unit/accelerator_unit/cm_addr_mux0_i_8/O[1]
                         net (fo=3, routed)           0.155     8.642    design_1_i/HDC_Controller_AXI_W_0/U0/hdc_unit/accelerator_unit/cm_addr_mux0_i_8_n_14
    SLICE_X3Y122         LUT4 (Prop_F6LUT_SLICEL_I2_O)
                                                      0.114     8.756 r  design_1_i/HDC_Controller_AXI_W_0/U0/hdc_unit/accelerator_unit/cm_addr_mux0_i_24/O
                         net (fo=1, routed)           0.012     8.768    design_1_i/HDC_Controller_AXI_W_0/U0/hdc_unit/accelerator_unit/cm_addr_mux0_i_24_n_0
    SLICE_X3Y122         CARRY8 (Prop_CARRY8_SLICEL_S[5]_CO[7])
                                                      0.204     8.972 r  design_1_i/HDC_Controller_AXI_W_0/U0/hdc_unit/accelerator_unit/cm_addr_mux0_i_7/CO[7]
                         net (fo=5, routed)           0.179     9.151    design_1_i/HDC_Controller_AXI_W_0/U0/hdc_unit/accelerator_unit/cm_addr_mux0_i_7_n_0
    SLICE_X3Y124         LUT3 (Prop_F6LUT_SLICEL_I0_O)
                                                      0.039     9.190 r  design_1_i/HDC_Controller_AXI_W_0/U0/hdc_unit/accelerator_unit/cm_addr_mux0_i_12/O
                         net (fo=2, routed)           0.104     9.295    design_1_i/HDC_Controller_AXI_W_0/U0/hdc_unit/accelerator_unit/cm_addr_mux0_i_12_n_0
    SLICE_X3Y125         LUT6 (Prop_B6LUT_SLICEL_I0_O)
                                                      0.115     9.410 f  design_1_i/HDC_Controller_AXI_W_0/U0/hdc_unit/accelerator_unit/cm_addr_mux0_i_2/O
                         net (fo=1, routed)           0.178     9.588    design_1_i/HDC_Controller_AXI_W_0/U0/hdc_unit/accelerator_unit/cm_addr_mux0/A[4]
    DSP48E2_X0Y50        DSP_A_B_DATA (Prop_DSP_A_B_DATA_DSP48E2_A[4]_A2_DATA[4])
                                                      0.241     9.829 r  design_1_i/HDC_Controller_AXI_W_0/U0/hdc_unit/accelerator_unit/cm_addr_mux0/DSP_A_B_DATA_INST/A2_DATA[4]
                         net (fo=1, routed)           0.000     9.829    design_1_i/HDC_Controller_AXI_W_0/U0/hdc_unit/accelerator_unit/cm_addr_mux0/DSP_A_B_DATA.A2_DATA<4>
    DSP48E2_X0Y50        DSP_PREADD_DATA (Prop_DSP_PREADD_DATA_DSP48E2_A2_DATA[4]_A2A1[4])
                                                      0.098     9.927 r  design_1_i/HDC_Controller_AXI_W_0/U0/hdc_unit/accelerator_unit/cm_addr_mux0/DSP_PREADD_DATA_INST/A2A1[4]
                         net (fo=1, routed)           0.000     9.927    design_1_i/HDC_Controller_AXI_W_0/U0/hdc_unit/accelerator_unit/cm_addr_mux0/DSP_PREADD_DATA.A2A1<4>
    DSP48E2_X0Y50        DSP_MULTIPLIER (Prop_DSP_MULTIPLIER_DSP48E2_A2A1[4]_U[10])
                                                      0.647    10.574 f  design_1_i/HDC_Controller_AXI_W_0/U0/hdc_unit/accelerator_unit/cm_addr_mux0/DSP_MULTIPLIER_INST/U[10]
                         net (fo=1, routed)           0.000    10.574    design_1_i/HDC_Controller_AXI_W_0/U0/hdc_unit/accelerator_unit/cm_addr_mux0/DSP_MULTIPLIER.U<10>
    DSP48E2_X0Y50        DSP_M_DATA (Prop_DSP_M_DATA_DSP48E2_U[10]_U_DATA[10])
                                                      0.059    10.633 r  design_1_i/HDC_Controller_AXI_W_0/U0/hdc_unit/accelerator_unit/cm_addr_mux0/DSP_M_DATA_INST/U_DATA[10]
                         net (fo=1, routed)           0.000    10.633    design_1_i/HDC_Controller_AXI_W_0/U0/hdc_unit/accelerator_unit/cm_addr_mux0/DSP_M_DATA.U_DATA<10>
    DSP48E2_X0Y50        DSP_ALU (Prop_DSP_ALU_DSP48E2_U_DATA[10]_ALU_OUT[10])
                                                      0.699    11.332 f  design_1_i/HDC_Controller_AXI_W_0/U0/hdc_unit/accelerator_unit/cm_addr_mux0/DSP_ALU_INST/ALU_OUT[10]
                         net (fo=1, routed)           0.000    11.332    design_1_i/HDC_Controller_AXI_W_0/U0/hdc_unit/accelerator_unit/cm_addr_mux0/DSP_ALU.ALU_OUT<10>
    DSP48E2_X0Y50        DSP_OUTPUT (Prop_DSP_OUTPUT_DSP48E2_ALU_OUT[10]_P[10])
                                                      0.141    11.473 r  design_1_i/HDC_Controller_AXI_W_0/U0/hdc_unit/accelerator_unit/cm_addr_mux0/DSP_OUTPUT_INST/P[10]
                         net (fo=1, routed)           0.279    11.752    design_1_i/HDC_Controller_AXI_W_0/U0/hdc_unit/accelerator_unit/cm_addr_mux0_n_95
    SLICE_X4Y126         LUT5 (Prop_E6LUT_SLICEM_I3_O)
                                                      0.039    11.791 r  design_1_i/HDC_Controller_AXI_W_0/U0/hdc_unit/accelerator_unit/cm_addr_mux[10]_i_1/O
                         net (fo=1, routed)           0.064    11.855    design_1_i/HDC_Controller_AXI_W_0/U0/hdc_unit/accelerator_unit/p_0_in__0[10]
    SLICE_X4Y126         FDRE                                         r  design_1_i/HDC_Controller_AXI_W_0/U0/hdc_unit/accelerator_unit/cm_addr_mux_reg[10]/D
  -------------------------------------------------------------------    -------------------

                         (clock clk_pl_0 rise edge)
                                                     10.000    10.000 r  
    PS8_X0Y0             PS8                          0.000    10.000 r  design_1_i/zynq_ultra_ps_e_0/inst/PS8_i/PLCLK[0]
                         net (fo=1, routed)           0.140    10.140    design_1_i/zynq_ultra_ps_e_0/inst/pl_clk_unbuffered[0]
    BUFG_PS_X0Y62        BUFG_PS (Prop_BUFG_PS_I_O)
                                                      0.027    10.167 r  design_1_i/zynq_ultra_ps_e_0/inst/buffer_pl_clk_0.PL_CLK_0_BUFG/O
    X0Y1 (CLOCK_ROOT)    net (fo=42559, routed)       1.748    11.915    design_1_i/HDC_Controller_AXI_W_0/U0/hdc_unit/accelerator_unit/S_AXI_ACLK
    SLICE_X4Y126         FDRE                                         r  design_1_i/HDC_Controller_AXI_W_0/U0/hdc_unit/accelerator_unit/cm_addr_mux_reg[10]/C
                         clock pessimism              0.173    12.089    
                         clock uncertainty           -0.174    11.915    
    SLICE_X4Y126         FDRE (Setup_EFF_SLICEM_C_D)
                                                      0.027    11.942    design_1_i/HDC_Controller_AXI_W_0/U0/hdc_unit/accelerator_unit/cm_addr_mux_reg[10]
  -------------------------------------------------------------------
                         required time                         11.942    
                         arrival time                         -11.855    
  -------------------------------------------------------------------
                         slack                                  0.087    

Slack (MET) :             0.095ns  (required time - arrival time)
  Source:                 design_1_i/HDC_Controller_AXI_W_0/U0/hdc_unit/accelerator_unit/feature_index_reg[2]/C
                            (rising edge-triggered cell FDCE clocked by clk_pl_0  {rise@0.000ns fall@5.000ns period=10.000ns})
  Destination:            design_1_i/HDC_Controller_AXI_W_0/U0/hdc_unit/accelerator_unit/cm_addr_mux_reg[5]/D
                            (rising edge-triggered cell FDRE clocked by clk_pl_0  {rise@0.000ns fall@5.000ns period=10.000ns})
  Path Group:             clk_pl_0
  Path Type:              Setup (Max at Slow Process Corner)
  Requirement:            10.000ns  (clk_pl_0 rise@10.000ns - clk_pl_0 rise@0.000ns)
  Data Path Delay:        9.637ns  (logic 5.809ns (60.281%)  route 3.828ns (39.719%))
  Logic Levels:           30  (CARRY8=7 DSP_A_B_DATA=2 DSP_ALU=2 DSP_M_DATA=2 DSP_MULTIPLIER=2 DSP_OUTPUT=2 DSP_PREADD_DATA=2 LUT3=4 LUT4=1 LUT5=2 LUT6=3 MUXF7=1)
  Clock Path Skew:        -0.122ns (DCD - SCD + CPR)
    Destination Clock Delay (DCD):    1.915ns = ( 11.915 - 10.000 ) 
    Source Clock Delay      (SCD):    2.210ns
    Clock Pessimism Removal (CPR):    0.173ns
  Clock Uncertainty:      0.174ns  ((TSJ^2 + DJ^2)^1/2) / 2 + PE
    Total System Jitter     (TSJ):    0.071ns
    Discrete Jitter          (DJ):    0.340ns
    Phase Error              (PE):    0.000ns
  Clock Net Delay (Source):      2.003ns (routing 0.803ns, distribution 1.200ns)
  Clock Net Delay (Destination): 1.748ns (routing 0.727ns, distribution 1.021ns)

    Location             Delay type                Incr(ns)  Path(ns)    Netlist Resource(s)
  -------------------------------------------------------------------    -------------------
                         (clock clk_pl_0 rise edge)
                                                      0.000     0.000 r  
    PS8_X0Y0             PS8                          0.000     0.000 r  design_1_i/zynq_ultra_ps_e_0/inst/PS8_i/PLCLK[0]
                         net (fo=1, routed)           0.178     0.178    design_1_i/zynq_ultra_ps_e_0/inst/pl_clk_unbuffered[0]
    BUFG_PS_X0Y62        BUFG_PS (Prop_BUFG_PS_I_O)
                                                      0.029     0.207 r  design_1_i/zynq_ultra_ps_e_0/inst/buffer_pl_clk_0.PL_CLK_0_BUFG/O
    X0Y1 (CLOCK_ROOT)    net (fo=42559, routed)       2.003     2.210    design_1_i/HDC_Controller_AXI_W_0/U0/hdc_unit/accelerator_unit/S_AXI_ACLK
    SLICE_X5Y123         FDCE                                         r  design_1_i/HDC_Controller_AXI_W_0/U0/hdc_unit/accelerator_unit/feature_index_reg[2]/C
  -------------------------------------------------------------------    -------------------
    SLICE_X5Y123         FDCE (Prop_HFF_SLICEM_C_Q)
                                                      0.096     2.306 r  design_1_i/HDC_Controller_AXI_W_0/U0/hdc_unit/accelerator_unit/feature_index_reg[2]/Q
                         net (fo=69, routed)          0.521     2.827    design_1_i/HDC_Controller_AXI_W_0/U0/hdc_unit/accelerator_unit/feature_index[2]
    SLICE_X5Y120         MUXF7 (Prop_F7MUX_CD_SLICEM_S_O)
                                                      0.099     2.926 f  design_1_i/HDC_Controller_AXI_W_0/U0/hdc_unit/accelerator_unit/cm_addr_mux3_i_50/O
                         net (fo=1, routed)           0.327     3.253    design_1_i/HDC_Controller_AXI_W_0/U0/hdc_unit/accelerator_unit/cm_addr_mux3_i_50_n_0
    SLICE_X5Y122         LUT6 (Prop_G6LUT_SLICEM_I1_O)
                                                      0.179     3.432 f  design_1_i/HDC_Controller_AXI_W_0/U0/hdc_unit/accelerator_unit/cm_addr_mux3_i_9/O
                         net (fo=1, routed)           0.221     3.653    design_1_i/HDC_Controller_AXI_W_0/U0/hdc_unit/accelerator_unit/cm_addr_mux3/A[7]
    DSP48E2_X0Y48        DSP_A_B_DATA (Prop_DSP_A_B_DATA_DSP48E2_A[7]_A2_DATA[7])
                                                      0.241     3.894 r  design_1_i/HDC_Controller_AXI_W_0/U0/hdc_unit/accelerator_unit/cm_addr_mux3/DSP_A_B_DATA_INST/A2_DATA[7]
                         net (fo=1, routed)           0.000     3.894    design_1_i/HDC_Controller_AXI_W_0/U0/hdc_unit/accelerator_unit/cm_addr_mux3/DSP_A_B_DATA.A2_DATA<7>
    DSP48E2_X0Y48        DSP_PREADD_DATA (Prop_DSP_PREADD_DATA_DSP48E2_A2_DATA[7]_A2A1[7])
                                                      0.098     3.992 r  design_1_i/HDC_Controller_AXI_W_0/U0/hdc_unit/accelerator_unit/cm_addr_mux3/DSP_PREADD_DATA_INST/A2A1[7]
                         net (fo=1, routed)           0.000     3.992    design_1_i/HDC_Controller_AXI_W_0/U0/hdc_unit/accelerator_unit/cm_addr_mux3/DSP_PREADD_DATA.A2A1<7>
    DSP48E2_X0Y48        DSP_MULTIPLIER (Prop_DSP_MULTIPLIER_DSP48E2_A2A1[7]_V[7])
                                                      0.648     4.640 f  design_1_i/HDC_Controller_AXI_W_0/U0/hdc_unit/accelerator_unit/cm_addr_mux3/DSP_MULTIPLIER_INST/V[7]
                         net (fo=1, routed)           0.000     4.640    design_1_i/HDC_Controller_AXI_W_0/U0/hdc_unit/accelerator_unit/cm_addr_mux3/DSP_MULTIPLIER.V<7>
    DSP48E2_X0Y48        DSP_M_DATA (Prop_DSP_M_DATA_DSP48E2_V[7]_V_DATA[7])
                                                      0.057     4.697 r  design_1_i/HDC_Controller_AXI_W_0/U0/hdc_unit/accelerator_unit/cm_addr_mux3/DSP_M_DATA_INST/V_DATA[7]
                         net (fo=1, routed)           0.000     4.697    design_1_i/HDC_Controller_AXI_W_0/U0/hdc_unit/accelerator_unit/cm_addr_mux3/DSP_M_DATA.V_DATA<7>
    DSP48E2_X0Y48        DSP_ALU (Prop_DSP_ALU_DSP48E2_V_DATA[7]_ALU_OUT[7])
                                                      0.688     5.385 f  design_1_i/HDC_Controller_AXI_W_0/U0/hdc_unit/accelerator_unit/cm_addr_mux3/DSP_ALU_INST/ALU_OUT[7]
                         net (fo=1, routed)           0.000     5.385    design_1_i/HDC_Controller_AXI_W_0/U0/hdc_unit/accelerator_unit/cm_addr_mux3/DSP_ALU.ALU_OUT<7>
    DSP48E2_X0Y48        DSP_OUTPUT (Prop_DSP_OUTPUT_DSP48E2_ALU_OUT[7]_P[7])
                                                      0.141     5.526 r  design_1_i/HDC_Controller_AXI_W_0/U0/hdc_unit/accelerator_unit/cm_addr_mux3/DSP_OUTPUT_INST/P[7]
                         net (fo=14, routed)          0.307     5.834    design_1_i/HDC_Controller_AXI_W_0/U0/hdc_unit/accelerator_unit/cm_addr_mux3_n_98
    SLICE_X4Y118         LUT3 (Prop_F6LUT_SLICEM_I0_O)
                                                      0.098     5.932 f  design_1_i/HDC_Controller_AXI_W_0/U0/hdc_unit/accelerator_unit/cm_addr_mux0_i_150/O
                         net (fo=2, routed)           0.170     6.101    design_1_i/HDC_Controller_AXI_W_0/U0/hdc_unit/accelerator_unit/cm_addr_mux0_i_150_n_0
    SLICE_X3Y120         LUT5 (Prop_H6LUT_SLICEL_I0_O)
                                                      0.064     6.165 r  design_1_i/HDC_Controller_AXI_W_0/U0/hdc_unit/accelerator_unit/cm_addr_mux0_i_95/O
                         net (fo=2, routed)           0.385     6.550    design_1_i/HDC_Controller_AXI_W_0/U0/hdc_unit/accelerator_unit/cm_addr_mux0_i_95_n_0
    SLICE_X4Y120         LUT6 (Prop_B6LUT_SLICEM_I0_O)
                                                      0.100     6.650 r  design_1_i/HDC_Controller_AXI_W_0/U0/hdc_unit/accelerator_unit/cm_addr_mux0_i_103/O
                         net (fo=1, routed)           0.018     6.668    design_1_i/HDC_Controller_AXI_W_0/U0/hdc_unit/accelerator_unit/cm_addr_mux0_i_103_n_0
    SLICE_X4Y120         CARRY8 (Prop_CARRY8_SLICEM_S[1]_CO[7])
                                                      0.238     6.906 r  design_1_i/HDC_Controller_AXI_W_0/U0/hdc_unit/accelerator_unit/cm_addr_mux0_i_38/CO[7]
                         net (fo=1, routed)           0.028     6.934    design_1_i/HDC_Controller_AXI_W_0/U0/hdc_unit/accelerator_unit/cm_addr_mux0_i_38_n_0
    SLICE_X4Y121         CARRY8 (Prop_CARRY8_SLICEM_CI_CO[7])
                                                      0.023     6.957 r  design_1_i/HDC_Controller_AXI_W_0/U0/hdc_unit/accelerator_unit/cm_addr_mux0_i_10/CO[7]
                         net (fo=1, routed)           0.028     6.985    design_1_i/HDC_Controller_AXI_W_0/U0/hdc_unit/accelerator_unit/cm_addr_mux0_i_10_n_0
    SLICE_X4Y122         CARRY8 (Prop_CARRY8_SLICEM_CI_O[1])
                                                      0.097     7.082 r  design_1_i/HDC_Controller_AXI_W_0/U0/hdc_unit/accelerator_unit/cm_addr_mux0_i_11/O[1]
                         net (fo=15, routed)          0.208     7.291    design_1_i/HDC_Controller_AXI_W_0/U0/hdc_unit/accelerator_unit/cm_addr_mux0_i_11_n_14
    SLICE_X4Y122         LUT3 (Prop_D6LUT_SLICEM_I2_O)
                                                      0.062     7.353 r  design_1_i/HDC_Controller_AXI_W_0/U0/hdc_unit/accelerator_unit/cm_addr_mux0_i_118/O
                         net (fo=1, routed)           0.202     7.555    design_1_i/HDC_Controller_AXI_W_0/U0/hdc_unit/accelerator_unit/cm_addr_mux0_i_118_n_0
    SLICE_X4Y123         CARRY8 (Prop_CARRY8_SLICEM_DI[3]_O[7])
                                                      0.232     7.787 r  design_1_i/HDC_Controller_AXI_W_0/U0/hdc_unit/accelerator_unit/cm_addr_mux0_i_86/O[7]
                         net (fo=3, routed)           0.207     7.994    design_1_i/HDC_Controller_AXI_W_0/U0/hdc_unit/accelerator_unit/cm_addr_mux0_i_86_n_8
    SLICE_X4Y124         LUT3 (Prop_F6LUT_SLICEM_I0_O)
                                                      0.062     8.056 r  design_1_i/HDC_Controller_AXI_W_0/U0/hdc_unit/accelerator_unit/cm_addr_mux0_i_76/O
                         net (fo=1, routed)           0.238     8.294    design_1_i/HDC_Controller_AXI_W_0/U0/hdc_unit/accelerator_unit/cm_addr_mux0_i_76_n_0
    SLICE_X3Y123         CARRY8 (Prop_CARRY8_SLICEL_DI[7]_CO[7])
                                                      0.068     8.362 r  design_1_i/HDC_Controller_AXI_W_0/U0/hdc_unit/accelerator_unit/cm_addr_mux0_i_30/CO[7]
                         net (fo=1, routed)           0.028     8.390    design_1_i/HDC_Controller_AXI_W_0/U0/hdc_unit/accelerator_unit/cm_addr_mux0_i_30_n_0
    SLICE_X3Y124         CARRY8 (Prop_CARRY8_SLICEL_CI_O[1])
                                                      0.097     8.487 r  design_1_i/HDC_Controller_AXI_W_0/U0/hdc_unit/accelerator_unit/cm_addr_mux0_i_8/O[1]
                         net (fo=3, routed)           0.155     8.642    design_1_i/HDC_Controller_AXI_W_0/U0/hdc_unit/accelerator_unit/cm_addr_mux0_i_8_n_14
    SLICE_X3Y122         LUT4 (Prop_F6LUT_SLICEL_I2_O)
                                                      0.114     8.756 r  design_1_i/HDC_Controller_AXI_W_0/U0/hdc_unit/accelerator_unit/cm_addr_mux0_i_24/O
                         net (fo=1, routed)           0.012     8.768    design_1_i/HDC_Controller_AXI_W_0/U0/hdc_unit/accelerator_unit/cm_addr_mux0_i_24_n_0
    SLICE_X3Y122         CARRY8 (Prop_CARRY8_SLICEL_S[5]_CO[7])
                                                      0.204     8.972 r  design_1_i/HDC_Controller_AXI_W_0/U0/hdc_unit/accelerator_unit/cm_addr_mux0_i_7/CO[7]
                         net (fo=5, routed)           0.179     9.151    design_1_i/HDC_Controller_AXI_W_0/U0/hdc_unit/accelerator_unit/cm_addr_mux0_i_7_n_0
    SLICE_X3Y124         LUT3 (Prop_F6LUT_SLICEL_I0_O)
                                                      0.039     9.190 r  design_1_i/HDC_Controller_AXI_W_0/U0/hdc_unit/accelerator_unit/cm_addr_mux0_i_12/O
                         net (fo=2, routed)           0.104     9.295    design_1_i/HDC_Controller_AXI_W_0/U0/hdc_unit/accelerator_unit/cm_addr_mux0_i_12_n_0
    SLICE_X3Y125         LUT6 (Prop_B6LUT_SLICEL_I0_O)
                                                      0.115     9.410 f  design_1_i/HDC_Controller_AXI_W_0/U0/hdc_unit/accelerator_unit/cm_addr_mux0_i_2/O
                         net (fo=1, routed)           0.178     9.588    design_1_i/HDC_Controller_AXI_W_0/U0/hdc_unit/accelerator_unit/cm_addr_mux0/A[4]
    DSP48E2_X0Y50        DSP_A_B_DATA (Prop_DSP_A_B_DATA_DSP48E2_A[4]_A2_DATA[4])
                                                      0.241     9.829 r  design_1_i/HDC_Controller_AXI_W_0/U0/hdc_unit/accelerator_unit/cm_addr_mux0/DSP_A_B_DATA_INST/A2_DATA[4]
                         net (fo=1, routed)           0.000     9.829    design_1_i/HDC_Controller_AXI_W_0/U0/hdc_unit/accelerator_unit/cm_addr_mux0/DSP_A_B_DATA.A2_DATA<4>
    DSP48E2_X0Y50        DSP_PREADD_DATA (Prop_DSP_PREADD_DATA_DSP48E2_A2_DATA[4]_A2A1[4])
                                                      0.098     9.927 r  design_1_i/HDC_Controller_AXI_W_0/U0/hdc_unit/accelerator_unit/cm_addr_mux0/DSP_PREADD_DATA_INST/A2A1[4]
                         net (fo=1, routed)           0.000     9.927    design_1_i/HDC_Controller_AXI_W_0/U0/hdc_unit/accelerator_unit/cm_addr_mux0/DSP_PREADD_DATA.A2A1<4>
    DSP48E2_X0Y50        DSP_MULTIPLIER (Prop_DSP_MULTIPLIER_DSP48E2_A2A1[4]_U[5])
                                                      0.647    10.574 f  design_1_i/HDC_Controller_AXI_W_0/U0/hdc_unit/accelerator_unit/cm_addr_mux0/DSP_MULTIPLIER_INST/U[5]
                         net (fo=1, routed)           0.000    10.574    design_1_i/HDC_Controller_AXI_W_0/U0/hdc_unit/accelerator_unit/cm_addr_mux0/DSP_MULTIPLIER.U<5>
    DSP48E2_X0Y50        DSP_M_DATA (Prop_DSP_M_DATA_DSP48E2_U[5]_U_DATA[5])
                                                      0.059    10.633 r  design_1_i/HDC_Controller_AXI_W_0/U0/hdc_unit/accelerator_unit/cm_addr_mux0/DSP_M_DATA_INST/U_DATA[5]
                         net (fo=1, routed)           0.000    10.633    design_1_i/HDC_Controller_AXI_W_0/U0/hdc_unit/accelerator_unit/cm_addr_mux0/DSP_M_DATA.U_DATA<5>
    DSP48E2_X0Y50        DSP_ALU (Prop_DSP_ALU_DSP48E2_U_DATA[5]_ALU_OUT[5])
                                                      0.699    11.332 f  design_1_i/HDC_Controller_AXI_W_0/U0/hdc_unit/accelerator_unit/cm_addr_mux0/DSP_ALU_INST/ALU_OUT[5]
                         net (fo=1, routed)           0.000    11.332    design_1_i/HDC_Controller_AXI_W_0/U0/hdc_unit/accelerator_unit/cm_addr_mux0/DSP_ALU.ALU_OUT<5>
    DSP48E2_X0Y50        DSP_OUTPUT (Prop_DSP_OUTPUT_DSP48E2_ALU_OUT[5]_P[5])
                                                      0.141    11.473 r  design_1_i/HDC_Controller_AXI_W_0/U0/hdc_unit/accelerator_unit/cm_addr_mux0/DSP_OUTPUT_INST/P[5]
                         net (fo=1, routed)           0.241    11.714    design_1_i/HDC_Controller_AXI_W_0/U0/hdc_unit/accelerator_unit/cm_addr_mux0_n_100
    SLICE_X4Y125         LUT5 (Prop_G6LUT_SLICEM_I3_O)
                                                      0.064    11.778 r  design_1_i/HDC_Controller_AXI_W_0/U0/hdc_unit/accelerator_unit/cm_addr_mux[5]_i_1/O
                         net (fo=1, routed)           0.069    11.847    design_1_i/HDC_Controller_AXI_W_0/U0/hdc_unit/accelerator_unit/p_0_in__0[5]
    SLICE_X4Y125         FDRE                                         r  design_1_i/HDC_Controller_AXI_W_0/U0/hdc_unit/accelerator_unit/cm_addr_mux_reg[5]/D
  -------------------------------------------------------------------    -------------------

                         (clock clk_pl_0 rise edge)
                                                     10.000    10.000 r  
    PS8_X0Y0             PS8                          0.000    10.000 r  design_1_i/zynq_ultra_ps_e_0/inst/PS8_i/PLCLK[0]
                         net (fo=1, routed)           0.140    10.140    design_1_i/zynq_ultra_ps_e_0/inst/pl_clk_unbuffered[0]
    BUFG_PS_X0Y62        BUFG_PS (Prop_BUFG_PS_I_O)
                                                      0.027    10.167 r  design_1_i/zynq_ultra_ps_e_0/inst/buffer_pl_clk_0.PL_CLK_0_BUFG/O
    X0Y1 (CLOCK_ROOT)    net (fo=42559, routed)       1.748    11.915    design_1_i/HDC_Controller_AXI_W_0/U0/hdc_unit/accelerator_unit/S_AXI_ACLK
    SLICE_X4Y125         FDRE                                         r  design_1_i/HDC_Controller_AXI_W_0/U0/hdc_unit/accelerator_unit/cm_addr_mux_reg[5]/C
                         clock pessimism              0.173    12.089    
                         clock uncertainty           -0.174    11.915    
    SLICE_X4Y125         FDRE (Setup_GFF_SLICEM_C_D)
                                                      0.027    11.942    design_1_i/HDC_Controller_AXI_W_0/U0/hdc_unit/accelerator_unit/cm_addr_mux_reg[5]
  -------------------------------------------------------------------
                         required time                         11.942    
                         arrival time                         -11.847    
  -------------------------------------------------------------------
                         slack                                  0.095    

Slack (MET) :             0.109ns  (required time - arrival time)
  Source:                 design_1_i/HDC_Controller_AXI_W_0/U0/hdc_unit/accelerator_unit/feature_index_reg[2]/C
                            (rising edge-triggered cell FDCE clocked by clk_pl_0  {rise@0.000ns fall@5.000ns period=10.000ns})
  Destination:            design_1_i/HDC_Controller_AXI_W_0/U0/hdc_unit/accelerator_unit/cm_addr_mux_reg[7]/D
                            (rising edge-triggered cell FDRE clocked by clk_pl_0  {rise@0.000ns fall@5.000ns period=10.000ns})
  Path Group:             clk_pl_0
  Path Type:              Setup (Max at Slow Process Corner)
  Requirement:            10.000ns  (clk_pl_0 rise@10.000ns - clk_pl_0 rise@0.000ns)
  Data Path Delay:        9.623ns  (logic 5.809ns (60.368%)  route 3.814ns (39.632%))
  Logic Levels:           30  (CARRY8=7 DSP_A_B_DATA=2 DSP_ALU=2 DSP_M_DATA=2 DSP_MULTIPLIER=2 DSP_OUTPUT=2 DSP_PREADD_DATA=2 LUT3=4 LUT4=1 LUT5=2 LUT6=3 MUXF7=1)
  Clock Path Skew:        -0.122ns (DCD - SCD + CPR)
    Destination Clock Delay (DCD):    1.915ns = ( 11.915 - 10.000 ) 
    Source Clock Delay      (SCD):    2.210ns
    Clock Pessimism Removal (CPR):    0.173ns
  Clock Uncertainty:      0.174ns  ((TSJ^2 + DJ^2)^1/2) / 2 + PE
    Total System Jitter     (TSJ):    0.071ns
    Discrete Jitter          (DJ):    0.340ns
    Phase Error              (PE):    0.000ns
  Clock Net Delay (Source):      2.003ns (routing 0.803ns, distribution 1.200ns)
  Clock Net Delay (Destination): 1.748ns (routing 0.727ns, distribution 1.021ns)

    Location             Delay type                Incr(ns)  Path(ns)    Netlist Resource(s)
  -------------------------------------------------------------------    -------------------
                         (clock clk_pl_0 rise edge)
                                                      0.000     0.000 r  
    PS8_X0Y0             PS8                          0.000     0.000 r  design_1_i/zynq_ultra_ps_e_0/inst/PS8_i/PLCLK[0]
                         net (fo=1, routed)           0.178     0.178    design_1_i/zynq_ultra_ps_e_0/inst/pl_clk_unbuffered[0]
    BUFG_PS_X0Y62        BUFG_PS (Prop_BUFG_PS_I_O)
                                                      0.029     0.207 r  design_1_i/zynq_ultra_ps_e_0/inst/buffer_pl_clk_0.PL_CLK_0_BUFG/O
    X0Y1 (CLOCK_ROOT)    net (fo=42559, routed)       2.003     2.210    design_1_i/HDC_Controller_AXI_W_0/U0/hdc_unit/accelerator_unit/S_AXI_ACLK
    SLICE_X5Y123         FDCE                                         r  design_1_i/HDC_Controller_AXI_W_0/U0/hdc_unit/accelerator_unit/feature_index_reg[2]/C
  -------------------------------------------------------------------    -------------------
    SLICE_X5Y123         FDCE (Prop_HFF_SLICEM_C_Q)
                                                      0.096     2.306 r  design_1_i/HDC_Controller_AXI_W_0/U0/hdc_unit/accelerator_unit/feature_index_reg[2]/Q
                         net (fo=69, routed)          0.521     2.827    design_1_i/HDC_Controller_AXI_W_0/U0/hdc_unit/accelerator_unit/feature_index[2]
    SLICE_X5Y120         MUXF7 (Prop_F7MUX_CD_SLICEM_S_O)
                                                      0.099     2.926 f  design_1_i/HDC_Controller_AXI_W_0/U0/hdc_unit/accelerator_unit/cm_addr_mux3_i_50/O
                         net (fo=1, routed)           0.327     3.253    design_1_i/HDC_Controller_AXI_W_0/U0/hdc_unit/accelerator_unit/cm_addr_mux3_i_50_n_0
    SLICE_X5Y122         LUT6 (Prop_G6LUT_SLICEM_I1_O)
                                                      0.179     3.432 f  design_1_i/HDC_Controller_AXI_W_0/U0/hdc_unit/accelerator_unit/cm_addr_mux3_i_9/O
                         net (fo=1, routed)           0.221     3.653    design_1_i/HDC_Controller_AXI_W_0/U0/hdc_unit/accelerator_unit/cm_addr_mux3/A[7]
    DSP48E2_X0Y48        DSP_A_B_DATA (Prop_DSP_A_B_DATA_DSP48E2_A[7]_A2_DATA[7])
                                                      0.241     3.894 r  design_1_i/HDC_Controller_AXI_W_0/U0/hdc_unit/accelerator_unit/cm_addr_mux3/DSP_A_B_DATA_INST/A2_DATA[7]
                         net (fo=1, routed)           0.000     3.894    design_1_i/HDC_Controller_AXI_W_0/U0/hdc_unit/accelerator_unit/cm_addr_mux3/DSP_A_B_DATA.A2_DATA<7>
    DSP48E2_X0Y48        DSP_PREADD_DATA (Prop_DSP_PREADD_DATA_DSP48E2_A2_DATA[7]_A2A1[7])
                                                      0.098     3.992 r  design_1_i/HDC_Controller_AXI_W_0/U0/hdc_unit/accelerator_unit/cm_addr_mux3/DSP_PREADD_DATA_INST/A2A1[7]
                         net (fo=1, routed)           0.000     3.992    design_1_i/HDC_Controller_AXI_W_0/U0/hdc_unit/accelerator_unit/cm_addr_mux3/DSP_PREADD_DATA.A2A1<7>
    DSP48E2_X0Y48        DSP_MULTIPLIER (Prop_DSP_MULTIPLIER_DSP48E2_A2A1[7]_V[7])
                                                      0.648     4.640 f  design_1_i/HDC_Controller_AXI_W_0/U0/hdc_unit/accelerator_unit/cm_addr_mux3/DSP_MULTIPLIER_INST/V[7]
                         net (fo=1, routed)           0.000     4.640    design_1_i/HDC_Controller_AXI_W_0/U0/hdc_unit/accelerator_unit/cm_addr_mux3/DSP_MULTIPLIER.V<7>
    DSP48E2_X0Y48        DSP_M_DATA (Prop_DSP_M_DATA_DSP48E2_V[7]_V_DATA[7])
                                                      0.057     4.697 r  design_1_i/HDC_Controller_AXI_W_0/U0/hdc_unit/accelerator_unit/cm_addr_mux3/DSP_M_DATA_INST/V_DATA[7]
                         net (fo=1, routed)           0.000     4.697    design_1_i/HDC_Controller_AXI_W_0/U0/hdc_unit/accelerator_unit/cm_addr_mux3/DSP_M_DATA.V_DATA<7>
    DSP48E2_X0Y48        DSP_ALU (Prop_DSP_ALU_DSP48E2_V_DATA[7]_ALU_OUT[7])
                                                      0.688     5.385 f  design_1_i/HDC_Controller_AXI_W_0/U0/hdc_unit/accelerator_unit/cm_addr_mux3/DSP_ALU_INST/ALU_OUT[7]
                         net (fo=1, routed)           0.000     5.385    design_1_i/HDC_Controller_AXI_W_0/U0/hdc_unit/accelerator_unit/cm_addr_mux3/DSP_ALU.ALU_OUT<7>
    DSP48E2_X0Y48        DSP_OUTPUT (Prop_DSP_OUTPUT_DSP48E2_ALU_OUT[7]_P[7])
                                                      0.141     5.526 r  design_1_i/HDC_Controller_AXI_W_0/U0/hdc_unit/accelerator_unit/cm_addr_mux3/DSP_OUTPUT_INST/P[7]
                         net (fo=14, routed)          0.307     5.834    design_1_i/HDC_Controller_AXI_W_0/U0/hdc_unit/accelerator_unit/cm_addr_mux3_n_98
    SLICE_X4Y118         LUT3 (Prop_F6LUT_SLICEM_I0_O)
                                                      0.098     5.932 f  design_1_i/HDC_Controller_AXI_W_0/U0/hdc_unit/accelerator_unit/cm_addr_mux0_i_150/O
                         net (fo=2, routed)           0.170     6.101    design_1_i/HDC_Controller_AXI_W_0/U0/hdc_unit/accelerator_unit/cm_addr_mux0_i_150_n_0
    SLICE_X3Y120         LUT5 (Prop_H6LUT_SLICEL_I0_O)
                                                      0.064     6.165 r  design_1_i/HDC_Controller_AXI_W_0/U0/hdc_unit/accelerator_unit/cm_addr_mux0_i_95/O
                         net (fo=2, routed)           0.385     6.550    design_1_i/HDC_Controller_AXI_W_0/U0/hdc_unit/accelerator_unit/cm_addr_mux0_i_95_n_0
    SLICE_X4Y120         LUT6 (Prop_B6LUT_SLICEM_I0_O)
                                                      0.100     6.650 r  design_1_i/HDC_Controller_AXI_W_0/U0/hdc_unit/accelerator_unit/cm_addr_mux0_i_103/O
                         net (fo=1, routed)           0.018     6.668    design_1_i/HDC_Controller_AXI_W_0/U0/hdc_unit/accelerator_unit/cm_addr_mux0_i_103_n_0
    SLICE_X4Y120         CARRY8 (Prop_CARRY8_SLICEM_S[1]_CO[7])
                                                      0.238     6.906 r  design_1_i/HDC_Controller_AXI_W_0/U0/hdc_unit/accelerator_unit/cm_addr_mux0_i_38/CO[7]
                         net (fo=1, routed)           0.028     6.934    design_1_i/HDC_Controller_AXI_W_0/U0/hdc_unit/accelerator_unit/cm_addr_mux0_i_38_n_0
    SLICE_X4Y121         CARRY8 (Prop_CARRY8_SLICEM_CI_CO[7])
                                                      0.023     6.957 r  design_1_i/HDC_Controller_AXI_W_0/U0/hdc_unit/accelerator_unit/cm_addr_mux0_i_10/CO[7]
                         net (fo=1, routed)           0.028     6.985    design_1_i/HDC_Controller_AXI_W_0/U0/hdc_unit/accelerator_unit/cm_addr_mux0_i_10_n_0
    SLICE_X4Y122         CARRY8 (Prop_CARRY8_SLICEM_CI_O[1])
                                                      0.097     7.082 r  design_1_i/HDC_Controller_AXI_W_0/U0/hdc_unit/accelerator_unit/cm_addr_mux0_i_11/O[1]
                         net (fo=15, routed)          0.208     7.291    design_1_i/HDC_Controller_AXI_W_0/U0/hdc_unit/accelerator_unit/cm_addr_mux0_i_11_n_14
    SLICE_X4Y122         LUT3 (Prop_D6LUT_SLICEM_I2_O)
                                                      0.062     7.353 r  design_1_i/HDC_Controller_AXI_W_0/U0/hdc_unit/accelerator_unit/cm_addr_mux0_i_118/O
                         net (fo=1, routed)           0.202     7.555    design_1_i/HDC_Controller_AXI_W_0/U0/hdc_unit/accelerator_unit/cm_addr_mux0_i_118_n_0
    SLICE_X4Y123         CARRY8 (Prop_CARRY8_SLICEM_DI[3]_O[7])
                                                      0.232     7.787 r  design_1_i/HDC_Controller_AXI_W_0/U0/hdc_unit/accelerator_unit/cm_addr_mux0_i_86/O[7]
                         net (fo=3, routed)           0.207     7.994    design_1_i/HDC_Controller_AXI_W_0/U0/hdc_unit/accelerator_unit/cm_addr_mux0_i_86_n_8
    SLICE_X4Y124         LUT3 (Prop_F6LUT_SLICEM_I0_O)
                                                      0.062     8.056 r  design_1_i/HDC_Controller_AXI_W_0/U0/hdc_unit/accelerator_unit/cm_addr_mux0_i_76/O
                         net (fo=1, routed)           0.238     8.294    design_1_i/HDC_Controller_AXI_W_0/U0/hdc_unit/accelerator_unit/cm_addr_mux0_i_76_n_0
    SLICE_X3Y123         CARRY8 (Prop_CARRY8_SLICEL_DI[7]_CO[7])
                                                      0.068     8.362 r  design_1_i/HDC_Controller_AXI_W_0/U0/hdc_unit/accelerator_unit/cm_addr_mux0_i_30/CO[7]
                         net (fo=1, routed)           0.028     8.390    design_1_i/HDC_Controller_AXI_W_0/U0/hdc_unit/accelerator_unit/cm_addr_mux0_i_30_n_0
    SLICE_X3Y124         CARRY8 (Prop_CARRY8_SLICEL_CI_O[1])
                                                      0.097     8.487 r  design_1_i/HDC_Controller_AXI_W_0/U0/hdc_unit/accelerator_unit/cm_addr_mux0_i_8/O[1]
                         net (fo=3, routed)           0.155     8.642    design_1_i/HDC_Controller_AXI_W_0/U0/hdc_unit/accelerator_unit/cm_addr_mux0_i_8_n_14
    SLICE_X3Y122         LUT4 (Prop_F6LUT_SLICEL_I2_O)
                                                      0.114     8.756 r  design_1_i/HDC_Controller_AXI_W_0/U0/hdc_unit/accelerator_unit/cm_addr_mux0_i_24/O
                         net (fo=1, routed)           0.012     8.768    design_1_i/HDC_Controller_AXI_W_0/U0/hdc_unit/accelerator_unit/cm_addr_mux0_i_24_n_0
    SLICE_X3Y122         CARRY8 (Prop_CARRY8_SLICEL_S[5]_CO[7])
                                                      0.204     8.972 r  design_1_i/HDC_Controller_AXI_W_0/U0/hdc_unit/accelerator_unit/cm_addr_mux0_i_7/CO[7]
                         net (fo=5, routed)           0.179     9.151    design_1_i/HDC_Controller_AXI_W_0/U0/hdc_unit/accelerator_unit/cm_addr_mux0_i_7_n_0
    SLICE_X3Y124         LUT3 (Prop_F6LUT_SLICEL_I0_O)
                                                      0.039     9.190 r  design_1_i/HDC_Controller_AXI_W_0/U0/hdc_unit/accelerator_unit/cm_addr_mux0_i_12/O
                         net (fo=2, routed)           0.104     9.295    design_1_i/HDC_Controller_AXI_W_0/U0/hdc_unit/accelerator_unit/cm_addr_mux0_i_12_n_0
    SLICE_X3Y125         LUT6 (Prop_B6LUT_SLICEL_I0_O)
                                                      0.115     9.410 f  design_1_i/HDC_Controller_AXI_W_0/U0/hdc_unit/accelerator_unit/cm_addr_mux0_i_2/O
                         net (fo=1, routed)           0.178     9.588    design_1_i/HDC_Controller_AXI_W_0/U0/hdc_unit/accelerator_unit/cm_addr_mux0/A[4]
    DSP48E2_X0Y50        DSP_A_B_DATA (Prop_DSP_A_B_DATA_DSP48E2_A[4]_A2_DATA[4])
                                                      0.241     9.829 r  design_1_i/HDC_Controller_AXI_W_0/U0/hdc_unit/accelerator_unit/cm_addr_mux0/DSP_A_B_DATA_INST/A2_DATA[4]
                         net (fo=1, routed)           0.000     9.829    design_1_i/HDC_Controller_AXI_W_0/U0/hdc_unit/accelerator_unit/cm_addr_mux0/DSP_A_B_DATA.A2_DATA<4>
    DSP48E2_X0Y50        DSP_PREADD_DATA (Prop_DSP_PREADD_DATA_DSP48E2_A2_DATA[4]_A2A1[4])
                                                      0.098     9.927 r  design_1_i/HDC_Controller_AXI_W_0/U0/hdc_unit/accelerator_unit/cm_addr_mux0/DSP_PREADD_DATA_INST/A2A1[4]
                         net (fo=1, routed)           0.000     9.927    design_1_i/HDC_Controller_AXI_W_0/U0/hdc_unit/accelerator_unit/cm_addr_mux0/DSP_PREADD_DATA.A2A1<4>
    DSP48E2_X0Y50        DSP_MULTIPLIER (Prop_DSP_MULTIPLIER_DSP48E2_A2A1[4]_U[7])
                                                      0.647    10.574 f  design_1_i/HDC_Controller_AXI_W_0/U0/hdc_unit/accelerator_unit/cm_addr_mux0/DSP_MULTIPLIER_INST/U[7]
                         net (fo=1, routed)           0.000    10.574    design_1_i/HDC_Controller_AXI_W_0/U0/hdc_unit/accelerator_unit/cm_addr_mux0/DSP_MULTIPLIER.U<7>
    DSP48E2_X0Y50        DSP_M_DATA (Prop_DSP_M_DATA_DSP48E2_U[7]_U_DATA[7])
                                                      0.059    10.633 r  design_1_i/HDC_Controller_AXI_W_0/U0/hdc_unit/accelerator_unit/cm_addr_mux0/DSP_M_DATA_INST/U_DATA[7]
                         net (fo=1, routed)           0.000    10.633    design_1_i/HDC_Controller_AXI_W_0/U0/hdc_unit/accelerator_unit/cm_addr_mux0/DSP_M_DATA.U_DATA<7>
    DSP48E2_X0Y50        DSP_ALU (Prop_DSP_ALU_DSP48E2_U_DATA[7]_ALU_OUT[7])
                                                      0.699    11.332 f  design_1_i/HDC_Controller_AXI_W_0/U0/hdc_unit/accelerator_unit/cm_addr_mux0/DSP_ALU_INST/ALU_OUT[7]
                         net (fo=1, routed)           0.000    11.332    design_1_i/HDC_Controller_AXI_W_0/U0/hdc_unit/accelerator_unit/cm_addr_mux0/DSP_ALU.ALU_OUT<7>
    DSP48E2_X0Y50        DSP_OUTPUT (Prop_DSP_OUTPUT_DSP48E2_ALU_OUT[7]_P[7])
                                                      0.141    11.473 r  design_1_i/HDC_Controller_AXI_W_0/U0/hdc_unit/accelerator_unit/cm_addr_mux0/DSP_OUTPUT_INST/P[7]
                         net (fo=1, routed)           0.233    11.706    design_1_i/HDC_Controller_AXI_W_0/U0/hdc_unit/accelerator_unit/cm_addr_mux0_n_98
    SLICE_X4Y126         LUT5 (Prop_A6LUT_SLICEM_I3_O)
                                                      0.064    11.770 r  design_1_i/HDC_Controller_AXI_W_0/U0/hdc_unit/accelerator_unit/cm_addr_mux[7]_i_1/O
                         net (fo=1, routed)           0.063    11.833    design_1_i/HDC_Controller_AXI_W_0/U0/hdc_unit/accelerator_unit/p_0_in__0[7]
    SLICE_X4Y126         FDRE                                         r  design_1_i/HDC_Controller_AXI_W_0/U0/hdc_unit/accelerator_unit/cm_addr_mux_reg[7]/D
  -------------------------------------------------------------------    -------------------

                         (clock clk_pl_0 rise edge)
                                                     10.000    10.000 r  
    PS8_X0Y0             PS8                          0.000    10.000 r  design_1_i/zynq_ultra_ps_e_0/inst/PS8_i/PLCLK[0]
                         net (fo=1, routed)           0.140    10.140    design_1_i/zynq_ultra_ps_e_0/inst/pl_clk_unbuffered[0]
    BUFG_PS_X0Y62        BUFG_PS (Prop_BUFG_PS_I_O)
                                                      0.027    10.167 r  design_1_i/zynq_ultra_ps_e_0/inst/buffer_pl_clk_0.PL_CLK_0_BUFG/O
    X0Y1 (CLOCK_ROOT)    net (fo=42559, routed)       1.748    11.915    design_1_i/HDC_Controller_AXI_W_0/U0/hdc_unit/accelerator_unit/S_AXI_ACLK
    SLICE_X4Y126         FDRE                                         r  design_1_i/HDC_Controller_AXI_W_0/U0/hdc_unit/accelerator_unit/cm_addr_mux_reg[7]/C
                         clock pessimism              0.173    12.089    
                         clock uncertainty           -0.174    11.915    
    SLICE_X4Y126         FDRE (Setup_AFF_SLICEM_C_D)
                                                      0.027    11.942    design_1_i/HDC_Controller_AXI_W_0/U0/hdc_unit/accelerator_unit/cm_addr_mux_reg[7]
  -------------------------------------------------------------------
                         required time                         11.942    
                         arrival time                         -11.833    
  -------------------------------------------------------------------
                         slack                                  0.109    

Slack (MET) :             0.160ns  (required time - arrival time)
  Source:                 design_1_i/HDC_Controller_AXI_W_0/U0/hdc_unit/accelerator_unit/feature_index_reg[2]/C
                            (rising edge-triggered cell FDCE clocked by clk_pl_0  {rise@0.000ns fall@5.000ns period=10.000ns})
  Destination:            design_1_i/HDC_Controller_AXI_W_0/U0/hdc_unit/accelerator_unit/cm_addr_mux_reg[12]/D
                            (rising edge-triggered cell FDRE clocked by clk_pl_0  {rise@0.000ns fall@5.000ns period=10.000ns})
  Path Group:             clk_pl_0
  Path Type:              Setup (Max at Slow Process Corner)
  Requirement:            10.000ns  (clk_pl_0 rise@10.000ns - clk_pl_0 rise@0.000ns)
  Data Path Delay:        9.572ns  (logic 5.807ns (60.669%)  route 3.765ns (39.331%))
  Logic Levels:           30  (CARRY8=7 DSP_A_B_DATA=2 DSP_ALU=2 DSP_M_DATA=2 DSP_MULTIPLIER=2 DSP_OUTPUT=2 DSP_PREADD_DATA=2 LUT3=4 LUT4=1 LUT5=2 LUT6=3 MUXF7=1)
  Clock Path Skew:        -0.122ns (DCD - SCD + CPR)
    Destination Clock Delay (DCD):    1.915ns = ( 11.915 - 10.000 ) 
    Source Clock Delay      (SCD):    2.210ns
    Clock Pessimism Removal (CPR):    0.173ns
  Clock Uncertainty:      0.174ns  ((TSJ^2 + DJ^2)^1/2) / 2 + PE
    Total System Jitter     (TSJ):    0.071ns
    Discrete Jitter          (DJ):    0.340ns
    Phase Error              (PE):    0.000ns
  Clock Net Delay (Source):      2.003ns (routing 0.803ns, distribution 1.200ns)
  Clock Net Delay (Destination): 1.748ns (routing 0.727ns, distribution 1.021ns)

    Location             Delay type                Incr(ns)  Path(ns)    Netlist Resource(s)
  -------------------------------------------------------------------    -------------------
                         (clock clk_pl_0 rise edge)
                                                      0.000     0.000 r  
    PS8_X0Y0             PS8                          0.000     0.000 r  design_1_i/zynq_ultra_ps_e_0/inst/PS8_i/PLCLK[0]
                         net (fo=1, routed)           0.178     0.178    design_1_i/zynq_ultra_ps_e_0/inst/pl_clk_unbuffered[0]
    BUFG_PS_X0Y62        BUFG_PS (Prop_BUFG_PS_I_O)
                                                      0.029     0.207 r  design_1_i/zynq_ultra_ps_e_0/inst/buffer_pl_clk_0.PL_CLK_0_BUFG/O
    X0Y1 (CLOCK_ROOT)    net (fo=42559, routed)       2.003     2.210    design_1_i/HDC_Controller_AXI_W_0/U0/hdc_unit/accelerator_unit/S_AXI_ACLK
    SLICE_X5Y123         FDCE                                         r  design_1_i/HDC_Controller_AXI_W_0/U0/hdc_unit/accelerator_unit/feature_index_reg[2]/C
  -------------------------------------------------------------------    -------------------
    SLICE_X5Y123         FDCE (Prop_HFF_SLICEM_C_Q)
                                                      0.096     2.306 r  design_1_i/HDC_Controller_AXI_W_0/U0/hdc_unit/accelerator_unit/feature_index_reg[2]/Q
                         net (fo=69, routed)          0.521     2.827    design_1_i/HDC_Controller_AXI_W_0/U0/hdc_unit/accelerator_unit/feature_index[2]
    SLICE_X5Y120         MUXF7 (Prop_F7MUX_CD_SLICEM_S_O)
                                                      0.099     2.926 f  design_1_i/HDC_Controller_AXI_W_0/U0/hdc_unit/accelerator_unit/cm_addr_mux3_i_50/O
                         net (fo=1, routed)           0.327     3.253    design_1_i/HDC_Controller_AXI_W_0/U0/hdc_unit/accelerator_unit/cm_addr_mux3_i_50_n_0
    SLICE_X5Y122         LUT6 (Prop_G6LUT_SLICEM_I1_O)
                                                      0.179     3.432 f  design_1_i/HDC_Controller_AXI_W_0/U0/hdc_unit/accelerator_unit/cm_addr_mux3_i_9/O
                         net (fo=1, routed)           0.221     3.653    design_1_i/HDC_Controller_AXI_W_0/U0/hdc_unit/accelerator_unit/cm_addr_mux3/A[7]
    DSP48E2_X0Y48        DSP_A_B_DATA (Prop_DSP_A_B_DATA_DSP48E2_A[7]_A2_DATA[7])
                                                      0.241     3.894 r  design_1_i/HDC_Controller_AXI_W_0/U0/hdc_unit/accelerator_unit/cm_addr_mux3/DSP_A_B_DATA_INST/A2_DATA[7]
                         net (fo=1, routed)           0.000     3.894    design_1_i/HDC_Controller_AXI_W_0/U0/hdc_unit/accelerator_unit/cm_addr_mux3/DSP_A_B_DATA.A2_DATA<7>
    DSP48E2_X0Y48        DSP_PREADD_DATA (Prop_DSP_PREADD_DATA_DSP48E2_A2_DATA[7]_A2A1[7])
                                                      0.098     3.992 r  design_1_i/HDC_Controller_AXI_W_0/U0/hdc_unit/accelerator_unit/cm_addr_mux3/DSP_PREADD_DATA_INST/A2A1[7]
                         net (fo=1, routed)           0.000     3.992    design_1_i/HDC_Controller_AXI_W_0/U0/hdc_unit/accelerator_unit/cm_addr_mux3/DSP_PREADD_DATA.A2A1<7>
    DSP48E2_X0Y48        DSP_MULTIPLIER (Prop_DSP_MULTIPLIER_DSP48E2_A2A1[7]_V[7])
                                                      0.648     4.640 f  design_1_i/HDC_Controller_AXI_W_0/U0/hdc_unit/accelerator_unit/cm_addr_mux3/DSP_MULTIPLIER_INST/V[7]
                         net (fo=1, routed)           0.000     4.640    design_1_i/HDC_Controller_AXI_W_0/U0/hdc_unit/accelerator_unit/cm_addr_mux3/DSP_MULTIPLIER.V<7>
    DSP48E2_X0Y48        DSP_M_DATA (Prop_DSP_M_DATA_DSP48E2_V[7]_V_DATA[7])
                                                      0.057     4.697 r  design_1_i/HDC_Controller_AXI_W_0/U0/hdc_unit/accelerator_unit/cm_addr_mux3/DSP_M_DATA_INST/V_DATA[7]
                         net (fo=1, routed)           0.000     4.697    design_1_i/HDC_Controller_AXI_W_0/U0/hdc_unit/accelerator_unit/cm_addr_mux3/DSP_M_DATA.V_DATA<7>
    DSP48E2_X0Y48        DSP_ALU (Prop_DSP_ALU_DSP48E2_V_DATA[7]_ALU_OUT[7])
                                                      0.688     5.385 f  design_1_i/HDC_Controller_AXI_W_0/U0/hdc_unit/accelerator_unit/cm_addr_mux3/DSP_ALU_INST/ALU_OUT[7]
                         net (fo=1, routed)           0.000     5.385    design_1_i/HDC_Controller_AXI_W_0/U0/hdc_unit/accelerator_unit/cm_addr_mux3/DSP_ALU.ALU_OUT<7>
    DSP48E2_X0Y48        DSP_OUTPUT (Prop_DSP_OUTPUT_DSP48E2_ALU_OUT[7]_P[7])
                                                      0.141     5.526 r  design_1_i/HDC_Controller_AXI_W_0/U0/hdc_unit/accelerator_unit/cm_addr_mux3/DSP_OUTPUT_INST/P[7]
                         net (fo=14, routed)          0.307     5.834    design_1_i/HDC_Controller_AXI_W_0/U0/hdc_unit/accelerator_unit/cm_addr_mux3_n_98
    SLICE_X4Y118         LUT3 (Prop_F6LUT_SLICEM_I0_O)
                                                      0.098     5.932 f  design_1_i/HDC_Controller_AXI_W_0/U0/hdc_unit/accelerator_unit/cm_addr_mux0_i_150/O
                         net (fo=2, routed)           0.170     6.101    design_1_i/HDC_Controller_AXI_W_0/U0/hdc_unit/accelerator_unit/cm_addr_mux0_i_150_n_0
    SLICE_X3Y120         LUT5 (Prop_H6LUT_SLICEL_I0_O)
                                                      0.064     6.165 r  design_1_i/HDC_Controller_AXI_W_0/U0/hdc_unit/accelerator_unit/cm_addr_mux0_i_95/O
                         net (fo=2, routed)           0.385     6.550    design_1_i/HDC_Controller_AXI_W_0/U0/hdc_unit/accelerator_unit/cm_addr_mux0_i_95_n_0
    SLICE_X4Y120         LUT6 (Prop_B6LUT_SLICEM_I0_O)
                                                      0.100     6.650 r  design_1_i/HDC_Controller_AXI_W_0/U0/hdc_unit/accelerator_unit/cm_addr_mux0_i_103/O
                         net (fo=1, routed)           0.018     6.668    design_1_i/HDC_Controller_AXI_W_0/U0/hdc_unit/accelerator_unit/cm_addr_mux0_i_103_n_0
    SLICE_X4Y120         CARRY8 (Prop_CARRY8_SLICEM_S[1]_CO[7])
                                                      0.238     6.906 r  design_1_i/HDC_Controller_AXI_W_0/U0/hdc_unit/accelerator_unit/cm_addr_mux0_i_38/CO[7]
                         net (fo=1, routed)           0.028     6.934    design_1_i/HDC_Controller_AXI_W_0/U0/hdc_unit/accelerator_unit/cm_addr_mux0_i_38_n_0
    SLICE_X4Y121         CARRY8 (Prop_CARRY8_SLICEM_CI_CO[7])
                                                      0.023     6.957 r  design_1_i/HDC_Controller_AXI_W_0/U0/hdc_unit/accelerator_unit/cm_addr_mux0_i_10/CO[7]
                         net (fo=1, routed)           0.028     6.985    design_1_i/HDC_Controller_AXI_W_0/U0/hdc_unit/accelerator_unit/cm_addr_mux0_i_10_n_0
    SLICE_X4Y122         CARRY8 (Prop_CARRY8_SLICEM_CI_O[1])
                                                      0.097     7.082 r  design_1_i/HDC_Controller_AXI_W_0/U0/hdc_unit/accelerator_unit/cm_addr_mux0_i_11/O[1]
                         net (fo=15, routed)          0.208     7.291    design_1_i/HDC_Controller_AXI_W_0/U0/hdc_unit/accelerator_unit/cm_addr_mux0_i_11_n_14
    SLICE_X4Y122         LUT3 (Prop_D6LUT_SLICEM_I2_O)
                                                      0.062     7.353 r  design_1_i/HDC_Controller_AXI_W_0/U0/hdc_unit/accelerator_unit/cm_addr_mux0_i_118/O
                         net (fo=1, routed)           0.202     7.555    design_1_i/HDC_Controller_AXI_W_0/U0/hdc_unit/accelerator_unit/cm_addr_mux0_i_118_n_0
    SLICE_X4Y123         CARRY8 (Prop_CARRY8_SLICEM_DI[3]_O[7])
                                                      0.232     7.787 r  design_1_i/HDC_Controller_AXI_W_0/U0/hdc_unit/accelerator_unit/cm_addr_mux0_i_86/O[7]
                         net (fo=3, routed)           0.207     7.994    design_1_i/HDC_Controller_AXI_W_0/U0/hdc_unit/accelerator_unit/cm_addr_mux0_i_86_n_8
    SLICE_X4Y124         LUT3 (Prop_F6LUT_SLICEM_I0_O)
                                                      0.062     8.056 r  design_1_i/HDC_Controller_AXI_W_0/U0/hdc_unit/accelerator_unit/cm_addr_mux0_i_76/O
                         net (fo=1, routed)           0.238     8.294    design_1_i/HDC_Controller_AXI_W_0/U0/hdc_unit/accelerator_unit/cm_addr_mux0_i_76_n_0
    SLICE_X3Y123         CARRY8 (Prop_CARRY8_SLICEL_DI[7]_CO[7])
                                                      0.068     8.362 r  design_1_i/HDC_Controller_AXI_W_0/U0/hdc_unit/accelerator_unit/cm_addr_mux0_i_30/CO[7]
                         net (fo=1, routed)           0.028     8.390    design_1_i/HDC_Controller_AXI_W_0/U0/hdc_unit/accelerator_unit/cm_addr_mux0_i_30_n_0
    SLICE_X3Y124         CARRY8 (Prop_CARRY8_SLICEL_CI_O[1])
                                                      0.097     8.487 r  design_1_i/HDC_Controller_AXI_W_0/U0/hdc_unit/accelerator_unit/cm_addr_mux0_i_8/O[1]
                         net (fo=3, routed)           0.155     8.642    design_1_i/HDC_Controller_AXI_W_0/U0/hdc_unit/accelerator_unit/cm_addr_mux0_i_8_n_14
    SLICE_X3Y122         LUT4 (Prop_F6LUT_SLICEL_I2_O)
                                                      0.114     8.756 r  design_1_i/HDC_Controller_AXI_W_0/U0/hdc_unit/accelerator_unit/cm_addr_mux0_i_24/O
                         net (fo=1, routed)           0.012     8.768    design_1_i/HDC_Controller_AXI_W_0/U0/hdc_unit/accelerator_unit/cm_addr_mux0_i_24_n_0
    SLICE_X3Y122         CARRY8 (Prop_CARRY8_SLICEL_S[5]_CO[7])
                                                      0.204     8.972 r  design_1_i/HDC_Controller_AXI_W_0/U0/hdc_unit/accelerator_unit/cm_addr_mux0_i_7/CO[7]
                         net (fo=5, routed)           0.179     9.151    design_1_i/HDC_Controller_AXI_W_0/U0/hdc_unit/accelerator_unit/cm_addr_mux0_i_7_n_0
    SLICE_X3Y124         LUT3 (Prop_F6LUT_SLICEL_I0_O)
                                                      0.039     9.190 r  design_1_i/HDC_Controller_AXI_W_0/U0/hdc_unit/accelerator_unit/cm_addr_mux0_i_12/O
                         net (fo=2, routed)           0.104     9.295    design_1_i/HDC_Controller_AXI_W_0/U0/hdc_unit/accelerator_unit/cm_addr_mux0_i_12_n_0
    SLICE_X3Y125         LUT6 (Prop_B6LUT_SLICEL_I0_O)
                                                      0.115     9.410 f  design_1_i/HDC_Controller_AXI_W_0/U0/hdc_unit/accelerator_unit/cm_addr_mux0_i_2/O
                         net (fo=1, routed)           0.178     9.588    design_1_i/HDC_Controller_AXI_W_0/U0/hdc_unit/accelerator_unit/cm_addr_mux0/A[4]
    DSP48E2_X0Y50        DSP_A_B_DATA (Prop_DSP_A_B_DATA_DSP48E2_A[4]_A2_DATA[4])
                                                      0.241     9.829 r  design_1_i/HDC_Controller_AXI_W_0/U0/hdc_unit/accelerator_unit/cm_addr_mux0/DSP_A_B_DATA_INST/A2_DATA[4]
                         net (fo=1, routed)           0.000     9.829    design_1_i/HDC_Controller_AXI_W_0/U0/hdc_unit/accelerator_unit/cm_addr_mux0/DSP_A_B_DATA.A2_DATA<4>
    DSP48E2_X0Y50        DSP_PREADD_DATA (Prop_DSP_PREADD_DATA_DSP48E2_A2_DATA[4]_A2A1[4])
                                                      0.098     9.927 r  design_1_i/HDC_Controller_AXI_W_0/U0/hdc_unit/accelerator_unit/cm_addr_mux0/DSP_PREADD_DATA_INST/A2A1[4]
                         net (fo=1, routed)           0.000     9.927    design_1_i/HDC_Controller_AXI_W_0/U0/hdc_unit/accelerator_unit/cm_addr_mux0/DSP_PREADD_DATA.A2A1<4>
    DSP48E2_X0Y50        DSP_MULTIPLIER (Prop_DSP_MULTIPLIER_DSP48E2_A2A1[4]_U[12])
                                                      0.647    10.574 f  design_1_i/HDC_Controller_AXI_W_0/U0/hdc_unit/accelerator_unit/cm_addr_mux0/DSP_MULTIPLIER_INST/U[12]
                         net (fo=1, routed)           0.000    10.574    design_1_i/HDC_Controller_AXI_W_0/U0/hdc_unit/accelerator_unit/cm_addr_mux0/DSP_MULTIPLIER.U<12>
    DSP48E2_X0Y50        DSP_M_DATA (Prop_DSP_M_DATA_DSP48E2_U[12]_U_DATA[12])
                                                      0.059    10.633 r  design_1_i/HDC_Controller_AXI_W_0/U0/hdc_unit/accelerator_unit/cm_addr_mux0/DSP_M_DATA_INST/U_DATA[12]
                         net (fo=1, routed)           0.000    10.633    design_1_i/HDC_Controller_AXI_W_0/U0/hdc_unit/accelerator_unit/cm_addr_mux0/DSP_M_DATA.U_DATA<12>
    DSP48E2_X0Y50        DSP_ALU (Prop_DSP_ALU_DSP48E2_U_DATA[12]_ALU_OUT[12])
                                                      0.699    11.332 f  design_1_i/HDC_Controller_AXI_W_0/U0/hdc_unit/accelerator_unit/cm_addr_mux0/DSP_ALU_INST/ALU_OUT[12]
                         net (fo=1, routed)           0.000    11.332    design_1_i/HDC_Controller_AXI_W_0/U0/hdc_unit/accelerator_unit/cm_addr_mux0/DSP_ALU.ALU_OUT<12>
    DSP48E2_X0Y50        DSP_OUTPUT (Prop_DSP_OUTPUT_DSP48E2_ALU_OUT[12]_P[12])
                                                      0.141    11.473 r  design_1_i/HDC_Controller_AXI_W_0/U0/hdc_unit/accelerator_unit/cm_addr_mux0/DSP_OUTPUT_INST/P[12]
                         net (fo=1, routed)           0.170    11.643    design_1_i/HDC_Controller_AXI_W_0/U0/hdc_unit/accelerator_unit/cm_addr_mux0_n_93
    SLICE_X4Y126         LUT5 (Prop_C6LUT_SLICEM_I3_O)
                                                      0.062    11.705 r  design_1_i/HDC_Controller_AXI_W_0/U0/hdc_unit/accelerator_unit/cm_addr_mux[12]_i_1/O
                         net (fo=1, routed)           0.077    11.782    design_1_i/HDC_Controller_AXI_W_0/U0/hdc_unit/accelerator_unit/p_0_in__0[12]
    SLICE_X4Y126         FDRE                                         r  design_1_i/HDC_Controller_AXI_W_0/U0/hdc_unit/accelerator_unit/cm_addr_mux_reg[12]/D
  -------------------------------------------------------------------    -------------------

                         (clock clk_pl_0 rise edge)
                                                     10.000    10.000 r  
    PS8_X0Y0             PS8                          0.000    10.000 r  design_1_i/zynq_ultra_ps_e_0/inst/PS8_i/PLCLK[0]
                         net (fo=1, routed)           0.140    10.140    design_1_i/zynq_ultra_ps_e_0/inst/pl_clk_unbuffered[0]
    BUFG_PS_X0Y62        BUFG_PS (Prop_BUFG_PS_I_O)
                                                      0.027    10.167 r  design_1_i/zynq_ultra_ps_e_0/inst/buffer_pl_clk_0.PL_CLK_0_BUFG/O
    X0Y1 (CLOCK_ROOT)    net (fo=42559, routed)       1.748    11.915    design_1_i/HDC_Controller_AXI_W_0/U0/hdc_unit/accelerator_unit/S_AXI_ACLK
    SLICE_X4Y126         FDRE                                         r  design_1_i/HDC_Controller_AXI_W_0/U0/hdc_unit/accelerator_unit/cm_addr_mux_reg[12]/C
                         clock pessimism              0.173    12.089    
                         clock uncertainty           -0.174    11.915    
    SLICE_X4Y126         FDRE (Setup_CFF_SLICEM_C_D)
                                                      0.027    11.942    design_1_i/HDC_Controller_AXI_W_0/U0/hdc_unit/accelerator_unit/cm_addr_mux_reg[12]
  -------------------------------------------------------------------
                         required time                         11.942    
                         arrival time                         -11.782    
  -------------------------------------------------------------------
                         slack                                  0.160    

Slack (MET) :             0.168ns  (required time - arrival time)
  Source:                 design_1_i/HDC_Controller_AXI_W_0/U0/hdc_unit/accelerator_unit/feature_index_reg[2]/C
                            (rising edge-triggered cell FDCE clocked by clk_pl_0  {rise@0.000ns fall@5.000ns period=10.000ns})
  Destination:            design_1_i/HDC_Controller_AXI_W_0/U0/hdc_unit/accelerator_unit/cm_addr_mux_reg[8]/D
                            (rising edge-triggered cell FDRE clocked by clk_pl_0  {rise@0.000ns fall@5.000ns period=10.000ns})
  Path Group:             clk_pl_0
  Path Type:              Setup (Max at Slow Process Corner)
  Requirement:            10.000ns  (clk_pl_0 rise@10.000ns - clk_pl_0 rise@0.000ns)
  Data Path Delay:        9.564ns  (logic 5.808ns (60.730%)  route 3.756ns (39.270%))
  Logic Levels:           30  (CARRY8=7 DSP_A_B_DATA=2 DSP_ALU=2 DSP_M_DATA=2 DSP_MULTIPLIER=2 DSP_OUTPUT=2 DSP_PREADD_DATA=2 LUT3=4 LUT4=1 LUT5=2 LUT6=3 MUXF7=1)
  Clock Path Skew:        -0.122ns (DCD - SCD + CPR)
    Destination Clock Delay (DCD):    1.915ns = ( 11.915 - 10.000 ) 
    Source Clock Delay      (SCD):    2.210ns
    Clock Pessimism Removal (CPR):    0.173ns
  Clock Uncertainty:      0.174ns  ((TSJ^2 + DJ^2)^1/2) / 2 + PE
    Total System Jitter     (TSJ):    0.071ns
    Discrete Jitter          (DJ):    0.340ns
    Phase Error              (PE):    0.000ns
  Clock Net Delay (Source):      2.003ns (routing 0.803ns, distribution 1.200ns)
  Clock Net Delay (Destination): 1.748ns (routing 0.727ns, distribution 1.021ns)

    Location             Delay type                Incr(ns)  Path(ns)    Netlist Resource(s)
  -------------------------------------------------------------------    -------------------
                         (clock clk_pl_0 rise edge)
                                                      0.000     0.000 r  
    PS8_X0Y0             PS8                          0.000     0.000 r  design_1_i/zynq_ultra_ps_e_0/inst/PS8_i/PLCLK[0]
                         net (fo=1, routed)           0.178     0.178    design_1_i/zynq_ultra_ps_e_0/inst/pl_clk_unbuffered[0]
    BUFG_PS_X0Y62        BUFG_PS (Prop_BUFG_PS_I_O)
                                                      0.029     0.207 r  design_1_i/zynq_ultra_ps_e_0/inst/buffer_pl_clk_0.PL_CLK_0_BUFG/O
    X0Y1 (CLOCK_ROOT)    net (fo=42559, routed)       2.003     2.210    design_1_i/HDC_Controller_AXI_W_0/U0/hdc_unit/accelerator_unit/S_AXI_ACLK
    SLICE_X5Y123         FDCE                                         r  design_1_i/HDC_Controller_AXI_W_0/U0/hdc_unit/accelerator_unit/feature_index_reg[2]/C
  -------------------------------------------------------------------    -------------------
    SLICE_X5Y123         FDCE (Prop_HFF_SLICEM_C_Q)
                                                      0.096     2.306 r  design_1_i/HDC_Controller_AXI_W_0/U0/hdc_unit/accelerator_unit/feature_index_reg[2]/Q
                         net (fo=69, routed)          0.521     2.827    design_1_i/HDC_Controller_AXI_W_0/U0/hdc_unit/accelerator_unit/feature_index[2]
    SLICE_X5Y120         MUXF7 (Prop_F7MUX_CD_SLICEM_S_O)
                                                      0.099     2.926 f  design_1_i/HDC_Controller_AXI_W_0/U0/hdc_unit/accelerator_unit/cm_addr_mux3_i_50/O
                         net (fo=1, routed)           0.327     3.253    design_1_i/HDC_Controller_AXI_W_0/U0/hdc_unit/accelerator_unit/cm_addr_mux3_i_50_n_0
    SLICE_X5Y122         LUT6 (Prop_G6LUT_SLICEM_I1_O)
                                                      0.179     3.432 f  design_1_i/HDC_Controller_AXI_W_0/U0/hdc_unit/accelerator_unit/cm_addr_mux3_i_9/O
                         net (fo=1, routed)           0.221     3.653    design_1_i/HDC_Controller_AXI_W_0/U0/hdc_unit/accelerator_unit/cm_addr_mux3/A[7]
    DSP48E2_X0Y48        DSP_A_B_DATA (Prop_DSP_A_B_DATA_DSP48E2_A[7]_A2_DATA[7])
                                                      0.241     3.894 r  design_1_i/HDC_Controller_AXI_W_0/U0/hdc_unit/accelerator_unit/cm_addr_mux3/DSP_A_B_DATA_INST/A2_DATA[7]
                         net (fo=1, routed)           0.000     3.894    design_1_i/HDC_Controller_AXI_W_0/U0/hdc_unit/accelerator_unit/cm_addr_mux3/DSP_A_B_DATA.A2_DATA<7>
    DSP48E2_X0Y48        DSP_PREADD_DATA (Prop_DSP_PREADD_DATA_DSP48E2_A2_DATA[7]_A2A1[7])
                                                      0.098     3.992 r  design_1_i/HDC_Controller_AXI_W_0/U0/hdc_unit/accelerator_unit/cm_addr_mux3/DSP_PREADD_DATA_INST/A2A1[7]
                         net (fo=1, routed)           0.000     3.992    design_1_i/HDC_Controller_AXI_W_0/U0/hdc_unit/accelerator_unit/cm_addr_mux3/DSP_PREADD_DATA.A2A1<7>
    DSP48E2_X0Y48        DSP_MULTIPLIER (Prop_DSP_MULTIPLIER_DSP48E2_A2A1[7]_V[7])
                                                      0.648     4.640 f  design_1_i/HDC_Controller_AXI_W_0/U0/hdc_unit/accelerator_unit/cm_addr_mux3/DSP_MULTIPLIER_INST/V[7]
                         net (fo=1, routed)           0.000     4.640    design_1_i/HDC_Controller_AXI_W_0/U0/hdc_unit/accelerator_unit/cm_addr_mux3/DSP_MULTIPLIER.V<7>
    DSP48E2_X0Y48        DSP_M_DATA (Prop_DSP_M_DATA_DSP48E2_V[7]_V_DATA[7])
                                                      0.057     4.697 r  design_1_i/HDC_Controller_AXI_W_0/U0/hdc_unit/accelerator_unit/cm_addr_mux3/DSP_M_DATA_INST/V_DATA[7]
                         net (fo=1, routed)           0.000     4.697    design_1_i/HDC_Controller_AXI_W_0/U0/hdc_unit/accelerator_unit/cm_addr_mux3/DSP_M_DATA.V_DATA<7>
    DSP48E2_X0Y48        DSP_ALU (Prop_DSP_ALU_DSP48E2_V_DATA[7]_ALU_OUT[7])
                                                      0.688     5.385 f  design_1_i/HDC_Controller_AXI_W_0/U0/hdc_unit/accelerator_unit/cm_addr_mux3/DSP_ALU_INST/ALU_OUT[7]
                         net (fo=1, routed)           0.000     5.385    design_1_i/HDC_Controller_AXI_W_0/U0/hdc_unit/accelerator_unit/cm_addr_mux3/DSP_ALU.ALU_OUT<7>
    DSP48E2_X0Y48        DSP_OUTPUT (Prop_DSP_OUTPUT_DSP48E2_ALU_OUT[7]_P[7])
                                                      0.141     5.526 r  design_1_i/HDC_Controller_AXI_W_0/U0/hdc_unit/accelerator_unit/cm_addr_mux3/DSP_OUTPUT_INST/P[7]
                         net (fo=14, routed)          0.307     5.834    design_1_i/HDC_Controller_AXI_W_0/U0/hdc_unit/accelerator_unit/cm_addr_mux3_n_98
    SLICE_X4Y118         LUT3 (Prop_F6LUT_SLICEM_I0_O)
                                                      0.098     5.932 f  design_1_i/HDC_Controller_AXI_W_0/U0/hdc_unit/accelerator_unit/cm_addr_mux0_i_150/O
                         net (fo=2, routed)           0.170     6.101    design_1_i/HDC_Controller_AXI_W_0/U0/hdc_unit/accelerator_unit/cm_addr_mux0_i_150_n_0
    SLICE_X3Y120         LUT5 (Prop_H6LUT_SLICEL_I0_O)
                                                      0.064     6.165 r  design_1_i/HDC_Controller_AXI_W_0/U0/hdc_unit/accelerator_unit/cm_addr_mux0_i_95/O
                         net (fo=2, routed)           0.385     6.550    design_1_i/HDC_Controller_AXI_W_0/U0/hdc_unit/accelerator_unit/cm_addr_mux0_i_95_n_0
    SLICE_X4Y120         LUT6 (Prop_B6LUT_SLICEM_I0_O)
                                                      0.100     6.650 r  design_1_i/HDC_Controller_AXI_W_0/U0/hdc_unit/accelerator_unit/cm_addr_mux0_i_103/O
                         net (fo=1, routed)           0.018     6.668    design_1_i/HDC_Controller_AXI_W_0/U0/hdc_unit/accelerator_unit/cm_addr_mux0_i_103_n_0
    SLICE_X4Y120         CARRY8 (Prop_CARRY8_SLICEM_S[1]_CO[7])
                                                      0.238     6.906 r  design_1_i/HDC_Controller_AXI_W_0/U0/hdc_unit/accelerator_unit/cm_addr_mux0_i_38/CO[7]
                         net (fo=1, routed)           0.028     6.934    design_1_i/HDC_Controller_AXI_W_0/U0/hdc_unit/accelerator_unit/cm_addr_mux0_i_38_n_0
    SLICE_X4Y121         CARRY8 (Prop_CARRY8_SLICEM_CI_CO[7])
                                                      0.023     6.957 r  design_1_i/HDC_Controller_AXI_W_0/U0/hdc_unit/accelerator_unit/cm_addr_mux0_i_10/CO[7]
                         net (fo=1, routed)           0.028     6.985    design_1_i/HDC_Controller_AXI_W_0/U0/hdc_unit/accelerator_unit/cm_addr_mux0_i_10_n_0
    SLICE_X4Y122         CARRY8 (Prop_CARRY8_SLICEM_CI_O[1])
                                                      0.097     7.082 r  design_1_i/HDC_Controller_AXI_W_0/U0/hdc_unit/accelerator_unit/cm_addr_mux0_i_11/O[1]
                         net (fo=15, routed)          0.208     7.291    design_1_i/HDC_Controller_AXI_W_0/U0/hdc_unit/accelerator_unit/cm_addr_mux0_i_11_n_14
    SLICE_X4Y122         LUT3 (Prop_D6LUT_SLICEM_I2_O)
                                                      0.062     7.353 r  design_1_i/HDC_Controller_AXI_W_0/U0/hdc_unit/accelerator_unit/cm_addr_mux0_i_118/O
                         net (fo=1, routed)           0.202     7.555    design_1_i/HDC_Controller_AXI_W_0/U0/hdc_unit/accelerator_unit/cm_addr_mux0_i_118_n_0
    SLICE_X4Y123         CARRY8 (Prop_CARRY8_SLICEM_DI[3]_O[7])
                                                      0.232     7.787 r  design_1_i/HDC_Controller_AXI_W_0/U0/hdc_unit/accelerator_unit/cm_addr_mux0_i_86/O[7]
                         net (fo=3, routed)           0.207     7.994    design_1_i/HDC_Controller_AXI_W_0/U0/hdc_unit/accelerator_unit/cm_addr_mux0_i_86_n_8
    SLICE_X4Y124         LUT3 (Prop_F6LUT_SLICEM_I0_O)
                                                      0.062     8.056 r  design_1_i/HDC_Controller_AXI_W_0/U0/hdc_unit/accelerator_unit/cm_addr_mux0_i_76/O
                         net (fo=1, routed)           0.238     8.294    design_1_i/HDC_Controller_AXI_W_0/U0/hdc_unit/accelerator_unit/cm_addr_mux0_i_76_n_0
    SLICE_X3Y123         CARRY8 (Prop_CARRY8_SLICEL_DI[7]_CO[7])
                                                      0.068     8.362 r  design_1_i/HDC_Controller_AXI_W_0/U0/hdc_unit/accelerator_unit/cm_addr_mux0_i_30/CO[7]
                         net (fo=1, routed)           0.028     8.390    design_1_i/HDC_Controller_AXI_W_0/U0/hdc_unit/accelerator_unit/cm_addr_mux0_i_30_n_0
    SLICE_X3Y124         CARRY8 (Prop_CARRY8_SLICEL_CI_O[1])
                                                      0.097     8.487 r  design_1_i/HDC_Controller_AXI_W_0/U0/hdc_unit/accelerator_unit/cm_addr_mux0_i_8/O[1]
                         net (fo=3, routed)           0.155     8.642    design_1_i/HDC_Controller_AXI_W_0/U0/hdc_unit/accelerator_unit/cm_addr_mux0_i_8_n_14
    SLICE_X3Y122         LUT4 (Prop_F6LUT_SLICEL_I2_O)
                                                      0.114     8.756 r  design_1_i/HDC_Controller_AXI_W_0/U0/hdc_unit/accelerator_unit/cm_addr_mux0_i_24/O
                         net (fo=1, routed)           0.012     8.768    design_1_i/HDC_Controller_AXI_W_0/U0/hdc_unit/accelerator_unit/cm_addr_mux0_i_24_n_0
    SLICE_X3Y122         CARRY8 (Prop_CARRY8_SLICEL_S[5]_CO[7])
                                                      0.204     8.972 r  design_1_i/HDC_Controller_AXI_W_0/U0/hdc_unit/accelerator_unit/cm_addr_mux0_i_7/CO[7]
                         net (fo=5, routed)           0.179     9.151    design_1_i/HDC_Controller_AXI_W_0/U0/hdc_unit/accelerator_unit/cm_addr_mux0_i_7_n_0
    SLICE_X3Y124         LUT3 (Prop_F6LUT_SLICEL_I0_O)
                                                      0.039     9.190 r  design_1_i/HDC_Controller_AXI_W_0/U0/hdc_unit/accelerator_unit/cm_addr_mux0_i_12/O
                         net (fo=2, routed)           0.104     9.295    design_1_i/HDC_Controller_AXI_W_0/U0/hdc_unit/accelerator_unit/cm_addr_mux0_i_12_n_0
    SLICE_X3Y125         LUT6 (Prop_B6LUT_SLICEL_I0_O)
                                                      0.115     9.410 f  design_1_i/HDC_Controller_AXI_W_0/U0/hdc_unit/accelerator_unit/cm_addr_mux0_i_2/O
                         net (fo=1, routed)           0.178     9.588    design_1_i/HDC_Controller_AXI_W_0/U0/hdc_unit/accelerator_unit/cm_addr_mux0/A[4]
    DSP48E2_X0Y50        DSP_A_B_DATA (Prop_DSP_A_B_DATA_DSP48E2_A[4]_A2_DATA[4])
                                                      0.241     9.829 r  design_1_i/HDC_Controller_AXI_W_0/U0/hdc_unit/accelerator_unit/cm_addr_mux0/DSP_A_B_DATA_INST/A2_DATA[4]
                         net (fo=1, routed)           0.000     9.829    design_1_i/HDC_Controller_AXI_W_0/U0/hdc_unit/accelerator_unit/cm_addr_mux0/DSP_A_B_DATA.A2_DATA<4>
    DSP48E2_X0Y50        DSP_PREADD_DATA (Prop_DSP_PREADD_DATA_DSP48E2_A2_DATA[4]_A2A1[4])
                                                      0.098     9.927 r  design_1_i/HDC_Controller_AXI_W_0/U0/hdc_unit/accelerator_unit/cm_addr_mux0/DSP_PREADD_DATA_INST/A2A1[4]
                         net (fo=1, routed)           0.000     9.927    design_1_i/HDC_Controller_AXI_W_0/U0/hdc_unit/accelerator_unit/cm_addr_mux0/DSP_PREADD_DATA.A2A1<4>
    DSP48E2_X0Y50        DSP_MULTIPLIER (Prop_DSP_MULTIPLIER_DSP48E2_A2A1[4]_U[8])
                                                      0.647    10.574 f  design_1_i/HDC_Controller_AXI_W_0/U0/hdc_unit/accelerator_unit/cm_addr_mux0/DSP_MULTIPLIER_INST/U[8]
                         net (fo=1, routed)           0.000    10.574    design_1_i/HDC_Controller_AXI_W_0/U0/hdc_unit/accelerator_unit/cm_addr_mux0/DSP_MULTIPLIER.U<8>
    DSP48E2_X0Y50        DSP_M_DATA (Prop_DSP_M_DATA_DSP48E2_U[8]_U_DATA[8])
                                                      0.059    10.633 r  design_1_i/HDC_Controller_AXI_W_0/U0/hdc_unit/accelerator_unit/cm_addr_mux0/DSP_M_DATA_INST/U_DATA[8]
                         net (fo=1, routed)           0.000    10.633    design_1_i/HDC_Controller_AXI_W_0/U0/hdc_unit/accelerator_unit/cm_addr_mux0/DSP_M_DATA.U_DATA<8>
    DSP48E2_X0Y50        DSP_ALU (Prop_DSP_ALU_DSP48E2_U_DATA[8]_ALU_OUT[8])
                                                      0.699    11.332 f  design_1_i/HDC_Controller_AXI_W_0/U0/hdc_unit/accelerator_unit/cm_addr_mux0/DSP_ALU_INST/ALU_OUT[8]
                         net (fo=1, routed)           0.000    11.332    design_1_i/HDC_Controller_AXI_W_0/U0/hdc_unit/accelerator_unit/cm_addr_mux0/DSP_ALU.ALU_OUT<8>
    DSP48E2_X0Y50        DSP_OUTPUT (Prop_DSP_OUTPUT_DSP48E2_ALU_OUT[8]_P[8])
                                                      0.141    11.473 r  design_1_i/HDC_Controller_AXI_W_0/U0/hdc_unit/accelerator_unit/cm_addr_mux0/DSP_OUTPUT_INST/P[8]
                         net (fo=1, routed)           0.174    11.647    design_1_i/HDC_Controller_AXI_W_0/U0/hdc_unit/accelerator_unit/cm_addr_mux0_n_97
    SLICE_X4Y125         LUT5 (Prop_E6LUT_SLICEM_I3_O)
                                                      0.063    11.710 r  design_1_i/HDC_Controller_AXI_W_0/U0/hdc_unit/accelerator_unit/cm_addr_mux[8]_i_1/O
                         net (fo=1, routed)           0.064    11.774    design_1_i/HDC_Controller_AXI_W_0/U0/hdc_unit/accelerator_unit/p_0_in__0[8]
    SLICE_X4Y125         FDRE                                         r  design_1_i/HDC_Controller_AXI_W_0/U0/hdc_unit/accelerator_unit/cm_addr_mux_reg[8]/D
  -------------------------------------------------------------------    -------------------

                         (clock clk_pl_0 rise edge)
                                                     10.000    10.000 r  
    PS8_X0Y0             PS8                          0.000    10.000 r  design_1_i/zynq_ultra_ps_e_0/inst/PS8_i/PLCLK[0]
                         net (fo=1, routed)           0.140    10.140    design_1_i/zynq_ultra_ps_e_0/inst/pl_clk_unbuffered[0]
    BUFG_PS_X0Y62        BUFG_PS (Prop_BUFG_PS_I_O)
                                                      0.027    10.167 r  design_1_i/zynq_ultra_ps_e_0/inst/buffer_pl_clk_0.PL_CLK_0_BUFG/O
    X0Y1 (CLOCK_ROOT)    net (fo=42559, routed)       1.748    11.915    design_1_i/HDC_Controller_AXI_W_0/U0/hdc_unit/accelerator_unit/S_AXI_ACLK
    SLICE_X4Y125         FDRE                                         r  design_1_i/HDC_Controller_AXI_W_0/U0/hdc_unit/accelerator_unit/cm_addr_mux_reg[8]/C
                         clock pessimism              0.173    12.089    
                         clock uncertainty           -0.174    11.915    
    SLICE_X4Y125         FDRE (Setup_EFF_SLICEM_C_D)
                                                      0.027    11.942    design_1_i/HDC_Controller_AXI_W_0/U0/hdc_unit/accelerator_unit/cm_addr_mux_reg[8]
  -------------------------------------------------------------------
                         required time                         11.942    
                         arrival time                         -11.774    
  -------------------------------------------------------------------
                         slack                                  0.168    

Slack (MET) :             0.180ns  (required time - arrival time)
  Source:                 design_1_i/HDC_Controller_AXI_W_0/U0/hdc_unit/accelerator_unit/feature_index_reg[2]/C
                            (rising edge-triggered cell FDCE clocked by clk_pl_0  {rise@0.000ns fall@5.000ns period=10.000ns})
  Destination:            design_1_i/HDC_Controller_AXI_W_0/U0/hdc_unit/accelerator_unit/cm_addr_mux_reg[11]/D
                            (rising edge-triggered cell FDRE clocked by clk_pl_0  {rise@0.000ns fall@5.000ns period=10.000ns})
  Path Group:             clk_pl_0
  Path Type:              Setup (Max at Slow Process Corner)
  Requirement:            10.000ns  (clk_pl_0 rise@10.000ns - clk_pl_0 rise@0.000ns)
  Data Path Delay:        9.552ns  (logic 5.783ns (60.545%)  route 3.769ns (39.455%))
  Logic Levels:           30  (CARRY8=7 DSP_A_B_DATA=2 DSP_ALU=2 DSP_M_DATA=2 DSP_MULTIPLIER=2 DSP_OUTPUT=2 DSP_PREADD_DATA=2 LUT3=4 LUT4=1 LUT5=2 LUT6=3 MUXF7=1)
  Clock Path Skew:        -0.122ns (DCD - SCD + CPR)
    Destination Clock Delay (DCD):    1.915ns = ( 11.915 - 10.000 ) 
    Source Clock Delay      (SCD):    2.210ns
    Clock Pessimism Removal (CPR):    0.173ns
  Clock Uncertainty:      0.174ns  ((TSJ^2 + DJ^2)^1/2) / 2 + PE
    Total System Jitter     (TSJ):    0.071ns
    Discrete Jitter          (DJ):    0.340ns
    Phase Error              (PE):    0.000ns
  Clock Net Delay (Source):      2.003ns (routing 0.803ns, distribution 1.200ns)
  Clock Net Delay (Destination): 1.748ns (routing 0.727ns, distribution 1.021ns)

    Location             Delay type                Incr(ns)  Path(ns)    Netlist Resource(s)
  -------------------------------------------------------------------    -------------------
                         (clock clk_pl_0 rise edge)
                                                      0.000     0.000 r  
    PS8_X0Y0             PS8                          0.000     0.000 r  design_1_i/zynq_ultra_ps_e_0/inst/PS8_i/PLCLK[0]
                         net (fo=1, routed)           0.178     0.178    design_1_i/zynq_ultra_ps_e_0/inst/pl_clk_unbuffered[0]
    BUFG_PS_X0Y62        BUFG_PS (Prop_BUFG_PS_I_O)
                                                      0.029     0.207 r  design_1_i/zynq_ultra_ps_e_0/inst/buffer_pl_clk_0.PL_CLK_0_BUFG/O
    X0Y1 (CLOCK_ROOT)    net (fo=42559, routed)       2.003     2.210    design_1_i/HDC_Controller_AXI_W_0/U0/hdc_unit/accelerator_unit/S_AXI_ACLK
    SLICE_X5Y123         FDCE                                         r  design_1_i/HDC_Controller_AXI_W_0/U0/hdc_unit/accelerator_unit/feature_index_reg[2]/C
  -------------------------------------------------------------------    -------------------
    SLICE_X5Y123         FDCE (Prop_HFF_SLICEM_C_Q)
                                                      0.096     2.306 r  design_1_i/HDC_Controller_AXI_W_0/U0/hdc_unit/accelerator_unit/feature_index_reg[2]/Q
                         net (fo=69, routed)          0.521     2.827    design_1_i/HDC_Controller_AXI_W_0/U0/hdc_unit/accelerator_unit/feature_index[2]
    SLICE_X5Y120         MUXF7 (Prop_F7MUX_CD_SLICEM_S_O)
                                                      0.099     2.926 f  design_1_i/HDC_Controller_AXI_W_0/U0/hdc_unit/accelerator_unit/cm_addr_mux3_i_50/O
                         net (fo=1, routed)           0.327     3.253    design_1_i/HDC_Controller_AXI_W_0/U0/hdc_unit/accelerator_unit/cm_addr_mux3_i_50_n_0
    SLICE_X5Y122         LUT6 (Prop_G6LUT_SLICEM_I1_O)
                                                      0.179     3.432 f  design_1_i/HDC_Controller_AXI_W_0/U0/hdc_unit/accelerator_unit/cm_addr_mux3_i_9/O
                         net (fo=1, routed)           0.221     3.653    design_1_i/HDC_Controller_AXI_W_0/U0/hdc_unit/accelerator_unit/cm_addr_mux3/A[7]
    DSP48E2_X0Y48        DSP_A_B_DATA (Prop_DSP_A_B_DATA_DSP48E2_A[7]_A2_DATA[7])
                                                      0.241     3.894 r  design_1_i/HDC_Controller_AXI_W_0/U0/hdc_unit/accelerator_unit/cm_addr_mux3/DSP_A_B_DATA_INST/A2_DATA[7]
                         net (fo=1, routed)           0.000     3.894    design_1_i/HDC_Controller_AXI_W_0/U0/hdc_unit/accelerator_unit/cm_addr_mux3/DSP_A_B_DATA.A2_DATA<7>
    DSP48E2_X0Y48        DSP_PREADD_DATA (Prop_DSP_PREADD_DATA_DSP48E2_A2_DATA[7]_A2A1[7])
                                                      0.098     3.992 r  design_1_i/HDC_Controller_AXI_W_0/U0/hdc_unit/accelerator_unit/cm_addr_mux3/DSP_PREADD_DATA_INST/A2A1[7]
                         net (fo=1, routed)           0.000     3.992    design_1_i/HDC_Controller_AXI_W_0/U0/hdc_unit/accelerator_unit/cm_addr_mux3/DSP_PREADD_DATA.A2A1<7>
    DSP48E2_X0Y48        DSP_MULTIPLIER (Prop_DSP_MULTIPLIER_DSP48E2_A2A1[7]_V[7])
                                                      0.648     4.640 f  design_1_i/HDC_Controller_AXI_W_0/U0/hdc_unit/accelerator_unit/cm_addr_mux3/DSP_MULTIPLIER_INST/V[7]
                         net (fo=1, routed)           0.000     4.640    design_1_i/HDC_Controller_AXI_W_0/U0/hdc_unit/accelerator_unit/cm_addr_mux3/DSP_MULTIPLIER.V<7>
    DSP48E2_X0Y48        DSP_M_DATA (Prop_DSP_M_DATA_DSP48E2_V[7]_V_DATA[7])
                                                      0.057     4.697 r  design_1_i/HDC_Controller_AXI_W_0/U0/hdc_unit/accelerator_unit/cm_addr_mux3/DSP_M_DATA_INST/V_DATA[7]
                         net (fo=1, routed)           0.000     4.697    design_1_i/HDC_Controller_AXI_W_0/U0/hdc_unit/accelerator_unit/cm_addr_mux3/DSP_M_DATA.V_DATA<7>
    DSP48E2_X0Y48        DSP_ALU (Prop_DSP_ALU_DSP48E2_V_DATA[7]_ALU_OUT[7])
                                                      0.688     5.385 f  design_1_i/HDC_Controller_AXI_W_0/U0/hdc_unit/accelerator_unit/cm_addr_mux3/DSP_ALU_INST/ALU_OUT[7]
                         net (fo=1, routed)           0.000     5.385    design_1_i/HDC_Controller_AXI_W_0/U0/hdc_unit/accelerator_unit/cm_addr_mux3/DSP_ALU.ALU_OUT<7>
    DSP48E2_X0Y48        DSP_OUTPUT (Prop_DSP_OUTPUT_DSP48E2_ALU_OUT[7]_P[7])
                                                      0.141     5.526 r  design_1_i/HDC_Controller_AXI_W_0/U0/hdc_unit/accelerator_unit/cm_addr_mux3/DSP_OUTPUT_INST/P[7]
                         net (fo=14, routed)          0.307     5.834    design_1_i/HDC_Controller_AXI_W_0/U0/hdc_unit/accelerator_unit/cm_addr_mux3_n_98
    SLICE_X4Y118         LUT3 (Prop_F6LUT_SLICEM_I0_O)
                                                      0.098     5.932 f  design_1_i/HDC_Controller_AXI_W_0/U0/hdc_unit/accelerator_unit/cm_addr_mux0_i_150/O
                         net (fo=2, routed)           0.170     6.101    design_1_i/HDC_Controller_AXI_W_0/U0/hdc_unit/accelerator_unit/cm_addr_mux0_i_150_n_0
    SLICE_X3Y120         LUT5 (Prop_H6LUT_SLICEL_I0_O)
                                                      0.064     6.165 r  design_1_i/HDC_Controller_AXI_W_0/U0/hdc_unit/accelerator_unit/cm_addr_mux0_i_95/O
                         net (fo=2, routed)           0.385     6.550    design_1_i/HDC_Controller_AXI_W_0/U0/hdc_unit/accelerator_unit/cm_addr_mux0_i_95_n_0
    SLICE_X4Y120         LUT6 (Prop_B6LUT_SLICEM_I0_O)
                                                      0.100     6.650 r  design_1_i/HDC_Controller_AXI_W_0/U0/hdc_unit/accelerator_unit/cm_addr_mux0_i_103/O
                         net (fo=1, routed)           0.018     6.668    design_1_i/HDC_Controller_AXI_W_0/U0/hdc_unit/accelerator_unit/cm_addr_mux0_i_103_n_0
    SLICE_X4Y120         CARRY8 (Prop_CARRY8_SLICEM_S[1]_CO[7])
                                                      0.238     6.906 r  design_1_i/HDC_Controller_AXI_W_0/U0/hdc_unit/accelerator_unit/cm_addr_mux0_i_38/CO[7]
                         net (fo=1, routed)           0.028     6.934    design_1_i/HDC_Controller_AXI_W_0/U0/hdc_unit/accelerator_unit/cm_addr_mux0_i_38_n_0
    SLICE_X4Y121         CARRY8 (Prop_CARRY8_SLICEM_CI_CO[7])
                                                      0.023     6.957 r  design_1_i/HDC_Controller_AXI_W_0/U0/hdc_unit/accelerator_unit/cm_addr_mux0_i_10/CO[7]
                         net (fo=1, routed)           0.028     6.985    design_1_i/HDC_Controller_AXI_W_0/U0/hdc_unit/accelerator_unit/cm_addr_mux0_i_10_n_0
    SLICE_X4Y122         CARRY8 (Prop_CARRY8_SLICEM_CI_O[1])
                                                      0.097     7.082 r  design_1_i/HDC_Controller_AXI_W_0/U0/hdc_unit/accelerator_unit/cm_addr_mux0_i_11/O[1]
                         net (fo=15, routed)          0.208     7.291    design_1_i/HDC_Controller_AXI_W_0/U0/hdc_unit/accelerator_unit/cm_addr_mux0_i_11_n_14
    SLICE_X4Y122         LUT3 (Prop_D6LUT_SLICEM_I2_O)
                                                      0.062     7.353 r  design_1_i/HDC_Controller_AXI_W_0/U0/hdc_unit/accelerator_unit/cm_addr_mux0_i_118/O
                         net (fo=1, routed)           0.202     7.555    design_1_i/HDC_Controller_AXI_W_0/U0/hdc_unit/accelerator_unit/cm_addr_mux0_i_118_n_0
    SLICE_X4Y123         CARRY8 (Prop_CARRY8_SLICEM_DI[3]_O[7])
                                                      0.232     7.787 r  design_1_i/HDC_Controller_AXI_W_0/U0/hdc_unit/accelerator_unit/cm_addr_mux0_i_86/O[7]
                         net (fo=3, routed)           0.207     7.994    design_1_i/HDC_Controller_AXI_W_0/U0/hdc_unit/accelerator_unit/cm_addr_mux0_i_86_n_8
    SLICE_X4Y124         LUT3 (Prop_F6LUT_SLICEM_I0_O)
                                                      0.062     8.056 r  design_1_i/HDC_Controller_AXI_W_0/U0/hdc_unit/accelerator_unit/cm_addr_mux0_i_76/O
                         net (fo=1, routed)           0.238     8.294    design_1_i/HDC_Controller_AXI_W_0/U0/hdc_unit/accelerator_unit/cm_addr_mux0_i_76_n_0
    SLICE_X3Y123         CARRY8 (Prop_CARRY8_SLICEL_DI[7]_CO[7])
                                                      0.068     8.362 r  design_1_i/HDC_Controller_AXI_W_0/U0/hdc_unit/accelerator_unit/cm_addr_mux0_i_30/CO[7]
                         net (fo=1, routed)           0.028     8.390    design_1_i/HDC_Controller_AXI_W_0/U0/hdc_unit/accelerator_unit/cm_addr_mux0_i_30_n_0
    SLICE_X3Y124         CARRY8 (Prop_CARRY8_SLICEL_CI_O[1])
                                                      0.097     8.487 r  design_1_i/HDC_Controller_AXI_W_0/U0/hdc_unit/accelerator_unit/cm_addr_mux0_i_8/O[1]
                         net (fo=3, routed)           0.155     8.642    design_1_i/HDC_Controller_AXI_W_0/U0/hdc_unit/accelerator_unit/cm_addr_mux0_i_8_n_14
    SLICE_X3Y122         LUT4 (Prop_F6LUT_SLICEL_I2_O)
                                                      0.114     8.756 r  design_1_i/HDC_Controller_AXI_W_0/U0/hdc_unit/accelerator_unit/cm_addr_mux0_i_24/O
                         net (fo=1, routed)           0.012     8.768    design_1_i/HDC_Controller_AXI_W_0/U0/hdc_unit/accelerator_unit/cm_addr_mux0_i_24_n_0
    SLICE_X3Y122         CARRY8 (Prop_CARRY8_SLICEL_S[5]_CO[7])
                                                      0.204     8.972 r  design_1_i/HDC_Controller_AXI_W_0/U0/hdc_unit/accelerator_unit/cm_addr_mux0_i_7/CO[7]
                         net (fo=5, routed)           0.179     9.151    design_1_i/HDC_Controller_AXI_W_0/U0/hdc_unit/accelerator_unit/cm_addr_mux0_i_7_n_0
    SLICE_X3Y124         LUT3 (Prop_F6LUT_SLICEL_I0_O)
                                                      0.039     9.190 r  design_1_i/HDC_Controller_AXI_W_0/U0/hdc_unit/accelerator_unit/cm_addr_mux0_i_12/O
                         net (fo=2, routed)           0.104     9.295    design_1_i/HDC_Controller_AXI_W_0/U0/hdc_unit/accelerator_unit/cm_addr_mux0_i_12_n_0
    SLICE_X3Y125         LUT6 (Prop_B6LUT_SLICEL_I0_O)
                                                      0.115     9.410 f  design_1_i/HDC_Controller_AXI_W_0/U0/hdc_unit/accelerator_unit/cm_addr_mux0_i_2/O
                         net (fo=1, routed)           0.178     9.588    design_1_i/HDC_Controller_AXI_W_0/U0/hdc_unit/accelerator_unit/cm_addr_mux0/A[4]
    DSP48E2_X0Y50        DSP_A_B_DATA (Prop_DSP_A_B_DATA_DSP48E2_A[4]_A2_DATA[4])
                                                      0.241     9.829 r  design_1_i/HDC_Controller_AXI_W_0/U0/hdc_unit/accelerator_unit/cm_addr_mux0/DSP_A_B_DATA_INST/A2_DATA[4]
                         net (fo=1, routed)           0.000     9.829    design_1_i/HDC_Controller_AXI_W_0/U0/hdc_unit/accelerator_unit/cm_addr_mux0/DSP_A_B_DATA.A2_DATA<4>
    DSP48E2_X0Y50        DSP_PREADD_DATA (Prop_DSP_PREADD_DATA_DSP48E2_A2_DATA[4]_A2A1[4])
                                                      0.098     9.927 r  design_1_i/HDC_Controller_AXI_W_0/U0/hdc_unit/accelerator_unit/cm_addr_mux0/DSP_PREADD_DATA_INST/A2A1[4]
                         net (fo=1, routed)           0.000     9.927    design_1_i/HDC_Controller_AXI_W_0/U0/hdc_unit/accelerator_unit/cm_addr_mux0/DSP_PREADD_DATA.A2A1<4>
    DSP48E2_X0Y50        DSP_MULTIPLIER (Prop_DSP_MULTIPLIER_DSP48E2_A2A1[4]_U[11])
                                                      0.647    10.574 f  design_1_i/HDC_Controller_AXI_W_0/U0/hdc_unit/accelerator_unit/cm_addr_mux0/DSP_MULTIPLIER_INST/U[11]
                         net (fo=1, routed)           0.000    10.574    design_1_i/HDC_Controller_AXI_W_0/U0/hdc_unit/accelerator_unit/cm_addr_mux0/DSP_MULTIPLIER.U<11>
    DSP48E2_X0Y50        DSP_M_DATA (Prop_DSP_M_DATA_DSP48E2_U[11]_U_DATA[11])
                                                      0.059    10.633 r  design_1_i/HDC_Controller_AXI_W_0/U0/hdc_unit/accelerator_unit/cm_addr_mux0/DSP_M_DATA_INST/U_DATA[11]
                         net (fo=1, routed)           0.000    10.633    design_1_i/HDC_Controller_AXI_W_0/U0/hdc_unit/accelerator_unit/cm_addr_mux0/DSP_M_DATA.U_DATA<11>
    DSP48E2_X0Y50        DSP_ALU (Prop_DSP_ALU_DSP48E2_U_DATA[11]_ALU_OUT[11])
                                                      0.699    11.332 f  design_1_i/HDC_Controller_AXI_W_0/U0/hdc_unit/accelerator_unit/cm_addr_mux0/DSP_ALU_INST/ALU_OUT[11]
                         net (fo=1, routed)           0.000    11.332    design_1_i/HDC_Controller_AXI_W_0/U0/hdc_unit/accelerator_unit/cm_addr_mux0/DSP_ALU.ALU_OUT<11>
    DSP48E2_X0Y50        DSP_OUTPUT (Prop_DSP_OUTPUT_DSP48E2_ALU_OUT[11]_P[11])
                                                      0.141    11.473 r  design_1_i/HDC_Controller_AXI_W_0/U0/hdc_unit/accelerator_unit/cm_addr_mux0/DSP_OUTPUT_INST/P[11]
                         net (fo=1, routed)           0.169    11.642    design_1_i/HDC_Controller_AXI_W_0/U0/hdc_unit/accelerator_unit/cm_addr_mux0_n_94
    SLICE_X4Y126         LUT5 (Prop_D6LUT_SLICEM_I3_O)
                                                      0.038    11.680 r  design_1_i/HDC_Controller_AXI_W_0/U0/hdc_unit/accelerator_unit/cm_addr_mux[11]_i_1/O
                         net (fo=1, routed)           0.082    11.762    design_1_i/HDC_Controller_AXI_W_0/U0/hdc_unit/accelerator_unit/p_0_in__0[11]
    SLICE_X4Y126         FDRE                                         r  design_1_i/HDC_Controller_AXI_W_0/U0/hdc_unit/accelerator_unit/cm_addr_mux_reg[11]/D
  -------------------------------------------------------------------    -------------------

                         (clock clk_pl_0 rise edge)
                                                     10.000    10.000 r  
    PS8_X0Y0             PS8                          0.000    10.000 r  design_1_i/zynq_ultra_ps_e_0/inst/PS8_i/PLCLK[0]
                         net (fo=1, routed)           0.140    10.140    design_1_i/zynq_ultra_ps_e_0/inst/pl_clk_unbuffered[0]
    BUFG_PS_X0Y62        BUFG_PS (Prop_BUFG_PS_I_O)
                                                      0.027    10.167 r  design_1_i/zynq_ultra_ps_e_0/inst/buffer_pl_clk_0.PL_CLK_0_BUFG/O
    X0Y1 (CLOCK_ROOT)    net (fo=42559, routed)       1.748    11.915    design_1_i/HDC_Controller_AXI_W_0/U0/hdc_unit/accelerator_unit/S_AXI_ACLK
    SLICE_X4Y126         FDRE                                         r  design_1_i/HDC_Controller_AXI_W_0/U0/hdc_unit/accelerator_unit/cm_addr_mux_reg[11]/C
                         clock pessimism              0.173    12.089    
                         clock uncertainty           -0.174    11.915    
    SLICE_X4Y126         FDRE (Setup_DFF_SLICEM_C_D)
                                                      0.027    11.942    design_1_i/HDC_Controller_AXI_W_0/U0/hdc_unit/accelerator_unit/cm_addr_mux_reg[11]
  -------------------------------------------------------------------
                         required time                         11.942    
                         arrival time                         -11.762    
  -------------------------------------------------------------------
                         slack                                  0.180    

Slack (MET) :             0.181ns  (required time - arrival time)
  Source:                 design_1_i/HDC_Controller_AXI_W_0/U0/hdc_unit/accelerator_unit/feature_index_reg[2]/C
                            (rising edge-triggered cell FDCE clocked by clk_pl_0  {rise@0.000ns fall@5.000ns period=10.000ns})
  Destination:            design_1_i/HDC_Controller_AXI_W_0/U0/hdc_unit/accelerator_unit/cm_addr_mux_reg[4]/D
                            (rising edge-triggered cell FDRE clocked by clk_pl_0  {rise@0.000ns fall@5.000ns period=10.000ns})
  Path Group:             clk_pl_0
  Path Type:              Setup (Max at Slow Process Corner)
  Requirement:            10.000ns  (clk_pl_0 rise@10.000ns - clk_pl_0 rise@0.000ns)
  Data Path Delay:        9.551ns  (logic 5.796ns (60.687%)  route 3.755ns (39.313%))
  Logic Levels:           30  (CARRY8=7 DSP_A_B_DATA=2 DSP_ALU=2 DSP_M_DATA=2 DSP_MULTIPLIER=2 DSP_OUTPUT=2 DSP_PREADD_DATA=2 LUT3=4 LUT4=1 LUT5=2 LUT6=3 MUXF7=1)
  Clock Path Skew:        -0.122ns (DCD - SCD + CPR)
    Destination Clock Delay (DCD):    1.915ns = ( 11.915 - 10.000 ) 
    Source Clock Delay      (SCD):    2.210ns
    Clock Pessimism Removal (CPR):    0.173ns
  Clock Uncertainty:      0.174ns  ((TSJ^2 + DJ^2)^1/2) / 2 + PE
    Total System Jitter     (TSJ):    0.071ns
    Discrete Jitter          (DJ):    0.340ns
    Phase Error              (PE):    0.000ns
  Clock Net Delay (Source):      2.003ns (routing 0.803ns, distribution 1.200ns)
  Clock Net Delay (Destination): 1.748ns (routing 0.727ns, distribution 1.021ns)

    Location             Delay type                Incr(ns)  Path(ns)    Netlist Resource(s)
  -------------------------------------------------------------------    -------------------
                         (clock clk_pl_0 rise edge)
                                                      0.000     0.000 r  
    PS8_X0Y0             PS8                          0.000     0.000 r  design_1_i/zynq_ultra_ps_e_0/inst/PS8_i/PLCLK[0]
                         net (fo=1, routed)           0.178     0.178    design_1_i/zynq_ultra_ps_e_0/inst/pl_clk_unbuffered[0]
    BUFG_PS_X0Y62        BUFG_PS (Prop_BUFG_PS_I_O)
                                                      0.029     0.207 r  design_1_i/zynq_ultra_ps_e_0/inst/buffer_pl_clk_0.PL_CLK_0_BUFG/O
    X0Y1 (CLOCK_ROOT)    net (fo=42559, routed)       2.003     2.210    design_1_i/HDC_Controller_AXI_W_0/U0/hdc_unit/accelerator_unit/S_AXI_ACLK
    SLICE_X5Y123         FDCE                                         r  design_1_i/HDC_Controller_AXI_W_0/U0/hdc_unit/accelerator_unit/feature_index_reg[2]/C
  -------------------------------------------------------------------    -------------------
    SLICE_X5Y123         FDCE (Prop_HFF_SLICEM_C_Q)
                                                      0.096     2.306 r  design_1_i/HDC_Controller_AXI_W_0/U0/hdc_unit/accelerator_unit/feature_index_reg[2]/Q
                         net (fo=69, routed)          0.521     2.827    design_1_i/HDC_Controller_AXI_W_0/U0/hdc_unit/accelerator_unit/feature_index[2]
    SLICE_X5Y120         MUXF7 (Prop_F7MUX_CD_SLICEM_S_O)
                                                      0.099     2.926 f  design_1_i/HDC_Controller_AXI_W_0/U0/hdc_unit/accelerator_unit/cm_addr_mux3_i_50/O
                         net (fo=1, routed)           0.327     3.253    design_1_i/HDC_Controller_AXI_W_0/U0/hdc_unit/accelerator_unit/cm_addr_mux3_i_50_n_0
    SLICE_X5Y122         LUT6 (Prop_G6LUT_SLICEM_I1_O)
                                                      0.179     3.432 f  design_1_i/HDC_Controller_AXI_W_0/U0/hdc_unit/accelerator_unit/cm_addr_mux3_i_9/O
                         net (fo=1, routed)           0.221     3.653    design_1_i/HDC_Controller_AXI_W_0/U0/hdc_unit/accelerator_unit/cm_addr_mux3/A[7]
    DSP48E2_X0Y48        DSP_A_B_DATA (Prop_DSP_A_B_DATA_DSP48E2_A[7]_A2_DATA[7])
                                                      0.241     3.894 r  design_1_i/HDC_Controller_AXI_W_0/U0/hdc_unit/accelerator_unit/cm_addr_mux3/DSP_A_B_DATA_INST/A2_DATA[7]
                         net (fo=1, routed)           0.000     3.894    design_1_i/HDC_Controller_AXI_W_0/U0/hdc_unit/accelerator_unit/cm_addr_mux3/DSP_A_B_DATA.A2_DATA<7>
    DSP48E2_X0Y48        DSP_PREADD_DATA (Prop_DSP_PREADD_DATA_DSP48E2_A2_DATA[7]_A2A1[7])
                                                      0.098     3.992 r  design_1_i/HDC_Controller_AXI_W_0/U0/hdc_unit/accelerator_unit/cm_addr_mux3/DSP_PREADD_DATA_INST/A2A1[7]
                         net (fo=1, routed)           0.000     3.992    design_1_i/HDC_Controller_AXI_W_0/U0/hdc_unit/accelerator_unit/cm_addr_mux3/DSP_PREADD_DATA.A2A1<7>
    DSP48E2_X0Y48        DSP_MULTIPLIER (Prop_DSP_MULTIPLIER_DSP48E2_A2A1[7]_V[7])
                                                      0.648     4.640 f  design_1_i/HDC_Controller_AXI_W_0/U0/hdc_unit/accelerator_unit/cm_addr_mux3/DSP_MULTIPLIER_INST/V[7]
                         net (fo=1, routed)           0.000     4.640    design_1_i/HDC_Controller_AXI_W_0/U0/hdc_unit/accelerator_unit/cm_addr_mux3/DSP_MULTIPLIER.V<7>
    DSP48E2_X0Y48        DSP_M_DATA (Prop_DSP_M_DATA_DSP48E2_V[7]_V_DATA[7])
                                                      0.057     4.697 r  design_1_i/HDC_Controller_AXI_W_0/U0/hdc_unit/accelerator_unit/cm_addr_mux3/DSP_M_DATA_INST/V_DATA[7]
                         net (fo=1, routed)           0.000     4.697    design_1_i/HDC_Controller_AXI_W_0/U0/hdc_unit/accelerator_unit/cm_addr_mux3/DSP_M_DATA.V_DATA<7>
    DSP48E2_X0Y48        DSP_ALU (Prop_DSP_ALU_DSP48E2_V_DATA[7]_ALU_OUT[7])
                                                      0.688     5.385 f  design_1_i/HDC_Controller_AXI_W_0/U0/hdc_unit/accelerator_unit/cm_addr_mux3/DSP_ALU_INST/ALU_OUT[7]
                         net (fo=1, routed)           0.000     5.385    design_1_i/HDC_Controller_AXI_W_0/U0/hdc_unit/accelerator_unit/cm_addr_mux3/DSP_ALU.ALU_OUT<7>
    DSP48E2_X0Y48        DSP_OUTPUT (Prop_DSP_OUTPUT_DSP48E2_ALU_OUT[7]_P[7])
                                                      0.141     5.526 r  design_1_i/HDC_Controller_AXI_W_0/U0/hdc_unit/accelerator_unit/cm_addr_mux3/DSP_OUTPUT_INST/P[7]
                         net (fo=14, routed)          0.307     5.834    design_1_i/HDC_Controller_AXI_W_0/U0/hdc_unit/accelerator_unit/cm_addr_mux3_n_98
    SLICE_X4Y118         LUT3 (Prop_F6LUT_SLICEM_I0_O)
                                                      0.098     5.932 f  design_1_i/HDC_Controller_AXI_W_0/U0/hdc_unit/accelerator_unit/cm_addr_mux0_i_150/O
                         net (fo=2, routed)           0.170     6.101    design_1_i/HDC_Controller_AXI_W_0/U0/hdc_unit/accelerator_unit/cm_addr_mux0_i_150_n_0
    SLICE_X3Y120         LUT5 (Prop_H6LUT_SLICEL_I0_O)
                                                      0.064     6.165 r  design_1_i/HDC_Controller_AXI_W_0/U0/hdc_unit/accelerator_unit/cm_addr_mux0_i_95/O
                         net (fo=2, routed)           0.385     6.550    design_1_i/HDC_Controller_AXI_W_0/U0/hdc_unit/accelerator_unit/cm_addr_mux0_i_95_n_0
    SLICE_X4Y120         LUT6 (Prop_B6LUT_SLICEM_I0_O)
                                                      0.100     6.650 r  design_1_i/HDC_Controller_AXI_W_0/U0/hdc_unit/accelerator_unit/cm_addr_mux0_i_103/O
                         net (fo=1, routed)           0.018     6.668    design_1_i/HDC_Controller_AXI_W_0/U0/hdc_unit/accelerator_unit/cm_addr_mux0_i_103_n_0
    SLICE_X4Y120         CARRY8 (Prop_CARRY8_SLICEM_S[1]_CO[7])
                                                      0.238     6.906 r  design_1_i/HDC_Controller_AXI_W_0/U0/hdc_unit/accelerator_unit/cm_addr_mux0_i_38/CO[7]
                         net (fo=1, routed)           0.028     6.934    design_1_i/HDC_Controller_AXI_W_0/U0/hdc_unit/accelerator_unit/cm_addr_mux0_i_38_n_0
    SLICE_X4Y121         CARRY8 (Prop_CARRY8_SLICEM_CI_CO[7])
                                                      0.023     6.957 r  design_1_i/HDC_Controller_AXI_W_0/U0/hdc_unit/accelerator_unit/cm_addr_mux0_i_10/CO[7]
                         net (fo=1, routed)           0.028     6.985    design_1_i/HDC_Controller_AXI_W_0/U0/hdc_unit/accelerator_unit/cm_addr_mux0_i_10_n_0
    SLICE_X4Y122         CARRY8 (Prop_CARRY8_SLICEM_CI_O[1])
                                                      0.097     7.082 r  design_1_i/HDC_Controller_AXI_W_0/U0/hdc_unit/accelerator_unit/cm_addr_mux0_i_11/O[1]
                         net (fo=15, routed)          0.208     7.291    design_1_i/HDC_Controller_AXI_W_0/U0/hdc_unit/accelerator_unit/cm_addr_mux0_i_11_n_14
    SLICE_X4Y122         LUT3 (Prop_D6LUT_SLICEM_I2_O)
                                                      0.062     7.353 r  design_1_i/HDC_Controller_AXI_W_0/U0/hdc_unit/accelerator_unit/cm_addr_mux0_i_118/O
                         net (fo=1, routed)           0.202     7.555    design_1_i/HDC_Controller_AXI_W_0/U0/hdc_unit/accelerator_unit/cm_addr_mux0_i_118_n_0
    SLICE_X4Y123         CARRY8 (Prop_CARRY8_SLICEM_DI[3]_O[7])
                                                      0.232     7.787 r  design_1_i/HDC_Controller_AXI_W_0/U0/hdc_unit/accelerator_unit/cm_addr_mux0_i_86/O[7]
                         net (fo=3, routed)           0.207     7.994    design_1_i/HDC_Controller_AXI_W_0/U0/hdc_unit/accelerator_unit/cm_addr_mux0_i_86_n_8
    SLICE_X4Y124         LUT3 (Prop_F6LUT_SLICEM_I0_O)
                                                      0.062     8.056 r  design_1_i/HDC_Controller_AXI_W_0/U0/hdc_unit/accelerator_unit/cm_addr_mux0_i_76/O
                         net (fo=1, routed)           0.238     8.294    design_1_i/HDC_Controller_AXI_W_0/U0/hdc_unit/accelerator_unit/cm_addr_mux0_i_76_n_0
    SLICE_X3Y123         CARRY8 (Prop_CARRY8_SLICEL_DI[7]_CO[7])
                                                      0.068     8.362 r  design_1_i/HDC_Controller_AXI_W_0/U0/hdc_unit/accelerator_unit/cm_addr_mux0_i_30/CO[7]
                         net (fo=1, routed)           0.028     8.390    design_1_i/HDC_Controller_AXI_W_0/U0/hdc_unit/accelerator_unit/cm_addr_mux0_i_30_n_0
    SLICE_X3Y124         CARRY8 (Prop_CARRY8_SLICEL_CI_O[1])
                                                      0.097     8.487 r  design_1_i/HDC_Controller_AXI_W_0/U0/hdc_unit/accelerator_unit/cm_addr_mux0_i_8/O[1]
                         net (fo=3, routed)           0.155     8.642    design_1_i/HDC_Controller_AXI_W_0/U0/hdc_unit/accelerator_unit/cm_addr_mux0_i_8_n_14
    SLICE_X3Y122         LUT4 (Prop_F6LUT_SLICEL_I2_O)
                                                      0.114     8.756 r  design_1_i/HDC_Controller_AXI_W_0/U0/hdc_unit/accelerator_unit/cm_addr_mux0_i_24/O
                         net (fo=1, routed)           0.012     8.768    design_1_i/HDC_Controller_AXI_W_0/U0/hdc_unit/accelerator_unit/cm_addr_mux0_i_24_n_0
    SLICE_X3Y122         CARRY8 (Prop_CARRY8_SLICEL_S[5]_CO[7])
                                                      0.204     8.972 r  design_1_i/HDC_Controller_AXI_W_0/U0/hdc_unit/accelerator_unit/cm_addr_mux0_i_7/CO[7]
                         net (fo=5, routed)           0.179     9.151    design_1_i/HDC_Controller_AXI_W_0/U0/hdc_unit/accelerator_unit/cm_addr_mux0_i_7_n_0
    SLICE_X3Y124         LUT3 (Prop_F6LUT_SLICEL_I0_O)
                                                      0.039     9.190 r  design_1_i/HDC_Controller_AXI_W_0/U0/hdc_unit/accelerator_unit/cm_addr_mux0_i_12/O
                         net (fo=2, routed)           0.104     9.295    design_1_i/HDC_Controller_AXI_W_0/U0/hdc_unit/accelerator_unit/cm_addr_mux0_i_12_n_0
    SLICE_X3Y125         LUT6 (Prop_B6LUT_SLICEL_I0_O)
                                                      0.115     9.410 f  design_1_i/HDC_Controller_AXI_W_0/U0/hdc_unit/accelerator_unit/cm_addr_mux0_i_2/O
                         net (fo=1, routed)           0.178     9.588    design_1_i/HDC_Controller_AXI_W_0/U0/hdc_unit/accelerator_unit/cm_addr_mux0/A[4]
    DSP48E2_X0Y50        DSP_A_B_DATA (Prop_DSP_A_B_DATA_DSP48E2_A[4]_A2_DATA[4])
                                                      0.241     9.829 r  design_1_i/HDC_Controller_AXI_W_0/U0/hdc_unit/accelerator_unit/cm_addr_mux0/DSP_A_B_DATA_INST/A2_DATA[4]
                         net (fo=1, routed)           0.000     9.829    design_1_i/HDC_Controller_AXI_W_0/U0/hdc_unit/accelerator_unit/cm_addr_mux0/DSP_A_B_DATA.A2_DATA<4>
    DSP48E2_X0Y50        DSP_PREADD_DATA (Prop_DSP_PREADD_DATA_DSP48E2_A2_DATA[4]_A2A1[4])
                                                      0.098     9.927 r  design_1_i/HDC_Controller_AXI_W_0/U0/hdc_unit/accelerator_unit/cm_addr_mux0/DSP_PREADD_DATA_INST/A2A1[4]
                         net (fo=1, routed)           0.000     9.927    design_1_i/HDC_Controller_AXI_W_0/U0/hdc_unit/accelerator_unit/cm_addr_mux0/DSP_PREADD_DATA.A2A1<4>
    DSP48E2_X0Y50        DSP_MULTIPLIER (Prop_DSP_MULTIPLIER_DSP48E2_A2A1[4]_V[4])
                                                      0.648    10.575 f  design_1_i/HDC_Controller_AXI_W_0/U0/hdc_unit/accelerator_unit/cm_addr_mux0/DSP_MULTIPLIER_INST/V[4]
                         net (fo=1, routed)           0.000    10.575    design_1_i/HDC_Controller_AXI_W_0/U0/hdc_unit/accelerator_unit/cm_addr_mux0/DSP_MULTIPLIER.V<4>
    DSP48E2_X0Y50        DSP_M_DATA (Prop_DSP_M_DATA_DSP48E2_V[4]_V_DATA[4])
                                                      0.057    10.632 r  design_1_i/HDC_Controller_AXI_W_0/U0/hdc_unit/accelerator_unit/cm_addr_mux0/DSP_M_DATA_INST/V_DATA[4]
                         net (fo=1, routed)           0.000    10.632    design_1_i/HDC_Controller_AXI_W_0/U0/hdc_unit/accelerator_unit/cm_addr_mux0/DSP_M_DATA.V_DATA<4>
    DSP48E2_X0Y50        DSP_ALU (Prop_DSP_ALU_DSP48E2_V_DATA[4]_ALU_OUT[4])
                                                      0.688    11.320 f  design_1_i/HDC_Controller_AXI_W_0/U0/hdc_unit/accelerator_unit/cm_addr_mux0/DSP_ALU_INST/ALU_OUT[4]
                         net (fo=1, routed)           0.000    11.320    design_1_i/HDC_Controller_AXI_W_0/U0/hdc_unit/accelerator_unit/cm_addr_mux0/DSP_ALU.ALU_OUT<4>
    DSP48E2_X0Y50        DSP_OUTPUT (Prop_DSP_OUTPUT_DSP48E2_ALU_OUT[4]_P[4])
                                                      0.141    11.461 r  design_1_i/HDC_Controller_AXI_W_0/U0/hdc_unit/accelerator_unit/cm_addr_mux0/DSP_OUTPUT_INST/P[4]
                         net (fo=1, routed)           0.167    11.628    design_1_i/HDC_Controller_AXI_W_0/U0/hdc_unit/accelerator_unit/cm_addr_mux0_n_101
    SLICE_X4Y125         LUT5 (Prop_B6LUT_SLICEM_I3_O)
                                                      0.063    11.691 r  design_1_i/HDC_Controller_AXI_W_0/U0/hdc_unit/accelerator_unit/cm_addr_mux[4]_i_1/O
                         net (fo=1, routed)           0.070    11.761    design_1_i/HDC_Controller_AXI_W_0/U0/hdc_unit/accelerator_unit/p_0_in__0[4]
    SLICE_X4Y125         FDRE                                         r  design_1_i/HDC_Controller_AXI_W_0/U0/hdc_unit/accelerator_unit/cm_addr_mux_reg[4]/D
  -------------------------------------------------------------------    -------------------

                         (clock clk_pl_0 rise edge)
                                                     10.000    10.000 r  
    PS8_X0Y0             PS8                          0.000    10.000 r  design_1_i/zynq_ultra_ps_e_0/inst/PS8_i/PLCLK[0]
                         net (fo=1, routed)           0.140    10.140    design_1_i/zynq_ultra_ps_e_0/inst/pl_clk_unbuffered[0]
    BUFG_PS_X0Y62        BUFG_PS (Prop_BUFG_PS_I_O)
                                                      0.027    10.167 r  design_1_i/zynq_ultra_ps_e_0/inst/buffer_pl_clk_0.PL_CLK_0_BUFG/O
    X0Y1 (CLOCK_ROOT)    net (fo=42559, routed)       1.748    11.915    design_1_i/HDC_Controller_AXI_W_0/U0/hdc_unit/accelerator_unit/S_AXI_ACLK
    SLICE_X4Y125         FDRE                                         r  design_1_i/HDC_Controller_AXI_W_0/U0/hdc_unit/accelerator_unit/cm_addr_mux_reg[4]/C
                         clock pessimism              0.173    12.089    
                         clock uncertainty           -0.174    11.915    
    SLICE_X4Y125         FDRE (Setup_BFF_SLICEM_C_D)
                                                      0.027    11.942    design_1_i/HDC_Controller_AXI_W_0/U0/hdc_unit/accelerator_unit/cm_addr_mux_reg[4]
  -------------------------------------------------------------------
                         required time                         11.942    
                         arrival time                         -11.761    
  -------------------------------------------------------------------
                         slack                                  0.181    

Slack (MET) :             0.185ns  (required time - arrival time)
  Source:                 design_1_i/HDC_Controller_AXI_W_0/U0/hdc_unit/accelerator_unit/feature_index_reg[2]/C
                            (rising edge-triggered cell FDCE clocked by clk_pl_0  {rise@0.000ns fall@5.000ns period=10.000ns})
  Destination:            design_1_i/HDC_Controller_AXI_W_0/U0/hdc_unit/accelerator_unit/cm_addr_mux_reg[14]/D
                            (rising edge-triggered cell FDRE clocked by clk_pl_0  {rise@0.000ns fall@5.000ns period=10.000ns})
  Path Group:             clk_pl_0
  Path Type:              Setup (Max at Slow Process Corner)
  Requirement:            10.000ns  (clk_pl_0 rise@10.000ns - clk_pl_0 rise@0.000ns)
  Data Path Delay:        9.547ns  (logic 5.783ns (60.577%)  route 3.764ns (39.423%))
  Logic Levels:           30  (CARRY8=7 DSP_A_B_DATA=2 DSP_ALU=2 DSP_M_DATA=2 DSP_MULTIPLIER=2 DSP_OUTPUT=2 DSP_PREADD_DATA=2 LUT3=4 LUT4=1 LUT5=2 LUT6=3 MUXF7=1)
  Clock Path Skew:        -0.122ns (DCD - SCD + CPR)
    Destination Clock Delay (DCD):    1.915ns = ( 11.915 - 10.000 ) 
    Source Clock Delay      (SCD):    2.210ns
    Clock Pessimism Removal (CPR):    0.173ns
  Clock Uncertainty:      0.174ns  ((TSJ^2 + DJ^2)^1/2) / 2 + PE
    Total System Jitter     (TSJ):    0.071ns
    Discrete Jitter          (DJ):    0.340ns
    Phase Error              (PE):    0.000ns
  Clock Net Delay (Source):      2.003ns (routing 0.803ns, distribution 1.200ns)
  Clock Net Delay (Destination): 1.748ns (routing 0.727ns, distribution 1.021ns)

    Location             Delay type                Incr(ns)  Path(ns)    Netlist Resource(s)
  -------------------------------------------------------------------    -------------------
                         (clock clk_pl_0 rise edge)
                                                      0.000     0.000 r  
    PS8_X0Y0             PS8                          0.000     0.000 r  design_1_i/zynq_ultra_ps_e_0/inst/PS8_i/PLCLK[0]
                         net (fo=1, routed)           0.178     0.178    design_1_i/zynq_ultra_ps_e_0/inst/pl_clk_unbuffered[0]
    BUFG_PS_X0Y62        BUFG_PS (Prop_BUFG_PS_I_O)
                                                      0.029     0.207 r  design_1_i/zynq_ultra_ps_e_0/inst/buffer_pl_clk_0.PL_CLK_0_BUFG/O
    X0Y1 (CLOCK_ROOT)    net (fo=42559, routed)       2.003     2.210    design_1_i/HDC_Controller_AXI_W_0/U0/hdc_unit/accelerator_unit/S_AXI_ACLK
    SLICE_X5Y123         FDCE                                         r  design_1_i/HDC_Controller_AXI_W_0/U0/hdc_unit/accelerator_unit/feature_index_reg[2]/C
  -------------------------------------------------------------------    -------------------
    SLICE_X5Y123         FDCE (Prop_HFF_SLICEM_C_Q)
                                                      0.096     2.306 r  design_1_i/HDC_Controller_AXI_W_0/U0/hdc_unit/accelerator_unit/feature_index_reg[2]/Q
                         net (fo=69, routed)          0.521     2.827    design_1_i/HDC_Controller_AXI_W_0/U0/hdc_unit/accelerator_unit/feature_index[2]
    SLICE_X5Y120         MUXF7 (Prop_F7MUX_CD_SLICEM_S_O)
                                                      0.099     2.926 f  design_1_i/HDC_Controller_AXI_W_0/U0/hdc_unit/accelerator_unit/cm_addr_mux3_i_50/O
                         net (fo=1, routed)           0.327     3.253    design_1_i/HDC_Controller_AXI_W_0/U0/hdc_unit/accelerator_unit/cm_addr_mux3_i_50_n_0
    SLICE_X5Y122         LUT6 (Prop_G6LUT_SLICEM_I1_O)
                                                      0.179     3.432 f  design_1_i/HDC_Controller_AXI_W_0/U0/hdc_unit/accelerator_unit/cm_addr_mux3_i_9/O
                         net (fo=1, routed)           0.221     3.653    design_1_i/HDC_Controller_AXI_W_0/U0/hdc_unit/accelerator_unit/cm_addr_mux3/A[7]
    DSP48E2_X0Y48        DSP_A_B_DATA (Prop_DSP_A_B_DATA_DSP48E2_A[7]_A2_DATA[7])
                                                      0.241     3.894 r  design_1_i/HDC_Controller_AXI_W_0/U0/hdc_unit/accelerator_unit/cm_addr_mux3/DSP_A_B_DATA_INST/A2_DATA[7]
                         net (fo=1, routed)           0.000     3.894    design_1_i/HDC_Controller_AXI_W_0/U0/hdc_unit/accelerator_unit/cm_addr_mux3/DSP_A_B_DATA.A2_DATA<7>
    DSP48E2_X0Y48        DSP_PREADD_DATA (Prop_DSP_PREADD_DATA_DSP48E2_A2_DATA[7]_A2A1[7])
                                                      0.098     3.992 r  design_1_i/HDC_Controller_AXI_W_0/U0/hdc_unit/accelerator_unit/cm_addr_mux3/DSP_PREADD_DATA_INST/A2A1[7]
                         net (fo=1, routed)           0.000     3.992    design_1_i/HDC_Controller_AXI_W_0/U0/hdc_unit/accelerator_unit/cm_addr_mux3/DSP_PREADD_DATA.A2A1<7>
    DSP48E2_X0Y48        DSP_MULTIPLIER (Prop_DSP_MULTIPLIER_DSP48E2_A2A1[7]_V[7])
                                                      0.648     4.640 f  design_1_i/HDC_Controller_AXI_W_0/U0/hdc_unit/accelerator_unit/cm_addr_mux3/DSP_MULTIPLIER_INST/V[7]
                         net (fo=1, routed)           0.000     4.640    design_1_i/HDC_Controller_AXI_W_0/U0/hdc_unit/accelerator_unit/cm_addr_mux3/DSP_MULTIPLIER.V<7>
    DSP48E2_X0Y48        DSP_M_DATA (Prop_DSP_M_DATA_DSP48E2_V[7]_V_DATA[7])
                                                      0.057     4.697 r  design_1_i/HDC_Controller_AXI_W_0/U0/hdc_unit/accelerator_unit/cm_addr_mux3/DSP_M_DATA_INST/V_DATA[7]
                         net (fo=1, routed)           0.000     4.697    design_1_i/HDC_Controller_AXI_W_0/U0/hdc_unit/accelerator_unit/cm_addr_mux3/DSP_M_DATA.V_DATA<7>
    DSP48E2_X0Y48        DSP_ALU (Prop_DSP_ALU_DSP48E2_V_DATA[7]_ALU_OUT[7])
                                                      0.688     5.385 f  design_1_i/HDC_Controller_AXI_W_0/U0/hdc_unit/accelerator_unit/cm_addr_mux3/DSP_ALU_INST/ALU_OUT[7]
                         net (fo=1, routed)           0.000     5.385    design_1_i/HDC_Controller_AXI_W_0/U0/hdc_unit/accelerator_unit/cm_addr_mux3/DSP_ALU.ALU_OUT<7>
    DSP48E2_X0Y48        DSP_OUTPUT (Prop_DSP_OUTPUT_DSP48E2_ALU_OUT[7]_P[7])
                                                      0.141     5.526 r  design_1_i/HDC_Controller_AXI_W_0/U0/hdc_unit/accelerator_unit/cm_addr_mux3/DSP_OUTPUT_INST/P[7]
                         net (fo=14, routed)          0.307     5.834    design_1_i/HDC_Controller_AXI_W_0/U0/hdc_unit/accelerator_unit/cm_addr_mux3_n_98
    SLICE_X4Y118         LUT3 (Prop_F6LUT_SLICEM_I0_O)
                                                      0.098     5.932 f  design_1_i/HDC_Controller_AXI_W_0/U0/hdc_unit/accelerator_unit/cm_addr_mux0_i_150/O
                         net (fo=2, routed)           0.170     6.101    design_1_i/HDC_Controller_AXI_W_0/U0/hdc_unit/accelerator_unit/cm_addr_mux0_i_150_n_0
    SLICE_X3Y120         LUT5 (Prop_H6LUT_SLICEL_I0_O)
                                                      0.064     6.165 r  design_1_i/HDC_Controller_AXI_W_0/U0/hdc_unit/accelerator_unit/cm_addr_mux0_i_95/O
                         net (fo=2, routed)           0.385     6.550    design_1_i/HDC_Controller_AXI_W_0/U0/hdc_unit/accelerator_unit/cm_addr_mux0_i_95_n_0
    SLICE_X4Y120         LUT6 (Prop_B6LUT_SLICEM_I0_O)
                                                      0.100     6.650 r  design_1_i/HDC_Controller_AXI_W_0/U0/hdc_unit/accelerator_unit/cm_addr_mux0_i_103/O
                         net (fo=1, routed)           0.018     6.668    design_1_i/HDC_Controller_AXI_W_0/U0/hdc_unit/accelerator_unit/cm_addr_mux0_i_103_n_0
    SLICE_X4Y120         CARRY8 (Prop_CARRY8_SLICEM_S[1]_CO[7])
                                                      0.238     6.906 r  design_1_i/HDC_Controller_AXI_W_0/U0/hdc_unit/accelerator_unit/cm_addr_mux0_i_38/CO[7]
                         net (fo=1, routed)           0.028     6.934    design_1_i/HDC_Controller_AXI_W_0/U0/hdc_unit/accelerator_unit/cm_addr_mux0_i_38_n_0
    SLICE_X4Y121         CARRY8 (Prop_CARRY8_SLICEM_CI_CO[7])
                                                      0.023     6.957 r  design_1_i/HDC_Controller_AXI_W_0/U0/hdc_unit/accelerator_unit/cm_addr_mux0_i_10/CO[7]
                         net (fo=1, routed)           0.028     6.985    design_1_i/HDC_Controller_AXI_W_0/U0/hdc_unit/accelerator_unit/cm_addr_mux0_i_10_n_0
    SLICE_X4Y122         CARRY8 (Prop_CARRY8_SLICEM_CI_O[1])
                                                      0.097     7.082 r  design_1_i/HDC_Controller_AXI_W_0/U0/hdc_unit/accelerator_unit/cm_addr_mux0_i_11/O[1]
                         net (fo=15, routed)          0.208     7.291    design_1_i/HDC_Controller_AXI_W_0/U0/hdc_unit/accelerator_unit/cm_addr_mux0_i_11_n_14
    SLICE_X4Y122         LUT3 (Prop_D6LUT_SLICEM_I2_O)
                                                      0.062     7.353 r  design_1_i/HDC_Controller_AXI_W_0/U0/hdc_unit/accelerator_unit/cm_addr_mux0_i_118/O
                         net (fo=1, routed)           0.202     7.555    design_1_i/HDC_Controller_AXI_W_0/U0/hdc_unit/accelerator_unit/cm_addr_mux0_i_118_n_0
    SLICE_X4Y123         CARRY8 (Prop_CARRY8_SLICEM_DI[3]_O[7])
                                                      0.232     7.787 r  design_1_i/HDC_Controller_AXI_W_0/U0/hdc_unit/accelerator_unit/cm_addr_mux0_i_86/O[7]
                         net (fo=3, routed)           0.207     7.994    design_1_i/HDC_Controller_AXI_W_0/U0/hdc_unit/accelerator_unit/cm_addr_mux0_i_86_n_8
    SLICE_X4Y124         LUT3 (Prop_F6LUT_SLICEM_I0_O)
                                                      0.062     8.056 r  design_1_i/HDC_Controller_AXI_W_0/U0/hdc_unit/accelerator_unit/cm_addr_mux0_i_76/O
                         net (fo=1, routed)           0.238     8.294    design_1_i/HDC_Controller_AXI_W_0/U0/hdc_unit/accelerator_unit/cm_addr_mux0_i_76_n_0
    SLICE_X3Y123         CARRY8 (Prop_CARRY8_SLICEL_DI[7]_CO[7])
                                                      0.068     8.362 r  design_1_i/HDC_Controller_AXI_W_0/U0/hdc_unit/accelerator_unit/cm_addr_mux0_i_30/CO[7]
                         net (fo=1, routed)           0.028     8.390    design_1_i/HDC_Controller_AXI_W_0/U0/hdc_unit/accelerator_unit/cm_addr_mux0_i_30_n_0
    SLICE_X3Y124         CARRY8 (Prop_CARRY8_SLICEL_CI_O[1])
                                                      0.097     8.487 r  design_1_i/HDC_Controller_AXI_W_0/U0/hdc_unit/accelerator_unit/cm_addr_mux0_i_8/O[1]
                         net (fo=3, routed)           0.155     8.642    design_1_i/HDC_Controller_AXI_W_0/U0/hdc_unit/accelerator_unit/cm_addr_mux0_i_8_n_14
    SLICE_X3Y122         LUT4 (Prop_F6LUT_SLICEL_I2_O)
                                                      0.114     8.756 r  design_1_i/HDC_Controller_AXI_W_0/U0/hdc_unit/accelerator_unit/cm_addr_mux0_i_24/O
                         net (fo=1, routed)           0.012     8.768    design_1_i/HDC_Controller_AXI_W_0/U0/hdc_unit/accelerator_unit/cm_addr_mux0_i_24_n_0
    SLICE_X3Y122         CARRY8 (Prop_CARRY8_SLICEL_S[5]_CO[7])
                                                      0.204     8.972 r  design_1_i/HDC_Controller_AXI_W_0/U0/hdc_unit/accelerator_unit/cm_addr_mux0_i_7/CO[7]
                         net (fo=5, routed)           0.179     9.151    design_1_i/HDC_Controller_AXI_W_0/U0/hdc_unit/accelerator_unit/cm_addr_mux0_i_7_n_0
    SLICE_X3Y124         LUT3 (Prop_F6LUT_SLICEL_I0_O)
                                                      0.039     9.190 r  design_1_i/HDC_Controller_AXI_W_0/U0/hdc_unit/accelerator_unit/cm_addr_mux0_i_12/O
                         net (fo=2, routed)           0.104     9.295    design_1_i/HDC_Controller_AXI_W_0/U0/hdc_unit/accelerator_unit/cm_addr_mux0_i_12_n_0
    SLICE_X3Y125         LUT6 (Prop_B6LUT_SLICEL_I0_O)
                                                      0.115     9.410 f  design_1_i/HDC_Controller_AXI_W_0/U0/hdc_unit/accelerator_unit/cm_addr_mux0_i_2/O
                         net (fo=1, routed)           0.178     9.588    design_1_i/HDC_Controller_AXI_W_0/U0/hdc_unit/accelerator_unit/cm_addr_mux0/A[4]
    DSP48E2_X0Y50        DSP_A_B_DATA (Prop_DSP_A_B_DATA_DSP48E2_A[4]_A2_DATA[4])
                                                      0.241     9.829 r  design_1_i/HDC_Controller_AXI_W_0/U0/hdc_unit/accelerator_unit/cm_addr_mux0/DSP_A_B_DATA_INST/A2_DATA[4]
                         net (fo=1, routed)           0.000     9.829    design_1_i/HDC_Controller_AXI_W_0/U0/hdc_unit/accelerator_unit/cm_addr_mux0/DSP_A_B_DATA.A2_DATA<4>
    DSP48E2_X0Y50        DSP_PREADD_DATA (Prop_DSP_PREADD_DATA_DSP48E2_A2_DATA[4]_A2A1[4])
                                                      0.098     9.927 r  design_1_i/HDC_Controller_AXI_W_0/U0/hdc_unit/accelerator_unit/cm_addr_mux0/DSP_PREADD_DATA_INST/A2A1[4]
                         net (fo=1, routed)           0.000     9.927    design_1_i/HDC_Controller_AXI_W_0/U0/hdc_unit/accelerator_unit/cm_addr_mux0/DSP_PREADD_DATA.A2A1<4>
    DSP48E2_X0Y50        DSP_MULTIPLIER (Prop_DSP_MULTIPLIER_DSP48E2_A2A1[4]_U[14])
                                                      0.647    10.574 f  design_1_i/HDC_Controller_AXI_W_0/U0/hdc_unit/accelerator_unit/cm_addr_mux0/DSP_MULTIPLIER_INST/U[14]
                         net (fo=1, routed)           0.000    10.574    design_1_i/HDC_Controller_AXI_W_0/U0/hdc_unit/accelerator_unit/cm_addr_mux0/DSP_MULTIPLIER.U<14>
    DSP48E2_X0Y50        DSP_M_DATA (Prop_DSP_M_DATA_DSP48E2_U[14]_U_DATA[14])
                                                      0.059    10.633 r  design_1_i/HDC_Controller_AXI_W_0/U0/hdc_unit/accelerator_unit/cm_addr_mux0/DSP_M_DATA_INST/U_DATA[14]
                         net (fo=1, routed)           0.000    10.633    design_1_i/HDC_Controller_AXI_W_0/U0/hdc_unit/accelerator_unit/cm_addr_mux0/DSP_M_DATA.U_DATA<14>
    DSP48E2_X0Y50        DSP_ALU (Prop_DSP_ALU_DSP48E2_U_DATA[14]_ALU_OUT[14])
                                                      0.699    11.332 f  design_1_i/HDC_Controller_AXI_W_0/U0/hdc_unit/accelerator_unit/cm_addr_mux0/DSP_ALU_INST/ALU_OUT[14]
                         net (fo=1, routed)           0.000    11.332    design_1_i/HDC_Controller_AXI_W_0/U0/hdc_unit/accelerator_unit/cm_addr_mux0/DSP_ALU.ALU_OUT<14>
    DSP48E2_X0Y50        DSP_OUTPUT (Prop_DSP_OUTPUT_DSP48E2_ALU_OUT[14]_P[14])
                                                      0.141    11.473 r  design_1_i/HDC_Controller_AXI_W_0/U0/hdc_unit/accelerator_unit/cm_addr_mux0/DSP_OUTPUT_INST/P[14]
                         net (fo=1, routed)           0.168    11.641    design_1_i/HDC_Controller_AXI_W_0/U0/hdc_unit/accelerator_unit/cm_addr_mux0_n_91
    SLICE_X4Y126         LUT5 (Prop_F6LUT_SLICEM_I3_O)
                                                      0.038    11.679 r  design_1_i/HDC_Controller_AXI_W_0/U0/hdc_unit/accelerator_unit/cm_addr_mux[14]_i_1/O
                         net (fo=1, routed)           0.078    11.757    design_1_i/HDC_Controller_AXI_W_0/U0/hdc_unit/accelerator_unit/p_0_in__0[14]
    SLICE_X4Y126         FDRE                                         r  design_1_i/HDC_Controller_AXI_W_0/U0/hdc_unit/accelerator_unit/cm_addr_mux_reg[14]/D
  -------------------------------------------------------------------    -------------------

                         (clock clk_pl_0 rise edge)
                                                     10.000    10.000 r  
    PS8_X0Y0             PS8                          0.000    10.000 r  design_1_i/zynq_ultra_ps_e_0/inst/PS8_i/PLCLK[0]
                         net (fo=1, routed)           0.140    10.140    design_1_i/zynq_ultra_ps_e_0/inst/pl_clk_unbuffered[0]
    BUFG_PS_X0Y62        BUFG_PS (Prop_BUFG_PS_I_O)
                                                      0.027    10.167 r  design_1_i/zynq_ultra_ps_e_0/inst/buffer_pl_clk_0.PL_CLK_0_BUFG/O
    X0Y1 (CLOCK_ROOT)    net (fo=42559, routed)       1.748    11.915    design_1_i/HDC_Controller_AXI_W_0/U0/hdc_unit/accelerator_unit/S_AXI_ACLK
    SLICE_X4Y126         FDRE                                         r  design_1_i/HDC_Controller_AXI_W_0/U0/hdc_unit/accelerator_unit/cm_addr_mux_reg[14]/C
                         clock pessimism              0.173    12.089    
                         clock uncertainty           -0.174    11.915    
    SLICE_X4Y126         FDRE (Setup_FFF_SLICEM_C_D)
                                                      0.027    11.942    design_1_i/HDC_Controller_AXI_W_0/U0/hdc_unit/accelerator_unit/cm_addr_mux_reg[14]
  -------------------------------------------------------------------
                         required time                         11.942    
                         arrival time                         -11.757    
  -------------------------------------------------------------------
                         slack                                  0.185    

Slack (MET) :             0.189ns  (required time - arrival time)
  Source:                 design_1_i/HDC_Controller_AXI_W_0/U0/hdc_unit/accelerator_unit/feature_index_reg[2]/C
                            (rising edge-triggered cell FDCE clocked by clk_pl_0  {rise@0.000ns fall@5.000ns period=10.000ns})
  Destination:            design_1_i/HDC_Controller_AXI_W_0/U0/hdc_unit/accelerator_unit/cm_addr_mux_reg[13]/D
                            (rising edge-triggered cell FDRE clocked by clk_pl_0  {rise@0.000ns fall@5.000ns period=10.000ns})
  Path Group:             clk_pl_0
  Path Type:              Setup (Max at Slow Process Corner)
  Requirement:            10.000ns  (clk_pl_0 rise@10.000ns - clk_pl_0 rise@0.000ns)
  Data Path Delay:        9.543ns  (logic 5.784ns (60.613%)  route 3.759ns (39.387%))
  Logic Levels:           30  (CARRY8=7 DSP_A_B_DATA=2 DSP_ALU=2 DSP_M_DATA=2 DSP_MULTIPLIER=2 DSP_OUTPUT=2 DSP_PREADD_DATA=2 LUT3=4 LUT4=1 LUT5=2 LUT6=3 MUXF7=1)
  Clock Path Skew:        -0.122ns (DCD - SCD + CPR)
    Destination Clock Delay (DCD):    1.915ns = ( 11.915 - 10.000 ) 
    Source Clock Delay      (SCD):    2.210ns
    Clock Pessimism Removal (CPR):    0.173ns
  Clock Uncertainty:      0.174ns  ((TSJ^2 + DJ^2)^1/2) / 2 + PE
    Total System Jitter     (TSJ):    0.071ns
    Discrete Jitter          (DJ):    0.340ns
    Phase Error              (PE):    0.000ns
  Clock Net Delay (Source):      2.003ns (routing 0.803ns, distribution 1.200ns)
  Clock Net Delay (Destination): 1.748ns (routing 0.727ns, distribution 1.021ns)

    Location             Delay type                Incr(ns)  Path(ns)    Netlist Resource(s)
  -------------------------------------------------------------------    -------------------
                         (clock clk_pl_0 rise edge)
                                                      0.000     0.000 r  
    PS8_X0Y0             PS8                          0.000     0.000 r  design_1_i/zynq_ultra_ps_e_0/inst/PS8_i/PLCLK[0]
                         net (fo=1, routed)           0.178     0.178    design_1_i/zynq_ultra_ps_e_0/inst/pl_clk_unbuffered[0]
    BUFG_PS_X0Y62        BUFG_PS (Prop_BUFG_PS_I_O)
                                                      0.029     0.207 r  design_1_i/zynq_ultra_ps_e_0/inst/buffer_pl_clk_0.PL_CLK_0_BUFG/O
    X0Y1 (CLOCK_ROOT)    net (fo=42559, routed)       2.003     2.210    design_1_i/HDC_Controller_AXI_W_0/U0/hdc_unit/accelerator_unit/S_AXI_ACLK
    SLICE_X5Y123         FDCE                                         r  design_1_i/HDC_Controller_AXI_W_0/U0/hdc_unit/accelerator_unit/feature_index_reg[2]/C
  -------------------------------------------------------------------    -------------------
    SLICE_X5Y123         FDCE (Prop_HFF_SLICEM_C_Q)
                                                      0.096     2.306 r  design_1_i/HDC_Controller_AXI_W_0/U0/hdc_unit/accelerator_unit/feature_index_reg[2]/Q
                         net (fo=69, routed)          0.521     2.827    design_1_i/HDC_Controller_AXI_W_0/U0/hdc_unit/accelerator_unit/feature_index[2]
    SLICE_X5Y120         MUXF7 (Prop_F7MUX_CD_SLICEM_S_O)
                                                      0.099     2.926 f  design_1_i/HDC_Controller_AXI_W_0/U0/hdc_unit/accelerator_unit/cm_addr_mux3_i_50/O
                         net (fo=1, routed)           0.327     3.253    design_1_i/HDC_Controller_AXI_W_0/U0/hdc_unit/accelerator_unit/cm_addr_mux3_i_50_n_0
    SLICE_X5Y122         LUT6 (Prop_G6LUT_SLICEM_I1_O)
                                                      0.179     3.432 f  design_1_i/HDC_Controller_AXI_W_0/U0/hdc_unit/accelerator_unit/cm_addr_mux3_i_9/O
                         net (fo=1, routed)           0.221     3.653    design_1_i/HDC_Controller_AXI_W_0/U0/hdc_unit/accelerator_unit/cm_addr_mux3/A[7]
    DSP48E2_X0Y48        DSP_A_B_DATA (Prop_DSP_A_B_DATA_DSP48E2_A[7]_A2_DATA[7])
                                                      0.241     3.894 r  design_1_i/HDC_Controller_AXI_W_0/U0/hdc_unit/accelerator_unit/cm_addr_mux3/DSP_A_B_DATA_INST/A2_DATA[7]
                         net (fo=1, routed)           0.000     3.894    design_1_i/HDC_Controller_AXI_W_0/U0/hdc_unit/accelerator_unit/cm_addr_mux3/DSP_A_B_DATA.A2_DATA<7>
    DSP48E2_X0Y48        DSP_PREADD_DATA (Prop_DSP_PREADD_DATA_DSP48E2_A2_DATA[7]_A2A1[7])
                                                      0.098     3.992 r  design_1_i/HDC_Controller_AXI_W_0/U0/hdc_unit/accelerator_unit/cm_addr_mux3/DSP_PREADD_DATA_INST/A2A1[7]
                         net (fo=1, routed)           0.000     3.992    design_1_i/HDC_Controller_AXI_W_0/U0/hdc_unit/accelerator_unit/cm_addr_mux3/DSP_PREADD_DATA.A2A1<7>
    DSP48E2_X0Y48        DSP_MULTIPLIER (Prop_DSP_MULTIPLIER_DSP48E2_A2A1[7]_V[7])
                                                      0.648     4.640 f  design_1_i/HDC_Controller_AXI_W_0/U0/hdc_unit/accelerator_unit/cm_addr_mux3/DSP_MULTIPLIER_INST/V[7]
                         net (fo=1, routed)           0.000     4.640    design_1_i/HDC_Controller_AXI_W_0/U0/hdc_unit/accelerator_unit/cm_addr_mux3/DSP_MULTIPLIER.V<7>
    DSP48E2_X0Y48        DSP_M_DATA (Prop_DSP_M_DATA_DSP48E2_V[7]_V_DATA[7])
                                                      0.057     4.697 r  design_1_i/HDC_Controller_AXI_W_0/U0/hdc_unit/accelerator_unit/cm_addr_mux3/DSP_M_DATA_INST/V_DATA[7]
                         net (fo=1, routed)           0.000     4.697    design_1_i/HDC_Controller_AXI_W_0/U0/hdc_unit/accelerator_unit/cm_addr_mux3/DSP_M_DATA.V_DATA<7>
    DSP48E2_X0Y48        DSP_ALU (Prop_DSP_ALU_DSP48E2_V_DATA[7]_ALU_OUT[7])
                                                      0.688     5.385 f  design_1_i/HDC_Controller_AXI_W_0/U0/hdc_unit/accelerator_unit/cm_addr_mux3/DSP_ALU_INST/ALU_OUT[7]
                         net (fo=1, routed)           0.000     5.385    design_1_i/HDC_Controller_AXI_W_0/U0/hdc_unit/accelerator_unit/cm_addr_mux3/DSP_ALU.ALU_OUT<7>
    DSP48E2_X0Y48        DSP_OUTPUT (Prop_DSP_OUTPUT_DSP48E2_ALU_OUT[7]_P[7])
                                                      0.141     5.526 r  design_1_i/HDC_Controller_AXI_W_0/U0/hdc_unit/accelerator_unit/cm_addr_mux3/DSP_OUTPUT_INST/P[7]
                         net (fo=14, routed)          0.307     5.834    design_1_i/HDC_Controller_AXI_W_0/U0/hdc_unit/accelerator_unit/cm_addr_mux3_n_98
    SLICE_X4Y118         LUT3 (Prop_F6LUT_SLICEM_I0_O)
                                                      0.098     5.932 f  design_1_i/HDC_Controller_AXI_W_0/U0/hdc_unit/accelerator_unit/cm_addr_mux0_i_150/O
                         net (fo=2, routed)           0.170     6.101    design_1_i/HDC_Controller_AXI_W_0/U0/hdc_unit/accelerator_unit/cm_addr_mux0_i_150_n_0
    SLICE_X3Y120         LUT5 (Prop_H6LUT_SLICEL_I0_O)
                                                      0.064     6.165 r  design_1_i/HDC_Controller_AXI_W_0/U0/hdc_unit/accelerator_unit/cm_addr_mux0_i_95/O
                         net (fo=2, routed)           0.385     6.550    design_1_i/HDC_Controller_AXI_W_0/U0/hdc_unit/accelerator_unit/cm_addr_mux0_i_95_n_0
    SLICE_X4Y120         LUT6 (Prop_B6LUT_SLICEM_I0_O)
                                                      0.100     6.650 r  design_1_i/HDC_Controller_AXI_W_0/U0/hdc_unit/accelerator_unit/cm_addr_mux0_i_103/O
                         net (fo=1, routed)           0.018     6.668    design_1_i/HDC_Controller_AXI_W_0/U0/hdc_unit/accelerator_unit/cm_addr_mux0_i_103_n_0
    SLICE_X4Y120         CARRY8 (Prop_CARRY8_SLICEM_S[1]_CO[7])
                                                      0.238     6.906 r  design_1_i/HDC_Controller_AXI_W_0/U0/hdc_unit/accelerator_unit/cm_addr_mux0_i_38/CO[7]
                         net (fo=1, routed)           0.028     6.934    design_1_i/HDC_Controller_AXI_W_0/U0/hdc_unit/accelerator_unit/cm_addr_mux0_i_38_n_0
    SLICE_X4Y121         CARRY8 (Prop_CARRY8_SLICEM_CI_CO[7])
                                                      0.023     6.957 r  design_1_i/HDC_Controller_AXI_W_0/U0/hdc_unit/accelerator_unit/cm_addr_mux0_i_10/CO[7]
                         net (fo=1, routed)           0.028     6.985    design_1_i/HDC_Controller_AXI_W_0/U0/hdc_unit/accelerator_unit/cm_addr_mux0_i_10_n_0
    SLICE_X4Y122         CARRY8 (Prop_CARRY8_SLICEM_CI_O[1])
                                                      0.097     7.082 r  design_1_i/HDC_Controller_AXI_W_0/U0/hdc_unit/accelerator_unit/cm_addr_mux0_i_11/O[1]
                         net (fo=15, routed)          0.208     7.291    design_1_i/HDC_Controller_AXI_W_0/U0/hdc_unit/accelerator_unit/cm_addr_mux0_i_11_n_14
    SLICE_X4Y122         LUT3 (Prop_D6LUT_SLICEM_I2_O)
                                                      0.062     7.353 r  design_1_i/HDC_Controller_AXI_W_0/U0/hdc_unit/accelerator_unit/cm_addr_mux0_i_118/O
                         net (fo=1, routed)           0.202     7.555    design_1_i/HDC_Controller_AXI_W_0/U0/hdc_unit/accelerator_unit/cm_addr_mux0_i_118_n_0
    SLICE_X4Y123         CARRY8 (Prop_CARRY8_SLICEM_DI[3]_O[7])
                                                      0.232     7.787 r  design_1_i/HDC_Controller_AXI_W_0/U0/hdc_unit/accelerator_unit/cm_addr_mux0_i_86/O[7]
                         net (fo=3, routed)           0.207     7.994    design_1_i/HDC_Controller_AXI_W_0/U0/hdc_unit/accelerator_unit/cm_addr_mux0_i_86_n_8
    SLICE_X4Y124         LUT3 (Prop_F6LUT_SLICEM_I0_O)
                                                      0.062     8.056 r  design_1_i/HDC_Controller_AXI_W_0/U0/hdc_unit/accelerator_unit/cm_addr_mux0_i_76/O
                         net (fo=1, routed)           0.238     8.294    design_1_i/HDC_Controller_AXI_W_0/U0/hdc_unit/accelerator_unit/cm_addr_mux0_i_76_n_0
    SLICE_X3Y123         CARRY8 (Prop_CARRY8_SLICEL_DI[7]_CO[7])
                                                      0.068     8.362 r  design_1_i/HDC_Controller_AXI_W_0/U0/hdc_unit/accelerator_unit/cm_addr_mux0_i_30/CO[7]
                         net (fo=1, routed)           0.028     8.390    design_1_i/HDC_Controller_AXI_W_0/U0/hdc_unit/accelerator_unit/cm_addr_mux0_i_30_n_0
    SLICE_X3Y124         CARRY8 (Prop_CARRY8_SLICEL_CI_O[1])
                                                      0.097     8.487 r  design_1_i/HDC_Controller_AXI_W_0/U0/hdc_unit/accelerator_unit/cm_addr_mux0_i_8/O[1]
                         net (fo=3, routed)           0.155     8.642    design_1_i/HDC_Controller_AXI_W_0/U0/hdc_unit/accelerator_unit/cm_addr_mux0_i_8_n_14
    SLICE_X3Y122         LUT4 (Prop_F6LUT_SLICEL_I2_O)
                                                      0.114     8.756 r  design_1_i/HDC_Controller_AXI_W_0/U0/hdc_unit/accelerator_unit/cm_addr_mux0_i_24/O
                         net (fo=1, routed)           0.012     8.768    design_1_i/HDC_Controller_AXI_W_0/U0/hdc_unit/accelerator_unit/cm_addr_mux0_i_24_n_0
    SLICE_X3Y122         CARRY8 (Prop_CARRY8_SLICEL_S[5]_CO[7])
                                                      0.204     8.972 r  design_1_i/HDC_Controller_AXI_W_0/U0/hdc_unit/accelerator_unit/cm_addr_mux0_i_7/CO[7]
                         net (fo=5, routed)           0.179     9.151    design_1_i/HDC_Controller_AXI_W_0/U0/hdc_unit/accelerator_unit/cm_addr_mux0_i_7_n_0
    SLICE_X3Y124         LUT3 (Prop_F6LUT_SLICEL_I0_O)
                                                      0.039     9.190 r  design_1_i/HDC_Controller_AXI_W_0/U0/hdc_unit/accelerator_unit/cm_addr_mux0_i_12/O
                         net (fo=2, routed)           0.104     9.295    design_1_i/HDC_Controller_AXI_W_0/U0/hdc_unit/accelerator_unit/cm_addr_mux0_i_12_n_0
    SLICE_X3Y125         LUT6 (Prop_B6LUT_SLICEL_I0_O)
                                                      0.115     9.410 f  design_1_i/HDC_Controller_AXI_W_0/U0/hdc_unit/accelerator_unit/cm_addr_mux0_i_2/O
                         net (fo=1, routed)           0.178     9.588    design_1_i/HDC_Controller_AXI_W_0/U0/hdc_unit/accelerator_unit/cm_addr_mux0/A[4]
    DSP48E2_X0Y50        DSP_A_B_DATA (Prop_DSP_A_B_DATA_DSP48E2_A[4]_A2_DATA[4])
                                                      0.241     9.829 r  design_1_i/HDC_Controller_AXI_W_0/U0/hdc_unit/accelerator_unit/cm_addr_mux0/DSP_A_B_DATA_INST/A2_DATA[4]
                         net (fo=1, routed)           0.000     9.829    design_1_i/HDC_Controller_AXI_W_0/U0/hdc_unit/accelerator_unit/cm_addr_mux0/DSP_A_B_DATA.A2_DATA<4>
    DSP48E2_X0Y50        DSP_PREADD_DATA (Prop_DSP_PREADD_DATA_DSP48E2_A2_DATA[4]_A2A1[4])
                                                      0.098     9.927 r  design_1_i/HDC_Controller_AXI_W_0/U0/hdc_unit/accelerator_unit/cm_addr_mux0/DSP_PREADD_DATA_INST/A2A1[4]
                         net (fo=1, routed)           0.000     9.927    design_1_i/HDC_Controller_AXI_W_0/U0/hdc_unit/accelerator_unit/cm_addr_mux0/DSP_PREADD_DATA.A2A1<4>
    DSP48E2_X0Y50        DSP_MULTIPLIER (Prop_DSP_MULTIPLIER_DSP48E2_A2A1[4]_U[13])
                                                      0.647    10.574 f  design_1_i/HDC_Controller_AXI_W_0/U0/hdc_unit/accelerator_unit/cm_addr_mux0/DSP_MULTIPLIER_INST/U[13]
                         net (fo=1, routed)           0.000    10.574    design_1_i/HDC_Controller_AXI_W_0/U0/hdc_unit/accelerator_unit/cm_addr_mux0/DSP_MULTIPLIER.U<13>
    DSP48E2_X0Y50        DSP_M_DATA (Prop_DSP_M_DATA_DSP48E2_U[13]_U_DATA[13])
                                                      0.059    10.633 r  design_1_i/HDC_Controller_AXI_W_0/U0/hdc_unit/accelerator_unit/cm_addr_mux0/DSP_M_DATA_INST/U_DATA[13]
                         net (fo=1, routed)           0.000    10.633    design_1_i/HDC_Controller_AXI_W_0/U0/hdc_unit/accelerator_unit/cm_addr_mux0/DSP_M_DATA.U_DATA<13>
    DSP48E2_X0Y50        DSP_ALU (Prop_DSP_ALU_DSP48E2_U_DATA[13]_ALU_OUT[13])
                                                      0.699    11.332 f  design_1_i/HDC_Controller_AXI_W_0/U0/hdc_unit/accelerator_unit/cm_addr_mux0/DSP_ALU_INST/ALU_OUT[13]
                         net (fo=1, routed)           0.000    11.332    design_1_i/HDC_Controller_AXI_W_0/U0/hdc_unit/accelerator_unit/cm_addr_mux0/DSP_ALU.ALU_OUT<13>
    DSP48E2_X0Y50        DSP_OUTPUT (Prop_DSP_OUTPUT_DSP48E2_ALU_OUT[13]_P[13])
                                                      0.141    11.473 r  design_1_i/HDC_Controller_AXI_W_0/U0/hdc_unit/accelerator_unit/cm_addr_mux0/DSP_OUTPUT_INST/P[13]
                         net (fo=1, routed)           0.172    11.645    design_1_i/HDC_Controller_AXI_W_0/U0/hdc_unit/accelerator_unit/cm_addr_mux0_n_92
    SLICE_X4Y126         LUT5 (Prop_G6LUT_SLICEM_I3_O)
                                                      0.039    11.684 r  design_1_i/HDC_Controller_AXI_W_0/U0/hdc_unit/accelerator_unit/cm_addr_mux[13]_i_1/O
                         net (fo=1, routed)           0.069    11.753    design_1_i/HDC_Controller_AXI_W_0/U0/hdc_unit/accelerator_unit/p_0_in__0[13]
    SLICE_X4Y126         FDRE                                         r  design_1_i/HDC_Controller_AXI_W_0/U0/hdc_unit/accelerator_unit/cm_addr_mux_reg[13]/D
  -------------------------------------------------------------------    -------------------

                         (clock clk_pl_0 rise edge)
                                                     10.000    10.000 r  
    PS8_X0Y0             PS8                          0.000    10.000 r  design_1_i/zynq_ultra_ps_e_0/inst/PS8_i/PLCLK[0]
                         net (fo=1, routed)           0.140    10.140    design_1_i/zynq_ultra_ps_e_0/inst/pl_clk_unbuffered[0]
    BUFG_PS_X0Y62        BUFG_PS (Prop_BUFG_PS_I_O)
                                                      0.027    10.167 r  design_1_i/zynq_ultra_ps_e_0/inst/buffer_pl_clk_0.PL_CLK_0_BUFG/O
    X0Y1 (CLOCK_ROOT)    net (fo=42559, routed)       1.748    11.915    design_1_i/HDC_Controller_AXI_W_0/U0/hdc_unit/accelerator_unit/S_AXI_ACLK
    SLICE_X4Y126         FDRE                                         r  design_1_i/HDC_Controller_AXI_W_0/U0/hdc_unit/accelerator_unit/cm_addr_mux_reg[13]/C
                         clock pessimism              0.173    12.089    
                         clock uncertainty           -0.174    11.915    
    SLICE_X4Y126         FDRE (Setup_GFF_SLICEM_C_D)
                                                      0.027    11.942    design_1_i/HDC_Controller_AXI_W_0/U0/hdc_unit/accelerator_unit/cm_addr_mux_reg[13]
  -------------------------------------------------------------------
                         required time                         11.942    
                         arrival time                         -11.753    
  -------------------------------------------------------------------
                         slack                                  0.189    

Slack (MET) :             0.189ns  (required time - arrival time)
  Source:                 design_1_i/HDC_Controller_AXI_W_0/U0/hdc_unit/accelerator_unit/feature_index_reg[2]/C
                            (rising edge-triggered cell FDCE clocked by clk_pl_0  {rise@0.000ns fall@5.000ns period=10.000ns})
  Destination:            design_1_i/HDC_Controller_AXI_W_0/U0/hdc_unit/accelerator_unit/cm_addr_mux_reg[6]/D
                            (rising edge-triggered cell FDRE clocked by clk_pl_0  {rise@0.000ns fall@5.000ns period=10.000ns})
  Path Group:             clk_pl_0
  Path Type:              Setup (Max at Slow Process Corner)
  Requirement:            10.000ns  (clk_pl_0 rise@10.000ns - clk_pl_0 rise@0.000ns)
  Data Path Delay:        9.543ns  (logic 5.786ns (60.634%)  route 3.757ns (39.367%))
  Logic Levels:           30  (CARRY8=7 DSP_A_B_DATA=2 DSP_ALU=2 DSP_M_DATA=2 DSP_MULTIPLIER=2 DSP_OUTPUT=2 DSP_PREADD_DATA=2 LUT3=4 LUT4=1 LUT5=2 LUT6=3 MUXF7=1)
  Clock Path Skew:        -0.122ns (DCD - SCD + CPR)
    Destination Clock Delay (DCD):    1.915ns = ( 11.915 - 10.000 ) 
    Source Clock Delay      (SCD):    2.210ns
    Clock Pessimism Removal (CPR):    0.173ns
  Clock Uncertainty:      0.174ns  ((TSJ^2 + DJ^2)^1/2) / 2 + PE
    Total System Jitter     (TSJ):    0.071ns
    Discrete Jitter          (DJ):    0.340ns
    Phase Error              (PE):    0.000ns
  Clock Net Delay (Source):      2.003ns (routing 0.803ns, distribution 1.200ns)
  Clock Net Delay (Destination): 1.748ns (routing 0.727ns, distribution 1.021ns)

    Location             Delay type                Incr(ns)  Path(ns)    Netlist Resource(s)
  -------------------------------------------------------------------    -------------------
                         (clock clk_pl_0 rise edge)
                                                      0.000     0.000 r  
    PS8_X0Y0             PS8                          0.000     0.000 r  design_1_i/zynq_ultra_ps_e_0/inst/PS8_i/PLCLK[0]
                         net (fo=1, routed)           0.178     0.178    design_1_i/zynq_ultra_ps_e_0/inst/pl_clk_unbuffered[0]
    BUFG_PS_X0Y62        BUFG_PS (Prop_BUFG_PS_I_O)
                                                      0.029     0.207 r  design_1_i/zynq_ultra_ps_e_0/inst/buffer_pl_clk_0.PL_CLK_0_BUFG/O
    X0Y1 (CLOCK_ROOT)    net (fo=42559, routed)       2.003     2.210    design_1_i/HDC_Controller_AXI_W_0/U0/hdc_unit/accelerator_unit/S_AXI_ACLK
    SLICE_X5Y123         FDCE                                         r  design_1_i/HDC_Controller_AXI_W_0/U0/hdc_unit/accelerator_unit/feature_index_reg[2]/C
  -------------------------------------------------------------------    -------------------
    SLICE_X5Y123         FDCE (Prop_HFF_SLICEM_C_Q)
                                                      0.096     2.306 r  design_1_i/HDC_Controller_AXI_W_0/U0/hdc_unit/accelerator_unit/feature_index_reg[2]/Q
                         net (fo=69, routed)          0.521     2.827    design_1_i/HDC_Controller_AXI_W_0/U0/hdc_unit/accelerator_unit/feature_index[2]
    SLICE_X5Y120         MUXF7 (Prop_F7MUX_CD_SLICEM_S_O)
                                                      0.099     2.926 f  design_1_i/HDC_Controller_AXI_W_0/U0/hdc_unit/accelerator_unit/cm_addr_mux3_i_50/O
                         net (fo=1, routed)           0.327     3.253    design_1_i/HDC_Controller_AXI_W_0/U0/hdc_unit/accelerator_unit/cm_addr_mux3_i_50_n_0
    SLICE_X5Y122         LUT6 (Prop_G6LUT_SLICEM_I1_O)
                                                      0.179     3.432 f  design_1_i/HDC_Controller_AXI_W_0/U0/hdc_unit/accelerator_unit/cm_addr_mux3_i_9/O
                         net (fo=1, routed)           0.221     3.653    design_1_i/HDC_Controller_AXI_W_0/U0/hdc_unit/accelerator_unit/cm_addr_mux3/A[7]
    DSP48E2_X0Y48        DSP_A_B_DATA (Prop_DSP_A_B_DATA_DSP48E2_A[7]_A2_DATA[7])
                                                      0.241     3.894 r  design_1_i/HDC_Controller_AXI_W_0/U0/hdc_unit/accelerator_unit/cm_addr_mux3/DSP_A_B_DATA_INST/A2_DATA[7]
                         net (fo=1, routed)           0.000     3.894    design_1_i/HDC_Controller_AXI_W_0/U0/hdc_unit/accelerator_unit/cm_addr_mux3/DSP_A_B_DATA.A2_DATA<7>
    DSP48E2_X0Y48        DSP_PREADD_DATA (Prop_DSP_PREADD_DATA_DSP48E2_A2_DATA[7]_A2A1[7])
                                                      0.098     3.992 r  design_1_i/HDC_Controller_AXI_W_0/U0/hdc_unit/accelerator_unit/cm_addr_mux3/DSP_PREADD_DATA_INST/A2A1[7]
                         net (fo=1, routed)           0.000     3.992    design_1_i/HDC_Controller_AXI_W_0/U0/hdc_unit/accelerator_unit/cm_addr_mux3/DSP_PREADD_DATA.A2A1<7>
    DSP48E2_X0Y48        DSP_MULTIPLIER (Prop_DSP_MULTIPLIER_DSP48E2_A2A1[7]_V[7])
                                                      0.648     4.640 f  design_1_i/HDC_Controller_AXI_W_0/U0/hdc_unit/accelerator_unit/cm_addr_mux3/DSP_MULTIPLIER_INST/V[7]
                         net (fo=1, routed)           0.000     4.640    design_1_i/HDC_Controller_AXI_W_0/U0/hdc_unit/accelerator_unit/cm_addr_mux3/DSP_MULTIPLIER.V<7>
    DSP48E2_X0Y48        DSP_M_DATA (Prop_DSP_M_DATA_DSP48E2_V[7]_V_DATA[7])
                                                      0.057     4.697 r  design_1_i/HDC_Controller_AXI_W_0/U0/hdc_unit/accelerator_unit/cm_addr_mux3/DSP_M_DATA_INST/V_DATA[7]
                         net (fo=1, routed)           0.000     4.697    design_1_i/HDC_Controller_AXI_W_0/U0/hdc_unit/accelerator_unit/cm_addr_mux3/DSP_M_DATA.V_DATA<7>
    DSP48E2_X0Y48        DSP_ALU (Prop_DSP_ALU_DSP48E2_V_DATA[7]_ALU_OUT[7])
                                                      0.688     5.385 f  design_1_i/HDC_Controller_AXI_W_0/U0/hdc_unit/accelerator_unit/cm_addr_mux3/DSP_ALU_INST/ALU_OUT[7]
                         net (fo=1, routed)           0.000     5.385    design_1_i/HDC_Controller_AXI_W_0/U0/hdc_unit/accelerator_unit/cm_addr_mux3/DSP_ALU.ALU_OUT<7>
    DSP48E2_X0Y48        DSP_OUTPUT (Prop_DSP_OUTPUT_DSP48E2_ALU_OUT[7]_P[7])
                                                      0.141     5.526 r  design_1_i/HDC_Controller_AXI_W_0/U0/hdc_unit/accelerator_unit/cm_addr_mux3/DSP_OUTPUT_INST/P[7]
                         net (fo=14, routed)          0.307     5.834    design_1_i/HDC_Controller_AXI_W_0/U0/hdc_unit/accelerator_unit/cm_addr_mux3_n_98
    SLICE_X4Y118         LUT3 (Prop_F6LUT_SLICEM_I0_O)
                                                      0.098     5.932 f  design_1_i/HDC_Controller_AXI_W_0/U0/hdc_unit/accelerator_unit/cm_addr_mux0_i_150/O
                         net (fo=2, routed)           0.170     6.101    design_1_i/HDC_Controller_AXI_W_0/U0/hdc_unit/accelerator_unit/cm_addr_mux0_i_150_n_0
    SLICE_X3Y120         LUT5 (Prop_H6LUT_SLICEL_I0_O)
                                                      0.064     6.165 r  design_1_i/HDC_Controller_AXI_W_0/U0/hdc_unit/accelerator_unit/cm_addr_mux0_i_95/O
                         net (fo=2, routed)           0.385     6.550    design_1_i/HDC_Controller_AXI_W_0/U0/hdc_unit/accelerator_unit/cm_addr_mux0_i_95_n_0
    SLICE_X4Y120         LUT6 (Prop_B6LUT_SLICEM_I0_O)
                                                      0.100     6.650 r  design_1_i/HDC_Controller_AXI_W_0/U0/hdc_unit/accelerator_unit/cm_addr_mux0_i_103/O
                         net (fo=1, routed)           0.018     6.668    design_1_i/HDC_Controller_AXI_W_0/U0/hdc_unit/accelerator_unit/cm_addr_mux0_i_103_n_0
    SLICE_X4Y120         CARRY8 (Prop_CARRY8_SLICEM_S[1]_CO[7])
                                                      0.238     6.906 r  design_1_i/HDC_Controller_AXI_W_0/U0/hdc_unit/accelerator_unit/cm_addr_mux0_i_38/CO[7]
                         net (fo=1, routed)           0.028     6.934    design_1_i/HDC_Controller_AXI_W_0/U0/hdc_unit/accelerator_unit/cm_addr_mux0_i_38_n_0
    SLICE_X4Y121         CARRY8 (Prop_CARRY8_SLICEM_CI_CO[7])
                                                      0.023     6.957 r  design_1_i/HDC_Controller_AXI_W_0/U0/hdc_unit/accelerator_unit/cm_addr_mux0_i_10/CO[7]
                         net (fo=1, routed)           0.028     6.985    design_1_i/HDC_Controller_AXI_W_0/U0/hdc_unit/accelerator_unit/cm_addr_mux0_i_10_n_0
    SLICE_X4Y122         CARRY8 (Prop_CARRY8_SLICEM_CI_O[1])
                                                      0.097     7.082 r  design_1_i/HDC_Controller_AXI_W_0/U0/hdc_unit/accelerator_unit/cm_addr_mux0_i_11/O[1]
                         net (fo=15, routed)          0.208     7.291    design_1_i/HDC_Controller_AXI_W_0/U0/hdc_unit/accelerator_unit/cm_addr_mux0_i_11_n_14
    SLICE_X4Y122         LUT3 (Prop_D6LUT_SLICEM_I2_O)
                                                      0.062     7.353 r  design_1_i/HDC_Controller_AXI_W_0/U0/hdc_unit/accelerator_unit/cm_addr_mux0_i_118/O
                         net (fo=1, routed)           0.202     7.555    design_1_i/HDC_Controller_AXI_W_0/U0/hdc_unit/accelerator_unit/cm_addr_mux0_i_118_n_0
    SLICE_X4Y123         CARRY8 (Prop_CARRY8_SLICEM_DI[3]_O[7])
                                                      0.232     7.787 r  design_1_i/HDC_Controller_AXI_W_0/U0/hdc_unit/accelerator_unit/cm_addr_mux0_i_86/O[7]
                         net (fo=3, routed)           0.207     7.994    design_1_i/HDC_Controller_AXI_W_0/U0/hdc_unit/accelerator_unit/cm_addr_mux0_i_86_n_8
    SLICE_X4Y124         LUT3 (Prop_F6LUT_SLICEM_I0_O)
                                                      0.062     8.056 r  design_1_i/HDC_Controller_AXI_W_0/U0/hdc_unit/accelerator_unit/cm_addr_mux0_i_76/O
                         net (fo=1, routed)           0.238     8.294    design_1_i/HDC_Controller_AXI_W_0/U0/hdc_unit/accelerator_unit/cm_addr_mux0_i_76_n_0
    SLICE_X3Y123         CARRY8 (Prop_CARRY8_SLICEL_DI[7]_CO[7])
                                                      0.068     8.362 r  design_1_i/HDC_Controller_AXI_W_0/U0/hdc_unit/accelerator_unit/cm_addr_mux0_i_30/CO[7]
                         net (fo=1, routed)           0.028     8.390    design_1_i/HDC_Controller_AXI_W_0/U0/hdc_unit/accelerator_unit/cm_addr_mux0_i_30_n_0
    SLICE_X3Y124         CARRY8 (Prop_CARRY8_SLICEL_CI_O[1])
                                                      0.097     8.487 r  design_1_i/HDC_Controller_AXI_W_0/U0/hdc_unit/accelerator_unit/cm_addr_mux0_i_8/O[1]
                         net (fo=3, routed)           0.155     8.642    design_1_i/HDC_Controller_AXI_W_0/U0/hdc_unit/accelerator_unit/cm_addr_mux0_i_8_n_14
    SLICE_X3Y122         LUT4 (Prop_F6LUT_SLICEL_I2_O)
                                                      0.114     8.756 r  design_1_i/HDC_Controller_AXI_W_0/U0/hdc_unit/accelerator_unit/cm_addr_mux0_i_24/O
                         net (fo=1, routed)           0.012     8.768    design_1_i/HDC_Controller_AXI_W_0/U0/hdc_unit/accelerator_unit/cm_addr_mux0_i_24_n_0
    SLICE_X3Y122         CARRY8 (Prop_CARRY8_SLICEL_S[5]_CO[7])
                                                      0.204     8.972 r  design_1_i/HDC_Controller_AXI_W_0/U0/hdc_unit/accelerator_unit/cm_addr_mux0_i_7/CO[7]
                         net (fo=5, routed)           0.179     9.151    design_1_i/HDC_Controller_AXI_W_0/U0/hdc_unit/accelerator_unit/cm_addr_mux0_i_7_n_0
    SLICE_X3Y124         LUT3 (Prop_F6LUT_SLICEL_I0_O)
                                                      0.039     9.190 r  design_1_i/HDC_Controller_AXI_W_0/U0/hdc_unit/accelerator_unit/cm_addr_mux0_i_12/O
                         net (fo=2, routed)           0.104     9.295    design_1_i/HDC_Controller_AXI_W_0/U0/hdc_unit/accelerator_unit/cm_addr_mux0_i_12_n_0
    SLICE_X3Y125         LUT6 (Prop_B6LUT_SLICEL_I0_O)
                                                      0.115     9.410 f  design_1_i/HDC_Controller_AXI_W_0/U0/hdc_unit/accelerator_unit/cm_addr_mux0_i_2/O
                         net (fo=1, routed)           0.178     9.588    design_1_i/HDC_Controller_AXI_W_0/U0/hdc_unit/accelerator_unit/cm_addr_mux0/A[4]
    DSP48E2_X0Y50        DSP_A_B_DATA (Prop_DSP_A_B_DATA_DSP48E2_A[4]_A2_DATA[4])
                                                      0.241     9.829 r  design_1_i/HDC_Controller_AXI_W_0/U0/hdc_unit/accelerator_unit/cm_addr_mux0/DSP_A_B_DATA_INST/A2_DATA[4]
                         net (fo=1, routed)           0.000     9.829    design_1_i/HDC_Controller_AXI_W_0/U0/hdc_unit/accelerator_unit/cm_addr_mux0/DSP_A_B_DATA.A2_DATA<4>
    DSP48E2_X0Y50        DSP_PREADD_DATA (Prop_DSP_PREADD_DATA_DSP48E2_A2_DATA[4]_A2A1[4])
                                                      0.098     9.927 r  design_1_i/HDC_Controller_AXI_W_0/U0/hdc_unit/accelerator_unit/cm_addr_mux0/DSP_PREADD_DATA_INST/A2A1[4]
                         net (fo=1, routed)           0.000     9.927    design_1_i/HDC_Controller_AXI_W_0/U0/hdc_unit/accelerator_unit/cm_addr_mux0/DSP_PREADD_DATA.A2A1<4>
    DSP48E2_X0Y50        DSP_MULTIPLIER (Prop_DSP_MULTIPLIER_DSP48E2_A2A1[4]_U[6])
                                                      0.647    10.574 f  design_1_i/HDC_Controller_AXI_W_0/U0/hdc_unit/accelerator_unit/cm_addr_mux0/DSP_MULTIPLIER_INST/U[6]
                         net (fo=1, routed)           0.000    10.574    design_1_i/HDC_Controller_AXI_W_0/U0/hdc_unit/accelerator_unit/cm_addr_mux0/DSP_MULTIPLIER.U<6>
    DSP48E2_X0Y50        DSP_M_DATA (Prop_DSP_M_DATA_DSP48E2_U[6]_U_DATA[6])
                                                      0.059    10.633 r  design_1_i/HDC_Controller_AXI_W_0/U0/hdc_unit/accelerator_unit/cm_addr_mux0/DSP_M_DATA_INST/U_DATA[6]
                         net (fo=1, routed)           0.000    10.633    design_1_i/HDC_Controller_AXI_W_0/U0/hdc_unit/accelerator_unit/cm_addr_mux0/DSP_M_DATA.U_DATA<6>
    DSP48E2_X0Y50        DSP_ALU (Prop_DSP_ALU_DSP48E2_U_DATA[6]_ALU_OUT[6])
                                                      0.699    11.332 f  design_1_i/HDC_Controller_AXI_W_0/U0/hdc_unit/accelerator_unit/cm_addr_mux0/DSP_ALU_INST/ALU_OUT[6]
                         net (fo=1, routed)           0.000    11.332    design_1_i/HDC_Controller_AXI_W_0/U0/hdc_unit/accelerator_unit/cm_addr_mux0/DSP_ALU.ALU_OUT<6>
    DSP48E2_X0Y50        DSP_OUTPUT (Prop_DSP_OUTPUT_DSP48E2_ALU_OUT[6]_P[6])
                                                      0.141    11.473 r  design_1_i/HDC_Controller_AXI_W_0/U0/hdc_unit/accelerator_unit/cm_addr_mux0/DSP_OUTPUT_INST/P[6]
                         net (fo=1, routed)           0.171    11.644    design_1_i/HDC_Controller_AXI_W_0/U0/hdc_unit/accelerator_unit/cm_addr_mux0_n_99
    SLICE_X4Y125         LUT5 (Prop_H6LUT_SLICEM_I3_O)
                                                      0.041    11.685 r  design_1_i/HDC_Controller_AXI_W_0/U0/hdc_unit/accelerator_unit/cm_addr_mux[6]_i_1/O
                         net (fo=1, routed)           0.068    11.753    design_1_i/HDC_Controller_AXI_W_0/U0/hdc_unit/accelerator_unit/p_0_in__0[6]
    SLICE_X4Y125         FDRE                                         r  design_1_i/HDC_Controller_AXI_W_0/U0/hdc_unit/accelerator_unit/cm_addr_mux_reg[6]/D
  -------------------------------------------------------------------    -------------------

                         (clock clk_pl_0 rise edge)
                                                     10.000    10.000 r  
    PS8_X0Y0             PS8                          0.000    10.000 r  design_1_i/zynq_ultra_ps_e_0/inst/PS8_i/PLCLK[0]
                         net (fo=1, routed)           0.140    10.140    design_1_i/zynq_ultra_ps_e_0/inst/pl_clk_unbuffered[0]
    BUFG_PS_X0Y62        BUFG_PS (Prop_BUFG_PS_I_O)
                                                      0.027    10.167 r  design_1_i/zynq_ultra_ps_e_0/inst/buffer_pl_clk_0.PL_CLK_0_BUFG/O
    X0Y1 (CLOCK_ROOT)    net (fo=42559, routed)       1.748    11.915    design_1_i/HDC_Controller_AXI_W_0/U0/hdc_unit/accelerator_unit/S_AXI_ACLK
    SLICE_X4Y125         FDRE                                         r  design_1_i/HDC_Controller_AXI_W_0/U0/hdc_unit/accelerator_unit/cm_addr_mux_reg[6]/C
                         clock pessimism              0.173    12.089    
                         clock uncertainty           -0.174    11.915    
    SLICE_X4Y125         FDRE (Setup_HFF_SLICEM_C_D)
                                                      0.027    11.942    design_1_i/HDC_Controller_AXI_W_0/U0/hdc_unit/accelerator_unit/cm_addr_mux_reg[6]
  -------------------------------------------------------------------
                         required time                         11.942    
                         arrival time                         -11.753    
  -------------------------------------------------------------------
                         slack                                  0.189    





Min Delay Paths
--------------------------------------------------------------------------------------
Slack (MET) :             0.032ns  (arrival time - required time)
  Source:                 design_1_i/HDC_Controller_AXI_W_0/U0/hdc_unit/accelerator_unit/majority_ram_reg[115][31]/C
                            (rising edge-triggered cell FDCE clocked by clk_pl_0  {rise@0.000ns fall@5.000ns period=10.000ns})
  Destination:            design_1_i/HDC_Controller_AXI_W_0/U0/hdc_unit/accelerator_unit/bundled_result_reg[6319]/D
                            (rising edge-triggered cell FDCE clocked by clk_pl_0  {rise@0.000ns fall@5.000ns period=10.000ns})
  Path Group:             clk_pl_0
  Path Type:              Hold (Min at Fast Process Corner)
  Requirement:            0.000ns  (clk_pl_0 rise@0.000ns - clk_pl_0 rise@0.000ns)
  Data Path Delay:        0.127ns  (logic 0.062ns (48.819%)  route 0.065ns (51.181%))
  Logic Levels:           1  (LUT6=1)
  Clock Path Skew:        0.049ns (DCD - SCD - CPR)
    Destination Clock Delay (DCD):    1.314ns
    Source Clock Delay      (SCD):    1.156ns
    Clock Pessimism Removal (CPR):    0.109ns
  Clock Net Delay (Source):      1.045ns (routing 0.405ns, distribution 0.640ns)
  Clock Net Delay (Destination): 1.176ns (routing 0.452ns, distribution 0.724ns)

    Location             Delay type                Incr(ns)  Path(ns)    Netlist Resource(s)
  -------------------------------------------------------------------    -------------------
                         (clock clk_pl_0 rise edge)
                                                      0.000     0.000 r  
    PS8_X0Y0             PS8                          0.000     0.000 r  design_1_i/zynq_ultra_ps_e_0/inst/PS8_i/PLCLK[0]
                         net (fo=1, routed)           0.094     0.094    design_1_i/zynq_ultra_ps_e_0/inst/pl_clk_unbuffered[0]
    BUFG_PS_X0Y62        BUFG_PS (Prop_BUFG_PS_I_O)
                                                      0.017     0.111 r  design_1_i/zynq_ultra_ps_e_0/inst/buffer_pl_clk_0.PL_CLK_0_BUFG/O
    X0Y1 (CLOCK_ROOT)    net (fo=42559, routed)       1.045     1.156    design_1_i/HDC_Controller_AXI_W_0/U0/hdc_unit/accelerator_unit/S_AXI_ACLK
    SLICE_X45Y98         FDCE                                         r  design_1_i/HDC_Controller_AXI_W_0/U0/hdc_unit/accelerator_unit/majority_ram_reg[115][31]/C
  -------------------------------------------------------------------    -------------------
    SLICE_X45Y98         FDCE (Prop_GFF2_SLICEM_C_Q)
                                                      0.039     1.195 r  design_1_i/HDC_Controller_AXI_W_0/U0/hdc_unit/accelerator_unit/majority_ram_reg[115][31]/Q
                         net (fo=1, routed)           0.050     1.245    design_1_i/HDC_Controller_AXI_W_0/U0/hdc_unit/accelerator_unit/p_0_in[6319]
    SLICE_X44Y98         LUT6 (Prop_B6LUT_SLICEL_I4_O)
                                                      0.023     1.268 r  design_1_i/HDC_Controller_AXI_W_0/U0/hdc_unit/accelerator_unit/bundled_result[6319]_i_1/O
                         net (fo=1, routed)           0.015     1.283    design_1_i/HDC_Controller_AXI_W_0/U0/hdc_unit/accelerator_unit/bundled_result[6319]_i_1_n_0
    SLICE_X44Y98         FDCE                                         r  design_1_i/HDC_Controller_AXI_W_0/U0/hdc_unit/accelerator_unit/bundled_result_reg[6319]/D
  -------------------------------------------------------------------    -------------------

                         (clock clk_pl_0 rise edge)
                                                      0.000     0.000 r  
    PS8_X0Y0             PS8                          0.000     0.000 r  design_1_i/zynq_ultra_ps_e_0/inst/PS8_i/PLCLK[0]
                         net (fo=1, routed)           0.120     0.120    design_1_i/zynq_ultra_ps_e_0/inst/pl_clk_unbuffered[0]
    BUFG_PS_X0Y62        BUFG_PS (Prop_BUFG_PS_I_O)
                                                      0.018     0.138 r  design_1_i/zynq_ultra_ps_e_0/inst/buffer_pl_clk_0.PL_CLK_0_BUFG/O
    X0Y1 (CLOCK_ROOT)    net (fo=42559, routed)       1.176     1.314    design_1_i/HDC_Controller_AXI_W_0/U0/hdc_unit/accelerator_unit/S_AXI_ACLK
    SLICE_X44Y98         FDCE                                         r  design_1_i/HDC_Controller_AXI_W_0/U0/hdc_unit/accelerator_unit/bundled_result_reg[6319]/C
                         clock pessimism             -0.109     1.205    
    SLICE_X44Y98         FDCE (Hold_BFF_SLICEL_C_D)
                                                      0.046     1.251    design_1_i/HDC_Controller_AXI_W_0/U0/hdc_unit/accelerator_unit/bundled_result_reg[6319]
  -------------------------------------------------------------------
                         required time                         -1.251    
                         arrival time                           1.283    
  -------------------------------------------------------------------
                         slack                                  0.032    

Slack (MET) :             0.032ns  (arrival time - required time)
  Source:                 design_1_i/HDC_Controller_AXI_W_0/U0/hdc_unit/accelerator_unit/majority_ram_reg[243][29]/C
                            (rising edge-triggered cell FDCE clocked by clk_pl_0  {rise@0.000ns fall@5.000ns period=10.000ns})
  Destination:            design_1_i/HDC_Controller_AXI_W_0/U0/hdc_unit/accelerator_unit/bundled_result_reg[2221]/D
                            (rising edge-triggered cell FDCE clocked by clk_pl_0  {rise@0.000ns fall@5.000ns period=10.000ns})
  Path Group:             clk_pl_0
  Path Type:              Hold (Min at Fast Process Corner)
  Requirement:            0.000ns  (clk_pl_0 rise@0.000ns - clk_pl_0 rise@0.000ns)
  Data Path Delay:        0.117ns  (logic 0.054ns (46.154%)  route 0.063ns (53.846%))
  Logic Levels:           1  (LUT6=1)
  Clock Path Skew:        0.039ns (DCD - SCD - CPR)
    Destination Clock Delay (DCD):    1.234ns
    Source Clock Delay      (SCD):    1.086ns
    Clock Pessimism Removal (CPR):    0.110ns
  Clock Net Delay (Source):      0.975ns (routing 0.405ns, distribution 0.570ns)
  Clock Net Delay (Destination): 1.096ns (routing 0.452ns, distribution 0.644ns)

    Location             Delay type                Incr(ns)  Path(ns)    Netlist Resource(s)
  -------------------------------------------------------------------    -------------------
                         (clock clk_pl_0 rise edge)
                                                      0.000     0.000 r  
    PS8_X0Y0             PS8                          0.000     0.000 r  design_1_i/zynq_ultra_ps_e_0/inst/PS8_i/PLCLK[0]
                         net (fo=1, routed)           0.094     0.094    design_1_i/zynq_ultra_ps_e_0/inst/pl_clk_unbuffered[0]
    BUFG_PS_X0Y62        BUFG_PS (Prop_BUFG_PS_I_O)
                                                      0.017     0.111 r  design_1_i/zynq_ultra_ps_e_0/inst/buffer_pl_clk_0.PL_CLK_0_BUFG/O
    X0Y1 (CLOCK_ROOT)    net (fo=42559, routed)       0.975     1.086    design_1_i/HDC_Controller_AXI_W_0/U0/hdc_unit/accelerator_unit/S_AXI_ACLK
    SLICE_X22Y34         FDCE                                         r  design_1_i/HDC_Controller_AXI_W_0/U0/hdc_unit/accelerator_unit/majority_ram_reg[243][29]/C
  -------------------------------------------------------------------    -------------------
    SLICE_X22Y34         FDCE (Prop_GFF2_SLICEL_C_Q)
                                                      0.040     1.126 r  design_1_i/HDC_Controller_AXI_W_0/U0/hdc_unit/accelerator_unit/majority_ram_reg[243][29]/Q
                         net (fo=1, routed)           0.047     1.173    design_1_i/HDC_Controller_AXI_W_0/U0/hdc_unit/accelerator_unit/p_0_in[2221]
    SLICE_X21Y34         LUT6 (Prop_D6LUT_SLICEL_I4_O)
                                                      0.014     1.187 r  design_1_i/HDC_Controller_AXI_W_0/U0/hdc_unit/accelerator_unit/bundled_result[2221]_i_1/O
                         net (fo=1, routed)           0.016     1.203    design_1_i/HDC_Controller_AXI_W_0/U0/hdc_unit/accelerator_unit/bundled_result[2221]_i_1_n_0
    SLICE_X21Y34         FDCE                                         r  design_1_i/HDC_Controller_AXI_W_0/U0/hdc_unit/accelerator_unit/bundled_result_reg[2221]/D
  -------------------------------------------------------------------    -------------------

                         (clock clk_pl_0 rise edge)
                                                      0.000     0.000 r  
    PS8_X0Y0             PS8                          0.000     0.000 r  design_1_i/zynq_ultra_ps_e_0/inst/PS8_i/PLCLK[0]
                         net (fo=1, routed)           0.120     0.120    design_1_i/zynq_ultra_ps_e_0/inst/pl_clk_unbuffered[0]
    BUFG_PS_X0Y62        BUFG_PS (Prop_BUFG_PS_I_O)
                                                      0.018     0.138 r  design_1_i/zynq_ultra_ps_e_0/inst/buffer_pl_clk_0.PL_CLK_0_BUFG/O
    X0Y1 (CLOCK_ROOT)    net (fo=42559, routed)       1.096     1.234    design_1_i/HDC_Controller_AXI_W_0/U0/hdc_unit/accelerator_unit/S_AXI_ACLK
    SLICE_X21Y34         FDCE                                         r  design_1_i/HDC_Controller_AXI_W_0/U0/hdc_unit/accelerator_unit/bundled_result_reg[2221]/C
                         clock pessimism             -0.110     1.124    
    SLICE_X21Y34         FDCE (Hold_DFF_SLICEL_C_D)
                                                      0.046     1.170    design_1_i/HDC_Controller_AXI_W_0/U0/hdc_unit/accelerator_unit/bundled_result_reg[2221]
  -------------------------------------------------------------------
                         required time                         -1.170    
                         arrival time                           1.203    
  -------------------------------------------------------------------
                         slack                                  0.032    

Slack (MET) :             0.033ns  (arrival time - required time)
  Source:                 design_1_i/ps8_0_axi_periph/s00_couplers/auto_pc/inst/gen_axilite.gen_b2s_conv.axilite_b2s/SI_REG/ar.ar_pipe/m_payload_i_reg[64]/C
                            (rising edge-triggered cell FDRE clocked by clk_pl_0  {rise@0.000ns fall@5.000ns period=10.000ns})
  Destination:            design_1_i/ps8_0_axi_periph/s00_couplers/auto_pc/inst/gen_axilite.gen_b2s_conv.axilite_b2s/RD.ar_channel_0/s_arid_r_reg[3]/D
                            (rising edge-triggered cell FDRE clocked by clk_pl_0  {rise@0.000ns fall@5.000ns period=10.000ns})
  Path Group:             clk_pl_0
  Path Type:              Hold (Min at Fast Process Corner)
  Requirement:            0.000ns  (clk_pl_0 rise@0.000ns - clk_pl_0 rise@0.000ns)
  Data Path Delay:        0.103ns  (logic 0.040ns (38.835%)  route 0.063ns (61.165%))
  Logic Levels:           0  
  Clock Path Skew:        0.023ns (DCD - SCD - CPR)
    Destination Clock Delay (DCD):    1.265ns
    Source Clock Delay      (SCD):    1.105ns
    Clock Pessimism Removal (CPR):    0.138ns
  Clock Net Delay (Source):      0.994ns (routing 0.405ns, distribution 0.589ns)
  Clock Net Delay (Destination): 1.127ns (routing 0.452ns, distribution 0.675ns)

    Location             Delay type                Incr(ns)  Path(ns)    Netlist Resource(s)
  -------------------------------------------------------------------    -------------------
                         (clock clk_pl_0 rise edge)
                                                      0.000     0.000 r  
    PS8_X0Y0             PS8                          0.000     0.000 r  design_1_i/zynq_ultra_ps_e_0/inst/PS8_i/PLCLK[0]
                         net (fo=1, routed)           0.094     0.094    design_1_i/zynq_ultra_ps_e_0/inst/pl_clk_unbuffered[0]
    BUFG_PS_X0Y62        BUFG_PS (Prop_BUFG_PS_I_O)
                                                      0.017     0.111 r  design_1_i/zynq_ultra_ps_e_0/inst/buffer_pl_clk_0.PL_CLK_0_BUFG/O
    X0Y1 (CLOCK_ROOT)    net (fo=42559, routed)       0.994     1.105    design_1_i/ps8_0_axi_periph/s00_couplers/auto_pc/inst/gen_axilite.gen_b2s_conv.axilite_b2s/SI_REG/ar.ar_pipe/aclk
    SLICE_X0Y140         FDRE                                         r  design_1_i/ps8_0_axi_periph/s00_couplers/auto_pc/inst/gen_axilite.gen_b2s_conv.axilite_b2s/SI_REG/ar.ar_pipe/m_payload_i_reg[64]/C
  -------------------------------------------------------------------    -------------------
    SLICE_X0Y140         FDRE (Prop_CFF2_SLICEL_C_Q)
                                                      0.040     1.145 r  design_1_i/ps8_0_axi_periph/s00_couplers/auto_pc/inst/gen_axilite.gen_b2s_conv.axilite_b2s/SI_REG/ar.ar_pipe/m_payload_i_reg[64]/Q
                         net (fo=1, routed)           0.063     1.208    design_1_i/ps8_0_axi_periph/s00_couplers/auto_pc/inst/gen_axilite.gen_b2s_conv.axilite_b2s/RD.ar_channel_0/s_arid_r_reg[15]_1[21]
    SLICE_X0Y139         FDRE                                         r  design_1_i/ps8_0_axi_periph/s00_couplers/auto_pc/inst/gen_axilite.gen_b2s_conv.axilite_b2s/RD.ar_channel_0/s_arid_r_reg[3]/D
  -------------------------------------------------------------------    -------------------

                         (clock clk_pl_0 rise edge)
                                                      0.000     0.000 r  
    PS8_X0Y0             PS8                          0.000     0.000 r  design_1_i/zynq_ultra_ps_e_0/inst/PS8_i/PLCLK[0]
                         net (fo=1, routed)           0.120     0.120    design_1_i/zynq_ultra_ps_e_0/inst/pl_clk_unbuffered[0]
    BUFG_PS_X0Y62        BUFG_PS (Prop_BUFG_PS_I_O)
                                                      0.018     0.138 r  design_1_i/zynq_ultra_ps_e_0/inst/buffer_pl_clk_0.PL_CLK_0_BUFG/O
    X0Y1 (CLOCK_ROOT)    net (fo=42559, routed)       1.127     1.265    design_1_i/ps8_0_axi_periph/s00_couplers/auto_pc/inst/gen_axilite.gen_b2s_conv.axilite_b2s/RD.ar_channel_0/aclk
    SLICE_X0Y139         FDRE                                         r  design_1_i/ps8_0_axi_periph/s00_couplers/auto_pc/inst/gen_axilite.gen_b2s_conv.axilite_b2s/RD.ar_channel_0/s_arid_r_reg[3]/C
                         clock pessimism             -0.138     1.127    
    SLICE_X0Y139         FDRE (Hold_HFF2_SLICEL_C_D)
                                                      0.047     1.174    design_1_i/ps8_0_axi_periph/s00_couplers/auto_pc/inst/gen_axilite.gen_b2s_conv.axilite_b2s/RD.ar_channel_0/s_arid_r_reg[3]
  -------------------------------------------------------------------
                         required time                         -1.174    
                         arrival time                           1.208    
  -------------------------------------------------------------------
                         slack                                  0.033    

Slack (MET) :             0.033ns  (arrival time - required time)
  Source:                 design_1_i/HDC_Controller_AXI_W_0/U0/hdc_unit/accelerator_unit/majority_ram_reg[20][19]/C
                            (rising edge-triggered cell FDCE clocked by clk_pl_0  {rise@0.000ns fall@5.000ns period=10.000ns})
  Destination:            design_1_i/HDC_Controller_AXI_W_0/U0/hdc_unit/accelerator_unit/bundled_result_reg[9347]/D
                            (rising edge-triggered cell FDCE clocked by clk_pl_0  {rise@0.000ns fall@5.000ns period=10.000ns})
  Path Group:             clk_pl_0
  Path Type:              Hold (Min at Fast Process Corner)
  Requirement:            0.000ns  (clk_pl_0 rise@0.000ns - clk_pl_0 rise@0.000ns)
  Data Path Delay:        0.122ns  (logic 0.053ns (43.443%)  route 0.069ns (56.557%))
  Logic Levels:           1  (LUT6=1)
  Clock Path Skew:        0.043ns (DCD - SCD - CPR)
    Destination Clock Delay (DCD):    1.252ns
    Source Clock Delay      (SCD):    1.102ns
    Clock Pessimism Removal (CPR):    0.108ns
  Clock Net Delay (Source):      0.991ns (routing 0.405ns, distribution 0.586ns)
  Clock Net Delay (Destination): 1.114ns (routing 0.452ns, distribution 0.662ns)

    Location             Delay type                Incr(ns)  Path(ns)    Netlist Resource(s)
  -------------------------------------------------------------------    -------------------
                         (clock clk_pl_0 rise edge)
                                                      0.000     0.000 r  
    PS8_X0Y0             PS8                          0.000     0.000 r  design_1_i/zynq_ultra_ps_e_0/inst/PS8_i/PLCLK[0]
                         net (fo=1, routed)           0.094     0.094    design_1_i/zynq_ultra_ps_e_0/inst/pl_clk_unbuffered[0]
    BUFG_PS_X0Y62        BUFG_PS (Prop_BUFG_PS_I_O)
                                                      0.017     0.111 r  design_1_i/zynq_ultra_ps_e_0/inst/buffer_pl_clk_0.PL_CLK_0_BUFG/O
    X0Y1 (CLOCK_ROOT)    net (fo=42559, routed)       0.991     1.102    design_1_i/HDC_Controller_AXI_W_0/U0/hdc_unit/accelerator_unit/S_AXI_ACLK
    SLICE_X16Y174        FDCE                                         r  design_1_i/HDC_Controller_AXI_W_0/U0/hdc_unit/accelerator_unit/majority_ram_reg[20][19]/C
  -------------------------------------------------------------------    -------------------
    SLICE_X16Y174        FDCE (Prop_HFF2_SLICEM_C_Q)
                                                      0.039     1.141 r  design_1_i/HDC_Controller_AXI_W_0/U0/hdc_unit/accelerator_unit/majority_ram_reg[20][19]/Q
                         net (fo=1, routed)           0.051     1.192    design_1_i/HDC_Controller_AXI_W_0/U0/hdc_unit/accelerator_unit/p_0_in[9347]
    SLICE_X15Y174        LUT6 (Prop_F6LUT_SLICEL_I4_O)
                                                      0.014     1.206 r  design_1_i/HDC_Controller_AXI_W_0/U0/hdc_unit/accelerator_unit/bundled_result[9347]_i_1/O
                         net (fo=1, routed)           0.018     1.224    design_1_i/HDC_Controller_AXI_W_0/U0/hdc_unit/accelerator_unit/bundled_result[9347]_i_1_n_0
    SLICE_X15Y174        FDCE                                         r  design_1_i/HDC_Controller_AXI_W_0/U0/hdc_unit/accelerator_unit/bundled_result_reg[9347]/D
  -------------------------------------------------------------------    -------------------

                         (clock clk_pl_0 rise edge)
                                                      0.000     0.000 r  
    PS8_X0Y0             PS8                          0.000     0.000 r  design_1_i/zynq_ultra_ps_e_0/inst/PS8_i/PLCLK[0]
                         net (fo=1, routed)           0.120     0.120    design_1_i/zynq_ultra_ps_e_0/inst/pl_clk_unbuffered[0]
    BUFG_PS_X0Y62        BUFG_PS (Prop_BUFG_PS_I_O)
                                                      0.018     0.138 r  design_1_i/zynq_ultra_ps_e_0/inst/buffer_pl_clk_0.PL_CLK_0_BUFG/O
    X0Y1 (CLOCK_ROOT)    net (fo=42559, routed)       1.114     1.252    design_1_i/HDC_Controller_AXI_W_0/U0/hdc_unit/accelerator_unit/S_AXI_ACLK
    SLICE_X15Y174        FDCE                                         r  design_1_i/HDC_Controller_AXI_W_0/U0/hdc_unit/accelerator_unit/bundled_result_reg[9347]/C
                         clock pessimism             -0.108     1.144    
    SLICE_X15Y174        FDCE (Hold_FFF_SLICEL_C_D)
                                                      0.046     1.190    design_1_i/HDC_Controller_AXI_W_0/U0/hdc_unit/accelerator_unit/bundled_result_reg[9347]
  -------------------------------------------------------------------
                         required time                         -1.190    
                         arrival time                           1.224    
  -------------------------------------------------------------------
                         slack                                  0.033    

Slack (MET) :             0.034ns  (arrival time - required time)
  Source:                 design_1_i/HDC_Controller_AXI_W_0/U0/hdc_unit/accelerator_unit/majority_ram_reg[240][20]/C
                            (rising edge-triggered cell FDCE clocked by clk_pl_0  {rise@0.000ns fall@5.000ns period=10.000ns})
  Destination:            design_1_i/HDC_Controller_AXI_W_0/U0/hdc_unit/accelerator_unit/bundled_result_reg[2308]/D
                            (rising edge-triggered cell FDCE clocked by clk_pl_0  {rise@0.000ns fall@5.000ns period=10.000ns})
  Path Group:             clk_pl_0
  Path Type:              Hold (Min at Fast Process Corner)
  Requirement:            0.000ns  (clk_pl_0 rise@0.000ns - clk_pl_0 rise@0.000ns)
  Data Path Delay:        0.125ns  (logic 0.062ns (49.600%)  route 0.063ns (50.400%))
  Logic Levels:           1  (LUT6=1)
  Clock Path Skew:        0.045ns (DCD - SCD - CPR)
    Destination Clock Delay (DCD):    1.252ns
    Source Clock Delay      (SCD):    1.097ns
    Clock Pessimism Removal (CPR):    0.110ns
  Clock Net Delay (Source):      0.986ns (routing 0.405ns, distribution 0.581ns)
  Clock Net Delay (Destination): 1.114ns (routing 0.452ns, distribution 0.662ns)

    Location             Delay type                Incr(ns)  Path(ns)    Netlist Resource(s)
  -------------------------------------------------------------------    -------------------
                         (clock clk_pl_0 rise edge)
                                                      0.000     0.000 r  
    PS8_X0Y0             PS8                          0.000     0.000 r  design_1_i/zynq_ultra_ps_e_0/inst/PS8_i/PLCLK[0]
                         net (fo=1, routed)           0.094     0.094    design_1_i/zynq_ultra_ps_e_0/inst/pl_clk_unbuffered[0]
    BUFG_PS_X0Y62        BUFG_PS (Prop_BUFG_PS_I_O)
                                                      0.017     0.111 r  design_1_i/zynq_ultra_ps_e_0/inst/buffer_pl_clk_0.PL_CLK_0_BUFG/O
    X0Y1 (CLOCK_ROOT)    net (fo=42559, routed)       0.986     1.097    design_1_i/HDC_Controller_AXI_W_0/U0/hdc_unit/accelerator_unit/S_AXI_ACLK
    SLICE_X25Y9          FDCE                                         r  design_1_i/HDC_Controller_AXI_W_0/U0/hdc_unit/accelerator_unit/majority_ram_reg[240][20]/C
  -------------------------------------------------------------------    -------------------
    SLICE_X25Y9          FDCE (Prop_GFF2_SLICEL_C_Q)
                                                      0.040     1.137 r  design_1_i/HDC_Controller_AXI_W_0/U0/hdc_unit/accelerator_unit/majority_ram_reg[240][20]/Q
                         net (fo=1, routed)           0.047     1.184    design_1_i/HDC_Controller_AXI_W_0/U0/hdc_unit/accelerator_unit/p_0_in[2308]
    SLICE_X26Y9          LUT6 (Prop_D6LUT_SLICEL_I4_O)
                                                      0.022     1.206 r  design_1_i/HDC_Controller_AXI_W_0/U0/hdc_unit/accelerator_unit/bundled_result[2308]_i_1/O
                         net (fo=1, routed)           0.016     1.222    design_1_i/HDC_Controller_AXI_W_0/U0/hdc_unit/accelerator_unit/bundled_result[2308]_i_1_n_0
    SLICE_X26Y9          FDCE                                         r  design_1_i/HDC_Controller_AXI_W_0/U0/hdc_unit/accelerator_unit/bundled_result_reg[2308]/D
  -------------------------------------------------------------------    -------------------

                         (clock clk_pl_0 rise edge)
                                                      0.000     0.000 r  
    PS8_X0Y0             PS8                          0.000     0.000 r  design_1_i/zynq_ultra_ps_e_0/inst/PS8_i/PLCLK[0]
                         net (fo=1, routed)           0.120     0.120    design_1_i/zynq_ultra_ps_e_0/inst/pl_clk_unbuffered[0]
    BUFG_PS_X0Y62        BUFG_PS (Prop_BUFG_PS_I_O)
                                                      0.018     0.138 r  design_1_i/zynq_ultra_ps_e_0/inst/buffer_pl_clk_0.PL_CLK_0_BUFG/O
    X0Y1 (CLOCK_ROOT)    net (fo=42559, routed)       1.114     1.252    design_1_i/HDC_Controller_AXI_W_0/U0/hdc_unit/accelerator_unit/S_AXI_ACLK
    SLICE_X26Y9          FDCE                                         r  design_1_i/HDC_Controller_AXI_W_0/U0/hdc_unit/accelerator_unit/bundled_result_reg[2308]/C
                         clock pessimism             -0.110     1.142    
    SLICE_X26Y9          FDCE (Hold_DFF_SLICEL_C_D)
                                                      0.046     1.188    design_1_i/HDC_Controller_AXI_W_0/U0/hdc_unit/accelerator_unit/bundled_result_reg[2308]
  -------------------------------------------------------------------
                         required time                         -1.188    
                         arrival time                           1.222    
  -------------------------------------------------------------------
                         slack                                  0.034    

Slack (MET) :             0.035ns  (arrival time - required time)
  Source:                 design_1_i/HDC_Controller_AXI_W_0/U0/hdc_unit/accelerator_unit/majority_ram_reg[155][29]/C
                            (rising edge-triggered cell FDCE clocked by clk_pl_0  {rise@0.000ns fall@5.000ns period=10.000ns})
  Destination:            design_1_i/HDC_Controller_AXI_W_0/U0/hdc_unit/accelerator_unit/bundled_result_reg[5037]/D
                            (rising edge-triggered cell FDCE clocked by clk_pl_0  {rise@0.000ns fall@5.000ns period=10.000ns})
  Path Group:             clk_pl_0
  Path Type:              Hold (Min at Fast Process Corner)
  Requirement:            0.000ns  (clk_pl_0 rise@0.000ns - clk_pl_0 rise@0.000ns)
  Data Path Delay:        0.130ns  (logic 0.061ns (46.923%)  route 0.069ns (53.077%))
  Logic Levels:           1  (LUT6=1)
  Clock Path Skew:        0.049ns (DCD - SCD - CPR)
    Destination Clock Delay (DCD):    1.317ns
    Source Clock Delay      (SCD):    1.160ns
    Clock Pessimism Removal (CPR):    0.108ns
  Clock Net Delay (Source):      1.049ns (routing 0.405ns, distribution 0.644ns)
  Clock Net Delay (Destination): 1.179ns (routing 0.452ns, distribution 0.727ns)

    Location             Delay type                Incr(ns)  Path(ns)    Netlist Resource(s)
  -------------------------------------------------------------------    -------------------
                         (clock clk_pl_0 rise edge)
                                                      0.000     0.000 r  
    PS8_X0Y0             PS8                          0.000     0.000 r  design_1_i/zynq_ultra_ps_e_0/inst/PS8_i/PLCLK[0]
                         net (fo=1, routed)           0.094     0.094    design_1_i/zynq_ultra_ps_e_0/inst/pl_clk_unbuffered[0]
    BUFG_PS_X0Y62        BUFG_PS (Prop_BUFG_PS_I_O)
                                                      0.017     0.111 r  design_1_i/zynq_ultra_ps_e_0/inst/buffer_pl_clk_0.PL_CLK_0_BUFG/O
    X0Y1 (CLOCK_ROOT)    net (fo=42559, routed)       1.049     1.160    design_1_i/HDC_Controller_AXI_W_0/U0/hdc_unit/accelerator_unit/S_AXI_ACLK
    SLICE_X48Y71         FDCE                                         r  design_1_i/HDC_Controller_AXI_W_0/U0/hdc_unit/accelerator_unit/majority_ram_reg[155][29]/C
  -------------------------------------------------------------------    -------------------
    SLICE_X48Y71         FDCE (Prop_HFF2_SLICEM_C_Q)
                                                      0.039     1.199 r  design_1_i/HDC_Controller_AXI_W_0/U0/hdc_unit/accelerator_unit/majority_ram_reg[155][29]/Q
                         net (fo=1, routed)           0.052     1.251    design_1_i/HDC_Controller_AXI_W_0/U0/hdc_unit/accelerator_unit/p_0_in[5037]
    SLICE_X47Y71         LUT6 (Prop_C6LUT_SLICEL_I4_O)
                                                      0.022     1.273 r  design_1_i/HDC_Controller_AXI_W_0/U0/hdc_unit/accelerator_unit/bundled_result[5037]_i_1/O
                         net (fo=1, routed)           0.017     1.290    design_1_i/HDC_Controller_AXI_W_0/U0/hdc_unit/accelerator_unit/bundled_result[5037]_i_1_n_0
    SLICE_X47Y71         FDCE                                         r  design_1_i/HDC_Controller_AXI_W_0/U0/hdc_unit/accelerator_unit/bundled_result_reg[5037]/D
  -------------------------------------------------------------------    -------------------

                         (clock clk_pl_0 rise edge)
                                                      0.000     0.000 r  
    PS8_X0Y0             PS8                          0.000     0.000 r  design_1_i/zynq_ultra_ps_e_0/inst/PS8_i/PLCLK[0]
                         net (fo=1, routed)           0.120     0.120    design_1_i/zynq_ultra_ps_e_0/inst/pl_clk_unbuffered[0]
    BUFG_PS_X0Y62        BUFG_PS (Prop_BUFG_PS_I_O)
                                                      0.018     0.138 r  design_1_i/zynq_ultra_ps_e_0/inst/buffer_pl_clk_0.PL_CLK_0_BUFG/O
    X0Y1 (CLOCK_ROOT)    net (fo=42559, routed)       1.179     1.317    design_1_i/HDC_Controller_AXI_W_0/U0/hdc_unit/accelerator_unit/S_AXI_ACLK
    SLICE_X47Y71         FDCE                                         r  design_1_i/HDC_Controller_AXI_W_0/U0/hdc_unit/accelerator_unit/bundled_result_reg[5037]/C
                         clock pessimism             -0.108     1.209    
    SLICE_X47Y71         FDCE (Hold_CFF_SLICEL_C_D)
                                                      0.046     1.255    design_1_i/HDC_Controller_AXI_W_0/U0/hdc_unit/accelerator_unit/bundled_result_reg[5037]
  -------------------------------------------------------------------
                         required time                         -1.255    
                         arrival time                           1.290    
  -------------------------------------------------------------------
                         slack                                  0.035    

Slack (MET) :             0.035ns  (arrival time - required time)
  Source:                 design_1_i/HDC_Controller_AXI_W_0/U0/hdc_unit/accelerator_unit/majority_ram_reg[246][8]/C
                            (rising edge-triggered cell FDCE clocked by clk_pl_0  {rise@0.000ns fall@5.000ns period=10.000ns})
  Destination:            design_1_i/HDC_Controller_AXI_W_0/U0/hdc_unit/accelerator_unit/bundled_result_reg[2104]/D
                            (rising edge-triggered cell FDCE clocked by clk_pl_0  {rise@0.000ns fall@5.000ns period=10.000ns})
  Path Group:             clk_pl_0
  Path Type:              Hold (Min at Fast Process Corner)
  Requirement:            0.000ns  (clk_pl_0 rise@0.000ns - clk_pl_0 rise@0.000ns)
  Data Path Delay:        0.125ns  (logic 0.062ns (49.600%)  route 0.063ns (50.400%))
  Logic Levels:           1  (LUT6=1)
  Clock Path Skew:        0.044ns (DCD - SCD - CPR)
    Destination Clock Delay (DCD):    1.251ns
    Source Clock Delay      (SCD):    1.097ns
    Clock Pessimism Removal (CPR):    0.110ns
  Clock Net Delay (Source):      0.986ns (routing 0.405ns, distribution 0.581ns)
  Clock Net Delay (Destination): 1.113ns (routing 0.452ns, distribution 0.661ns)

    Location             Delay type                Incr(ns)  Path(ns)    Netlist Resource(s)
  -------------------------------------------------------------------    -------------------
                         (clock clk_pl_0 rise edge)
                                                      0.000     0.000 r  
    PS8_X0Y0             PS8                          0.000     0.000 r  design_1_i/zynq_ultra_ps_e_0/inst/PS8_i/PLCLK[0]
                         net (fo=1, routed)           0.094     0.094    design_1_i/zynq_ultra_ps_e_0/inst/pl_clk_unbuffered[0]
    BUFG_PS_X0Y62        BUFG_PS (Prop_BUFG_PS_I_O)
                                                      0.017     0.111 r  design_1_i/zynq_ultra_ps_e_0/inst/buffer_pl_clk_0.PL_CLK_0_BUFG/O
    X0Y1 (CLOCK_ROOT)    net (fo=42559, routed)       0.986     1.097    design_1_i/HDC_Controller_AXI_W_0/U0/hdc_unit/accelerator_unit/S_AXI_ACLK
    SLICE_X21Y6          FDCE                                         r  design_1_i/HDC_Controller_AXI_W_0/U0/hdc_unit/accelerator_unit/majority_ram_reg[246][8]/C
  -------------------------------------------------------------------    -------------------
    SLICE_X21Y6          FDCE (Prop_HFF2_SLICEL_C_Q)
                                                      0.039     1.136 r  design_1_i/HDC_Controller_AXI_W_0/U0/hdc_unit/accelerator_unit/majority_ram_reg[246][8]/Q
                         net (fo=1, routed)           0.048     1.184    design_1_i/HDC_Controller_AXI_W_0/U0/hdc_unit/accelerator_unit/p_0_in[2104]
    SLICE_X22Y6          LUT6 (Prop_B6LUT_SLICEL_I4_O)
                                                      0.023     1.207 r  design_1_i/HDC_Controller_AXI_W_0/U0/hdc_unit/accelerator_unit/bundled_result[2104]_i_1/O
                         net (fo=1, routed)           0.015     1.222    design_1_i/HDC_Controller_AXI_W_0/U0/hdc_unit/accelerator_unit/bundled_result[2104]_i_1_n_0
    SLICE_X22Y6          FDCE                                         r  design_1_i/HDC_Controller_AXI_W_0/U0/hdc_unit/accelerator_unit/bundled_result_reg[2104]/D
  -------------------------------------------------------------------    -------------------

                         (clock clk_pl_0 rise edge)
                                                      0.000     0.000 r  
    PS8_X0Y0             PS8                          0.000     0.000 r  design_1_i/zynq_ultra_ps_e_0/inst/PS8_i/PLCLK[0]
                         net (fo=1, routed)           0.120     0.120    design_1_i/zynq_ultra_ps_e_0/inst/pl_clk_unbuffered[0]
    BUFG_PS_X0Y62        BUFG_PS (Prop_BUFG_PS_I_O)
                                                      0.018     0.138 r  design_1_i/zynq_ultra_ps_e_0/inst/buffer_pl_clk_0.PL_CLK_0_BUFG/O
    X0Y1 (CLOCK_ROOT)    net (fo=42559, routed)       1.113     1.251    design_1_i/HDC_Controller_AXI_W_0/U0/hdc_unit/accelerator_unit/S_AXI_ACLK
    SLICE_X22Y6          FDCE                                         r  design_1_i/HDC_Controller_AXI_W_0/U0/hdc_unit/accelerator_unit/bundled_result_reg[2104]/C
                         clock pessimism             -0.110     1.141    
    SLICE_X22Y6          FDCE (Hold_BFF_SLICEL_C_D)
                                                      0.046     1.187    design_1_i/HDC_Controller_AXI_W_0/U0/hdc_unit/accelerator_unit/bundled_result_reg[2104]
  -------------------------------------------------------------------
                         required time                         -1.187    
                         arrival time                           1.222    
  -------------------------------------------------------------------
                         slack                                  0.035    

Slack (MET) :             0.035ns  (arrival time - required time)
  Source:                 design_1_i/ps8_0_axi_periph/s00_couplers/auto_pc/inst/gen_axilite.gen_b2s_conv.axilite_b2s/SI_REG/ar.ar_pipe/m_payload_i_reg[65]/C
                            (rising edge-triggered cell FDRE clocked by clk_pl_0  {rise@0.000ns fall@5.000ns period=10.000ns})
  Destination:            design_1_i/ps8_0_axi_periph/s00_couplers/auto_pc/inst/gen_axilite.gen_b2s_conv.axilite_b2s/RD.ar_channel_0/s_arid_r_reg[4]/D
                            (rising edge-triggered cell FDRE clocked by clk_pl_0  {rise@0.000ns fall@5.000ns period=10.000ns})
  Path Group:             clk_pl_0
  Path Type:              Hold (Min at Fast Process Corner)
  Requirement:            0.000ns  (clk_pl_0 rise@0.000ns - clk_pl_0 rise@0.000ns)
  Data Path Delay:        0.098ns  (logic 0.039ns (39.796%)  route 0.059ns (60.204%))
  Logic Levels:           0  
  Clock Path Skew:        0.016ns (DCD - SCD - CPR)
    Destination Clock Delay (DCD):    1.262ns
    Source Clock Delay      (SCD):    1.103ns
    Clock Pessimism Removal (CPR):    0.144ns
  Clock Net Delay (Source):      0.992ns (routing 0.405ns, distribution 0.587ns)
  Clock Net Delay (Destination): 1.124ns (routing 0.452ns, distribution 0.672ns)

    Location             Delay type                Incr(ns)  Path(ns)    Netlist Resource(s)
  -------------------------------------------------------------------    -------------------
                         (clock clk_pl_0 rise edge)
                                                      0.000     0.000 r  
    PS8_X0Y0             PS8                          0.000     0.000 r  design_1_i/zynq_ultra_ps_e_0/inst/PS8_i/PLCLK[0]
                         net (fo=1, routed)           0.094     0.094    design_1_i/zynq_ultra_ps_e_0/inst/pl_clk_unbuffered[0]
    BUFG_PS_X0Y62        BUFG_PS (Prop_BUFG_PS_I_O)
                                                      0.017     0.111 r  design_1_i/zynq_ultra_ps_e_0/inst/buffer_pl_clk_0.PL_CLK_0_BUFG/O
    X0Y1 (CLOCK_ROOT)    net (fo=42559, routed)       0.992     1.103    design_1_i/ps8_0_axi_periph/s00_couplers/auto_pc/inst/gen_axilite.gen_b2s_conv.axilite_b2s/SI_REG/ar.ar_pipe/aclk
    SLICE_X0Y143         FDRE                                         r  design_1_i/ps8_0_axi_periph/s00_couplers/auto_pc/inst/gen_axilite.gen_b2s_conv.axilite_b2s/SI_REG/ar.ar_pipe/m_payload_i_reg[65]/C
  -------------------------------------------------------------------    -------------------
    SLICE_X0Y143         FDRE (Prop_CFF_SLICEL_C_Q)
                                                      0.039     1.142 r  design_1_i/ps8_0_axi_periph/s00_couplers/auto_pc/inst/gen_axilite.gen_b2s_conv.axilite_b2s/SI_REG/ar.ar_pipe/m_payload_i_reg[65]/Q
                         net (fo=1, routed)           0.059     1.201    design_1_i/ps8_0_axi_periph/s00_couplers/auto_pc/inst/gen_axilite.gen_b2s_conv.axilite_b2s/RD.ar_channel_0/s_arid_r_reg[15]_1[22]
    SLICE_X0Y143         FDRE                                         r  design_1_i/ps8_0_axi_periph/s00_couplers/auto_pc/inst/gen_axilite.gen_b2s_conv.axilite_b2s/RD.ar_channel_0/s_arid_r_reg[4]/D
  -------------------------------------------------------------------    -------------------

                         (clock clk_pl_0 rise edge)
                                                      0.000     0.000 r  
    PS8_X0Y0             PS8                          0.000     0.000 r  design_1_i/zynq_ultra_ps_e_0/inst/PS8_i/PLCLK[0]
                         net (fo=1, routed)           0.120     0.120    design_1_i/zynq_ultra_ps_e_0/inst/pl_clk_unbuffered[0]
    BUFG_PS_X0Y62        BUFG_PS (Prop_BUFG_PS_I_O)
                                                      0.018     0.138 r  design_1_i/zynq_ultra_ps_e_0/inst/buffer_pl_clk_0.PL_CLK_0_BUFG/O
    X0Y1 (CLOCK_ROOT)    net (fo=42559, routed)       1.124     1.262    design_1_i/ps8_0_axi_periph/s00_couplers/auto_pc/inst/gen_axilite.gen_b2s_conv.axilite_b2s/RD.ar_channel_0/aclk
    SLICE_X0Y143         FDRE                                         r  design_1_i/ps8_0_axi_periph/s00_couplers/auto_pc/inst/gen_axilite.gen_b2s_conv.axilite_b2s/RD.ar_channel_0/s_arid_r_reg[4]/C
                         clock pessimism             -0.144     1.118    
    SLICE_X0Y143         FDRE (Hold_HFF2_SLICEL_C_D)
                                                      0.047     1.165    design_1_i/ps8_0_axi_periph/s00_couplers/auto_pc/inst/gen_axilite.gen_b2s_conv.axilite_b2s/RD.ar_channel_0/s_arid_r_reg[4]
  -------------------------------------------------------------------
                         required time                         -1.165    
                         arrival time                           1.201    
  -------------------------------------------------------------------
                         slack                                  0.035    

Slack (MET) :             0.036ns  (arrival time - required time)
  Source:                 design_1_i/HDC_Controller_AXI_W_0/U0/hdc_unit/accelerator_unit/majority_ram_reg[245][15]/C
                            (rising edge-triggered cell FDCE clocked by clk_pl_0  {rise@0.000ns fall@5.000ns period=10.000ns})
  Destination:            design_1_i/HDC_Controller_AXI_W_0/U0/hdc_unit/accelerator_unit/bundled_result_reg[2143]/D
                            (rising edge-triggered cell FDCE clocked by clk_pl_0  {rise@0.000ns fall@5.000ns period=10.000ns})
  Path Group:             clk_pl_0
  Path Type:              Hold (Min at Fast Process Corner)
  Requirement:            0.000ns  (clk_pl_0 rise@0.000ns - clk_pl_0 rise@0.000ns)
  Data Path Delay:        0.126ns  (logic 0.062ns (49.206%)  route 0.064ns (50.794%))
  Logic Levels:           1  (LUT6=1)
  Clock Path Skew:        0.044ns (DCD - SCD - CPR)
    Destination Clock Delay (DCD):    1.251ns
    Source Clock Delay      (SCD):    1.097ns
    Clock Pessimism Removal (CPR):    0.110ns
  Clock Net Delay (Source):      0.986ns (routing 0.405ns, distribution 0.581ns)
  Clock Net Delay (Destination): 1.113ns (routing 0.452ns, distribution 0.661ns)

    Location             Delay type                Incr(ns)  Path(ns)    Netlist Resource(s)
  -------------------------------------------------------------------    -------------------
                         (clock clk_pl_0 rise edge)
                                                      0.000     0.000 r  
    PS8_X0Y0             PS8                          0.000     0.000 r  design_1_i/zynq_ultra_ps_e_0/inst/PS8_i/PLCLK[0]
                         net (fo=1, routed)           0.094     0.094    design_1_i/zynq_ultra_ps_e_0/inst/pl_clk_unbuffered[0]
    BUFG_PS_X0Y62        BUFG_PS (Prop_BUFG_PS_I_O)
                                                      0.017     0.111 r  design_1_i/zynq_ultra_ps_e_0/inst/buffer_pl_clk_0.PL_CLK_0_BUFG/O
    X0Y1 (CLOCK_ROOT)    net (fo=42559, routed)       0.986     1.097    design_1_i/HDC_Controller_AXI_W_0/U0/hdc_unit/accelerator_unit/S_AXI_ACLK
    SLICE_X25Y11         FDCE                                         r  design_1_i/HDC_Controller_AXI_W_0/U0/hdc_unit/accelerator_unit/majority_ram_reg[245][15]/C
  -------------------------------------------------------------------    -------------------
    SLICE_X25Y11         FDCE (Prop_GFF2_SLICEL_C_Q)
                                                      0.040     1.137 r  design_1_i/HDC_Controller_AXI_W_0/U0/hdc_unit/accelerator_unit/majority_ram_reg[245][15]/Q
                         net (fo=1, routed)           0.047     1.184    design_1_i/HDC_Controller_AXI_W_0/U0/hdc_unit/accelerator_unit/p_0_in[2143]
    SLICE_X26Y11         LUT6 (Prop_C6LUT_SLICEL_I4_O)
                                                      0.022     1.206 r  design_1_i/HDC_Controller_AXI_W_0/U0/hdc_unit/accelerator_unit/bundled_result[2143]_i_1/O
                         net (fo=1, routed)           0.017     1.223    design_1_i/HDC_Controller_AXI_W_0/U0/hdc_unit/accelerator_unit/bundled_result[2143]_i_1_n_0
    SLICE_X26Y11         FDCE                                         r  design_1_i/HDC_Controller_AXI_W_0/U0/hdc_unit/accelerator_unit/bundled_result_reg[2143]/D
  -------------------------------------------------------------------    -------------------

                         (clock clk_pl_0 rise edge)
                                                      0.000     0.000 r  
    PS8_X0Y0             PS8                          0.000     0.000 r  design_1_i/zynq_ultra_ps_e_0/inst/PS8_i/PLCLK[0]
                         net (fo=1, routed)           0.120     0.120    design_1_i/zynq_ultra_ps_e_0/inst/pl_clk_unbuffered[0]
    BUFG_PS_X0Y62        BUFG_PS (Prop_BUFG_PS_I_O)
                                                      0.018     0.138 r  design_1_i/zynq_ultra_ps_e_0/inst/buffer_pl_clk_0.PL_CLK_0_BUFG/O
    X0Y1 (CLOCK_ROOT)    net (fo=42559, routed)       1.113     1.251    design_1_i/HDC_Controller_AXI_W_0/U0/hdc_unit/accelerator_unit/S_AXI_ACLK
    SLICE_X26Y11         FDCE                                         r  design_1_i/HDC_Controller_AXI_W_0/U0/hdc_unit/accelerator_unit/bundled_result_reg[2143]/C
                         clock pessimism             -0.110     1.141    
    SLICE_X26Y11         FDCE (Hold_CFF_SLICEL_C_D)
                                                      0.046     1.187    design_1_i/HDC_Controller_AXI_W_0/U0/hdc_unit/accelerator_unit/bundled_result_reg[2143]
  -------------------------------------------------------------------
                         required time                         -1.187    
                         arrival time                           1.223    
  -------------------------------------------------------------------
                         slack                                  0.036    

Slack (MET) :             0.036ns  (arrival time - required time)
  Source:                 design_1_i/HDC_Controller_AXI_W_0/U0/hdc_unit/accelerator_unit/majority_ram_reg[242][14]/C
                            (rising edge-triggered cell FDCE clocked by clk_pl_0  {rise@0.000ns fall@5.000ns period=10.000ns})
  Destination:            design_1_i/HDC_Controller_AXI_W_0/U0/hdc_unit/accelerator_unit/bundled_result_reg[2238]/D
                            (rising edge-triggered cell FDCE clocked by clk_pl_0  {rise@0.000ns fall@5.000ns period=10.000ns})
  Path Group:             clk_pl_0
  Path Type:              Hold (Min at Fast Process Corner)
  Requirement:            0.000ns  (clk_pl_0 rise@0.000ns - clk_pl_0 rise@0.000ns)
  Data Path Delay:        0.135ns  (logic 0.061ns (45.185%)  route 0.074ns (54.815%))
  Logic Levels:           1  (LUT6=1)
  Clock Path Skew:        0.053ns (DCD - SCD - CPR)
    Destination Clock Delay (DCD):    1.248ns
    Source Clock Delay      (SCD):    1.085ns
    Clock Pessimism Removal (CPR):    0.110ns
  Clock Net Delay (Source):      0.974ns (routing 0.405ns, distribution 0.569ns)
  Clock Net Delay (Destination): 1.110ns (routing 0.452ns, distribution 0.658ns)

    Location             Delay type                Incr(ns)  Path(ns)    Netlist Resource(s)
  -------------------------------------------------------------------    -------------------
                         (clock clk_pl_0 rise edge)
                                                      0.000     0.000 r  
    PS8_X0Y0             PS8                          0.000     0.000 r  design_1_i/zynq_ultra_ps_e_0/inst/PS8_i/PLCLK[0]
                         net (fo=1, routed)           0.094     0.094    design_1_i/zynq_ultra_ps_e_0/inst/pl_clk_unbuffered[0]
    BUFG_PS_X0Y62        BUFG_PS (Prop_BUFG_PS_I_O)
                                                      0.017     0.111 r  design_1_i/zynq_ultra_ps_e_0/inst/buffer_pl_clk_0.PL_CLK_0_BUFG/O
    X0Y1 (CLOCK_ROOT)    net (fo=42559, routed)       0.974     1.085    design_1_i/HDC_Controller_AXI_W_0/U0/hdc_unit/accelerator_unit/S_AXI_ACLK
    SLICE_X23Y38         FDCE                                         r  design_1_i/HDC_Controller_AXI_W_0/U0/hdc_unit/accelerator_unit/majority_ram_reg[242][14]/C
  -------------------------------------------------------------------    -------------------
    SLICE_X23Y38         FDCE (Prop_HFF2_SLICEL_C_Q)
                                                      0.039     1.124 r  design_1_i/HDC_Controller_AXI_W_0/U0/hdc_unit/accelerator_unit/majority_ram_reg[242][14]/Q
                         net (fo=1, routed)           0.050     1.174    design_1_i/HDC_Controller_AXI_W_0/U0/hdc_unit/accelerator_unit/p_0_in[2238]
    SLICE_X24Y38         LUT6 (Prop_C6LUT_SLICEM_I4_O)
                                                      0.022     1.196 r  design_1_i/HDC_Controller_AXI_W_0/U0/hdc_unit/accelerator_unit/bundled_result[2238]_i_1/O
                         net (fo=1, routed)           0.024     1.220    design_1_i/HDC_Controller_AXI_W_0/U0/hdc_unit/accelerator_unit/bundled_result[2238]_i_1_n_0
    SLICE_X24Y38         FDCE                                         r  design_1_i/HDC_Controller_AXI_W_0/U0/hdc_unit/accelerator_unit/bundled_result_reg[2238]/D
  -------------------------------------------------------------------    -------------------

                         (clock clk_pl_0 rise edge)
                                                      0.000     0.000 r  
    PS8_X0Y0             PS8                          0.000     0.000 r  design_1_i/zynq_ultra_ps_e_0/inst/PS8_i/PLCLK[0]
                         net (fo=1, routed)           0.120     0.120    design_1_i/zynq_ultra_ps_e_0/inst/pl_clk_unbuffered[0]
    BUFG_PS_X0Y62        BUFG_PS (Prop_BUFG_PS_I_O)
                                                      0.018     0.138 r  design_1_i/zynq_ultra_ps_e_0/inst/buffer_pl_clk_0.PL_CLK_0_BUFG/O
    X0Y1 (CLOCK_ROOT)    net (fo=42559, routed)       1.110     1.248    design_1_i/HDC_Controller_AXI_W_0/U0/hdc_unit/accelerator_unit/S_AXI_ACLK
    SLICE_X24Y38         FDCE                                         r  design_1_i/HDC_Controller_AXI_W_0/U0/hdc_unit/accelerator_unit/bundled_result_reg[2238]/C
                         clock pessimism             -0.110     1.138    
    SLICE_X24Y38         FDCE (Hold_CFF_SLICEM_C_D)
                                                      0.046     1.184    design_1_i/HDC_Controller_AXI_W_0/U0/hdc_unit/accelerator_unit/bundled_result_reg[2238]
  -------------------------------------------------------------------
                         required time                         -1.184    
                         arrival time                           1.220    
  -------------------------------------------------------------------
                         slack                                  0.036    





Pulse Width Checks
--------------------------------------------------------------------------------------
Clock Name:         clk_pl_0
Waveform(ns):       { 0.000 5.000 }
Period(ns):         10.000
Sources:            { design_1_i/zynq_ultra_ps_e_0/inst/PS8_i/PLCLK[0] }

Check Type        Corner  Lib Pin             Reference Pin  Required(ns)  Actual(ns)  Slack(ns)  Location      Pin
Min Period        n/a     PS8/MAXIGP2ACLK     n/a            3.000         10.000      7.000      PS8_X0Y0      design_1_i/zynq_ultra_ps_e_0/inst/PS8_i/MAXIGP2ACLK
Min Period        n/a     RAMB36E2/CLKARDCLK  n/a            1.739         10.000      8.261      RAMB36_X3Y17  design_1_i/HDC_Controller_AXI_W_0/U0/hdc_unit/accelerator_unit/CIM/memory_reg_bram_0/CLKARDCLK
Min Period        n/a     RAMB36E2/CLKARDCLK  n/a            1.739         10.000      8.261      RAMB36_X3Y18  design_1_i/HDC_Controller_AXI_W_0/U0/hdc_unit/accelerator_unit/CIM/memory_reg_bram_1/CLKARDCLK
Min Period        n/a     RAMB36E2/CLKARDCLK  n/a            1.739         10.000      8.261      RAMB36_X1Y22  design_1_i/HDC_Controller_AXI_W_0/U0/hdc_unit/accelerator_unit/CIM/memory_reg_bram_10/CLKARDCLK
Min Period        n/a     RAMB36E2/CLKARDCLK  n/a            1.739         10.000      8.261      RAMB36_X2Y20  design_1_i/HDC_Controller_AXI_W_0/U0/hdc_unit/accelerator_unit/CIM/memory_reg_bram_11/CLKARDCLK
Min Period        n/a     RAMB36E2/CLKARDCLK  n/a            1.739         10.000      8.261      RAMB36_X2Y21  design_1_i/HDC_Controller_AXI_W_0/U0/hdc_unit/accelerator_unit/CIM/memory_reg_bram_12/CLKARDCLK
Min Period        n/a     RAMB18E2/CLKARDCLK  n/a            1.739         10.000      8.261      RAMB18_X2Y48  design_1_i/HDC_Controller_AXI_W_0/U0/hdc_unit/accelerator_unit/CIM/memory_reg_bram_13/CLKARDCLK
Min Period        n/a     RAMB36E2/CLKARDCLK  n/a            1.739         10.000      8.261      RAMB36_X3Y19  design_1_i/HDC_Controller_AXI_W_0/U0/hdc_unit/accelerator_unit/CIM/memory_reg_bram_2/CLKARDCLK
Min Period        n/a     RAMB36E2/CLKARDCLK  n/a            1.739         10.000      8.261      RAMB36_X3Y20  design_1_i/HDC_Controller_AXI_W_0/U0/hdc_unit/accelerator_unit/CIM/memory_reg_bram_3/CLKARDCLK
Min Period        n/a     RAMB36E2/CLKARDCLK  n/a            1.739         10.000      8.261      RAMB36_X3Y21  design_1_i/HDC_Controller_AXI_W_0/U0/hdc_unit/accelerator_unit/CIM/memory_reg_bram_4/CLKARDCLK
Low Pulse Width   Slow    PS8/MAXIGP2ACLK     n/a            1.500         5.000       3.500      PS8_X0Y0      design_1_i/zynq_ultra_ps_e_0/inst/PS8_i/MAXIGP2ACLK
Low Pulse Width   Fast    PS8/MAXIGP2ACLK     n/a            1.500         5.000       3.500      PS8_X0Y0      design_1_i/zynq_ultra_ps_e_0/inst/PS8_i/MAXIGP2ACLK
Low Pulse Width   Slow    SRLC32E/CLK         n/a            0.573         5.000       4.427      SLICE_X9Y135  design_1_i/ps8_0_axi_periph/s00_couplers/auto_pc/inst/gen_axilite.gen_b2s_conv.axilite_b2s/RD.r_channel_0/rd_data_fifo_0/memory_reg[31][0]_srl32/CLK
Low Pulse Width   Fast    SRLC32E/CLK         n/a            0.573         5.000       4.427      SLICE_X9Y135  design_1_i/ps8_0_axi_periph/s00_couplers/auto_pc/inst/gen_axilite.gen_b2s_conv.axilite_b2s/RD.r_channel_0/rd_data_fifo_0/memory_reg[31][0]_srl32/CLK
Low Pulse Width   Slow    SRLC32E/CLK         n/a            0.573         5.000       4.427      SLICE_X5Y139  design_1_i/ps8_0_axi_periph/s00_couplers/auto_pc/inst/gen_axilite.gen_b2s_conv.axilite_b2s/RD.r_channel_0/rd_data_fifo_0/memory_reg[31][10]_srl32/CLK
Low Pulse Width   Fast    SRLC32E/CLK         n/a            0.573         5.000       4.427      SLICE_X5Y139  design_1_i/ps8_0_axi_periph/s00_couplers/auto_pc/inst/gen_axilite.gen_b2s_conv.axilite_b2s/RD.r_channel_0/rd_data_fifo_0/memory_reg[31][10]_srl32/CLK
Low Pulse Width   Slow    SRLC32E/CLK         n/a            0.573         5.000       4.427      SLICE_X1Y138  design_1_i/ps8_0_axi_periph/s00_couplers/auto_pc/inst/gen_axilite.gen_b2s_conv.axilite_b2s/RD.r_channel_0/rd_data_fifo_0/memory_reg[31][11]_srl32/CLK
Low Pulse Width   Fast    SRLC32E/CLK         n/a            0.573         5.000       4.427      SLICE_X1Y138  design_1_i/ps8_0_axi_periph/s00_couplers/auto_pc/inst/gen_axilite.gen_b2s_conv.axilite_b2s/RD.r_channel_0/rd_data_fifo_0/memory_reg[31][11]_srl32/CLK
Low Pulse Width   Slow    SRLC32E/CLK         n/a            0.573         5.000       4.427      SLICE_X4Y135  design_1_i/ps8_0_axi_periph/s00_couplers/auto_pc/inst/gen_axilite.gen_b2s_conv.axilite_b2s/RD.r_channel_0/rd_data_fifo_0/memory_reg[31][12]_srl32/CLK
Low Pulse Width   Fast    SRLC32E/CLK         n/a            0.573         5.000       4.427      SLICE_X4Y135  design_1_i/ps8_0_axi_periph/s00_couplers/auto_pc/inst/gen_axilite.gen_b2s_conv.axilite_b2s/RD.r_channel_0/rd_data_fifo_0/memory_reg[31][12]_srl32/CLK
High Pulse Width  Slow    PS8/MAXIGP2ACLK     n/a            1.500         5.000       3.500      PS8_X0Y0      design_1_i/zynq_ultra_ps_e_0/inst/PS8_i/MAXIGP2ACLK
High Pulse Width  Fast    PS8/MAXIGP2ACLK     n/a            1.500         5.000       3.500      PS8_X0Y0      design_1_i/zynq_ultra_ps_e_0/inst/PS8_i/MAXIGP2ACLK
High Pulse Width  Slow    SRLC32E/CLK         n/a            0.573         5.000       4.427      SLICE_X9Y135  design_1_i/ps8_0_axi_periph/s00_couplers/auto_pc/inst/gen_axilite.gen_b2s_conv.axilite_b2s/RD.r_channel_0/rd_data_fifo_0/memory_reg[31][0]_srl32/CLK
High Pulse Width  Fast    SRLC32E/CLK         n/a            0.573         5.000       4.427      SLICE_X9Y135  design_1_i/ps8_0_axi_periph/s00_couplers/auto_pc/inst/gen_axilite.gen_b2s_conv.axilite_b2s/RD.r_channel_0/rd_data_fifo_0/memory_reg[31][0]_srl32/CLK
High Pulse Width  Slow    SRLC32E/CLK         n/a            0.573         5.000       4.427      SLICE_X5Y139  design_1_i/ps8_0_axi_periph/s00_couplers/auto_pc/inst/gen_axilite.gen_b2s_conv.axilite_b2s/RD.r_channel_0/rd_data_fifo_0/memory_reg[31][10]_srl32/CLK
High Pulse Width  Fast    SRLC32E/CLK         n/a            0.573         5.000       4.427      SLICE_X5Y139  design_1_i/ps8_0_axi_periph/s00_couplers/auto_pc/inst/gen_axilite.gen_b2s_conv.axilite_b2s/RD.r_channel_0/rd_data_fifo_0/memory_reg[31][10]_srl32/CLK
High Pulse Width  Slow    SRLC32E/CLK         n/a            0.573         5.000       4.427      SLICE_X1Y138  design_1_i/ps8_0_axi_periph/s00_couplers/auto_pc/inst/gen_axilite.gen_b2s_conv.axilite_b2s/RD.r_channel_0/rd_data_fifo_0/memory_reg[31][11]_srl32/CLK
High Pulse Width  Fast    SRLC32E/CLK         n/a            0.573         5.000       4.427      SLICE_X1Y138  design_1_i/ps8_0_axi_periph/s00_couplers/auto_pc/inst/gen_axilite.gen_b2s_conv.axilite_b2s/RD.r_channel_0/rd_data_fifo_0/memory_reg[31][11]_srl32/CLK
High Pulse Width  Slow    SRLC32E/CLK         n/a            0.573         5.000       4.427      SLICE_X4Y135  design_1_i/ps8_0_axi_periph/s00_couplers/auto_pc/inst/gen_axilite.gen_b2s_conv.axilite_b2s/RD.r_channel_0/rd_data_fifo_0/memory_reg[31][12]_srl32/CLK
High Pulse Width  Fast    SRLC32E/CLK         n/a            0.573         5.000       4.427      SLICE_X4Y135  design_1_i/ps8_0_axi_periph/s00_couplers/auto_pc/inst/gen_axilite.gen_b2s_conv.axilite_b2s/RD.r_channel_0/rd_data_fifo_0/memory_reg[31][12]_srl32/CLK



---------------------------------------------------------------------------------------------------
Path Group:  **async_default**
From Clock:  clk_pl_0
  To Clock:  clk_pl_0

Setup :            0  Failing Endpoints,  Worst Slack        7.348ns,  Total Violation        0.000ns
Hold  :            0  Failing Endpoints,  Worst Slack        0.801ns,  Total Violation        0.000ns
---------------------------------------------------------------------------------------------------


Max Delay Paths
--------------------------------------------------------------------------------------
Slack (MET) :             7.348ns  (required time - arrival time)
  Source:                 design_1_i/rst_ps8_0_99M/U0/ACTIVE_LOW_PR_OUT_DFF[0].FDRE_PER_N_lopt_replica/C
                            (rising edge-triggered cell FDRE clocked by clk_pl_0  {rise@0.000ns fall@5.000ns period=10.000ns})
  Destination:            design_1_i/HDC_Controller_AXI_W_0/U0/hdc_unit/accelerator_unit/bundled_result_reg[362]/CLR
                            (recovery check against rising-edge clock clk_pl_0  {rise@0.000ns fall@5.000ns period=10.000ns})
  Path Group:             **async_default**
  Path Type:              Recovery (Max at Slow Process Corner)
  Requirement:            10.000ns  (clk_pl_0 rise@10.000ns - clk_pl_0 rise@0.000ns)
  Data Path Delay:        2.172ns  (logic 0.127ns (5.847%)  route 2.045ns (94.153%))
  Logic Levels:           1  (BUFGCE=1)
  Clock Path Skew:        -0.235ns (DCD - SCD + CPR)
    Destination Clock Delay (DCD):    1.904ns = ( 11.904 - 10.000 ) 
    Source Clock Delay      (SCD):    2.260ns
    Clock Pessimism Removal (CPR):    0.121ns
  Clock Uncertainty:      0.174ns  ((TSJ^2 + DJ^2)^1/2) / 2 + PE
    Total System Jitter     (TSJ):    0.071ns
    Discrete Jitter          (DJ):    0.340ns
    Phase Error              (PE):    0.000ns
  Clock Net Delay (Source):      2.053ns (routing 0.803ns, distribution 1.250ns)
  Clock Net Delay (Destination): 1.737ns (routing 0.727ns, distribution 1.010ns)

    Location             Delay type                Incr(ns)  Path(ns)    Netlist Resource(s)
  -------------------------------------------------------------------    -------------------
                         (clock clk_pl_0 rise edge)
                                                      0.000     0.000 r  
    PS8_X0Y0             PS8                          0.000     0.000 r  design_1_i/zynq_ultra_ps_e_0/inst/PS8_i/PLCLK[0]
                         net (fo=1, routed)           0.178     0.178    design_1_i/zynq_ultra_ps_e_0/inst/pl_clk_unbuffered[0]
    BUFG_PS_X0Y62        BUFG_PS (Prop_BUFG_PS_I_O)
                                                      0.029     0.207 r  design_1_i/zynq_ultra_ps_e_0/inst/buffer_pl_clk_0.PL_CLK_0_BUFG/O
    X0Y1 (CLOCK_ROOT)    net (fo=42559, routed)       2.053     2.260    design_1_i/rst_ps8_0_99M/U0/slowest_sync_clk
    SLICE_X47Y90         FDRE                                         r  design_1_i/rst_ps8_0_99M/U0/ACTIVE_LOW_PR_OUT_DFF[0].FDRE_PER_N_lopt_replica/C
  -------------------------------------------------------------------    -------------------
    SLICE_X47Y90         FDRE (Prop_EFF2_SLICEL_C_Q)
                                                      0.099     2.359 r  design_1_i/rst_ps8_0_99M/U0/ACTIVE_LOW_PR_OUT_DFF[0].FDRE_PER_N_lopt_replica/Q
                         net (fo=1, routed)           0.509     2.868    design_1_i/rst_ps8_0_99M/U0/Q_replN
    BUFGCE_X0Y25         BUFGCE (Prop_BUFCE_BUFGCE_I_O)
                                                      0.028     2.896 r  design_1_i/rst_ps8_0_99M/U0/peripheral_aresetn[0]_BUFG_inst/O
                         net (fo=30433, routed)       1.536     4.432    design_1_i/HDC_Controller_AXI_W_0/U0/hdc_unit/accelerator_unit/S_AXI_ARESETN
    SLICE_X1Y0           FDCE                                         f  design_1_i/HDC_Controller_AXI_W_0/U0/hdc_unit/accelerator_unit/bundled_result_reg[362]/CLR  (IS_INVERTED)
  -------------------------------------------------------------------    -------------------

                         (clock clk_pl_0 rise edge)
                                                     10.000    10.000 r  
    PS8_X0Y0             PS8                          0.000    10.000 r  design_1_i/zynq_ultra_ps_e_0/inst/PS8_i/PLCLK[0]
                         net (fo=1, routed)           0.140    10.140    design_1_i/zynq_ultra_ps_e_0/inst/pl_clk_unbuffered[0]
    BUFG_PS_X0Y62        BUFG_PS (Prop_BUFG_PS_I_O)
                                                      0.027    10.167 r  design_1_i/zynq_ultra_ps_e_0/inst/buffer_pl_clk_0.PL_CLK_0_BUFG/O
    X0Y1 (CLOCK_ROOT)    net (fo=42559, routed)       1.737    11.904    design_1_i/HDC_Controller_AXI_W_0/U0/hdc_unit/accelerator_unit/S_AXI_ACLK
    SLICE_X1Y0           FDCE                                         r  design_1_i/HDC_Controller_AXI_W_0/U0/hdc_unit/accelerator_unit/bundled_result_reg[362]/C
                         clock pessimism              0.121    12.025    
                         clock uncertainty           -0.174    11.851    
    SLICE_X1Y0           FDCE (Recov_DFF_SLICEM_C_CLR)
                                                     -0.072    11.779    design_1_i/HDC_Controller_AXI_W_0/U0/hdc_unit/accelerator_unit/bundled_result_reg[362]
  -------------------------------------------------------------------
                         required time                         11.779    
                         arrival time                          -4.432    
  -------------------------------------------------------------------
                         slack                                  7.348    

Slack (MET) :             7.348ns  (required time - arrival time)
  Source:                 design_1_i/rst_ps8_0_99M/U0/ACTIVE_LOW_PR_OUT_DFF[0].FDRE_PER_N_lopt_replica/C
                            (rising edge-triggered cell FDRE clocked by clk_pl_0  {rise@0.000ns fall@5.000ns period=10.000ns})
  Destination:            design_1_i/HDC_Controller_AXI_W_0/U0/hdc_unit/accelerator_unit/bundled_result_reg[376]/CLR
                            (recovery check against rising-edge clock clk_pl_0  {rise@0.000ns fall@5.000ns period=10.000ns})
  Path Group:             **async_default**
  Path Type:              Recovery (Max at Slow Process Corner)
  Requirement:            10.000ns  (clk_pl_0 rise@10.000ns - clk_pl_0 rise@0.000ns)
  Data Path Delay:        2.172ns  (logic 0.127ns (5.847%)  route 2.045ns (94.153%))
  Logic Levels:           1  (BUFGCE=1)
  Clock Path Skew:        -0.235ns (DCD - SCD + CPR)
    Destination Clock Delay (DCD):    1.904ns = ( 11.904 - 10.000 ) 
    Source Clock Delay      (SCD):    2.260ns
    Clock Pessimism Removal (CPR):    0.121ns
  Clock Uncertainty:      0.174ns  ((TSJ^2 + DJ^2)^1/2) / 2 + PE
    Total System Jitter     (TSJ):    0.071ns
    Discrete Jitter          (DJ):    0.340ns
    Phase Error              (PE):    0.000ns
  Clock Net Delay (Source):      2.053ns (routing 0.803ns, distribution 1.250ns)
  Clock Net Delay (Destination): 1.737ns (routing 0.727ns, distribution 1.010ns)

    Location             Delay type                Incr(ns)  Path(ns)    Netlist Resource(s)
  -------------------------------------------------------------------    -------------------
                         (clock clk_pl_0 rise edge)
                                                      0.000     0.000 r  
    PS8_X0Y0             PS8                          0.000     0.000 r  design_1_i/zynq_ultra_ps_e_0/inst/PS8_i/PLCLK[0]
                         net (fo=1, routed)           0.178     0.178    design_1_i/zynq_ultra_ps_e_0/inst/pl_clk_unbuffered[0]
    BUFG_PS_X0Y62        BUFG_PS (Prop_BUFG_PS_I_O)
                                                      0.029     0.207 r  design_1_i/zynq_ultra_ps_e_0/inst/buffer_pl_clk_0.PL_CLK_0_BUFG/O
    X0Y1 (CLOCK_ROOT)    net (fo=42559, routed)       2.053     2.260    design_1_i/rst_ps8_0_99M/U0/slowest_sync_clk
    SLICE_X47Y90         FDRE                                         r  design_1_i/rst_ps8_0_99M/U0/ACTIVE_LOW_PR_OUT_DFF[0].FDRE_PER_N_lopt_replica/C
  -------------------------------------------------------------------    -------------------
    SLICE_X47Y90         FDRE (Prop_EFF2_SLICEL_C_Q)
                                                      0.099     2.359 r  design_1_i/rst_ps8_0_99M/U0/ACTIVE_LOW_PR_OUT_DFF[0].FDRE_PER_N_lopt_replica/Q
                         net (fo=1, routed)           0.509     2.868    design_1_i/rst_ps8_0_99M/U0/Q_replN
    BUFGCE_X0Y25         BUFGCE (Prop_BUFCE_BUFGCE_I_O)
                                                      0.028     2.896 r  design_1_i/rst_ps8_0_99M/U0/peripheral_aresetn[0]_BUFG_inst/O
                         net (fo=30433, routed)       1.536     4.432    design_1_i/HDC_Controller_AXI_W_0/U0/hdc_unit/accelerator_unit/S_AXI_ARESETN
    SLICE_X1Y1           FDCE                                         f  design_1_i/HDC_Controller_AXI_W_0/U0/hdc_unit/accelerator_unit/bundled_result_reg[376]/CLR  (IS_INVERTED)
  -------------------------------------------------------------------    -------------------

                         (clock clk_pl_0 rise edge)
                                                     10.000    10.000 r  
    PS8_X0Y0             PS8                          0.000    10.000 r  design_1_i/zynq_ultra_ps_e_0/inst/PS8_i/PLCLK[0]
                         net (fo=1, routed)           0.140    10.140    design_1_i/zynq_ultra_ps_e_0/inst/pl_clk_unbuffered[0]
    BUFG_PS_X0Y62        BUFG_PS (Prop_BUFG_PS_I_O)
                                                      0.027    10.167 r  design_1_i/zynq_ultra_ps_e_0/inst/buffer_pl_clk_0.PL_CLK_0_BUFG/O
    X0Y1 (CLOCK_ROOT)    net (fo=42559, routed)       1.737    11.904    design_1_i/HDC_Controller_AXI_W_0/U0/hdc_unit/accelerator_unit/S_AXI_ACLK
    SLICE_X1Y1           FDCE                                         r  design_1_i/HDC_Controller_AXI_W_0/U0/hdc_unit/accelerator_unit/bundled_result_reg[376]/C
                         clock pessimism              0.121    12.025    
                         clock uncertainty           -0.174    11.851    
    SLICE_X1Y1           FDCE (Recov_DFF_SLICEM_C_CLR)
                                                     -0.072    11.779    design_1_i/HDC_Controller_AXI_W_0/U0/hdc_unit/accelerator_unit/bundled_result_reg[376]
  -------------------------------------------------------------------
                         required time                         11.779    
                         arrival time                          -4.432    
  -------------------------------------------------------------------
                         slack                                  7.348    

Slack (MET) :             7.348ns  (required time - arrival time)
  Source:                 design_1_i/rst_ps8_0_99M/U0/ACTIVE_LOW_PR_OUT_DFF[0].FDRE_PER_N_lopt_replica/C
                            (rising edge-triggered cell FDRE clocked by clk_pl_0  {rise@0.000ns fall@5.000ns period=10.000ns})
  Destination:            design_1_i/HDC_Controller_AXI_W_0/U0/hdc_unit/accelerator_unit/bundled_result_reg[377]/CLR
                            (recovery check against rising-edge clock clk_pl_0  {rise@0.000ns fall@5.000ns period=10.000ns})
  Path Group:             **async_default**
  Path Type:              Recovery (Max at Slow Process Corner)
  Requirement:            10.000ns  (clk_pl_0 rise@10.000ns - clk_pl_0 rise@0.000ns)
  Data Path Delay:        2.172ns  (logic 0.127ns (5.847%)  route 2.045ns (94.153%))
  Logic Levels:           1  (BUFGCE=1)
  Clock Path Skew:        -0.235ns (DCD - SCD + CPR)
    Destination Clock Delay (DCD):    1.904ns = ( 11.904 - 10.000 ) 
    Source Clock Delay      (SCD):    2.260ns
    Clock Pessimism Removal (CPR):    0.121ns
  Clock Uncertainty:      0.174ns  ((TSJ^2 + DJ^2)^1/2) / 2 + PE
    Total System Jitter     (TSJ):    0.071ns
    Discrete Jitter          (DJ):    0.340ns
    Phase Error              (PE):    0.000ns
  Clock Net Delay (Source):      2.053ns (routing 0.803ns, distribution 1.250ns)
  Clock Net Delay (Destination): 1.737ns (routing 0.727ns, distribution 1.010ns)

    Location             Delay type                Incr(ns)  Path(ns)    Netlist Resource(s)
  -------------------------------------------------------------------    -------------------
                         (clock clk_pl_0 rise edge)
                                                      0.000     0.000 r  
    PS8_X0Y0             PS8                          0.000     0.000 r  design_1_i/zynq_ultra_ps_e_0/inst/PS8_i/PLCLK[0]
                         net (fo=1, routed)           0.178     0.178    design_1_i/zynq_ultra_ps_e_0/inst/pl_clk_unbuffered[0]
    BUFG_PS_X0Y62        BUFG_PS (Prop_BUFG_PS_I_O)
                                                      0.029     0.207 r  design_1_i/zynq_ultra_ps_e_0/inst/buffer_pl_clk_0.PL_CLK_0_BUFG/O
    X0Y1 (CLOCK_ROOT)    net (fo=42559, routed)       2.053     2.260    design_1_i/rst_ps8_0_99M/U0/slowest_sync_clk
    SLICE_X47Y90         FDRE                                         r  design_1_i/rst_ps8_0_99M/U0/ACTIVE_LOW_PR_OUT_DFF[0].FDRE_PER_N_lopt_replica/C
  -------------------------------------------------------------------    -------------------
    SLICE_X47Y90         FDRE (Prop_EFF2_SLICEL_C_Q)
                                                      0.099     2.359 r  design_1_i/rst_ps8_0_99M/U0/ACTIVE_LOW_PR_OUT_DFF[0].FDRE_PER_N_lopt_replica/Q
                         net (fo=1, routed)           0.509     2.868    design_1_i/rst_ps8_0_99M/U0/Q_replN
    BUFGCE_X0Y25         BUFGCE (Prop_BUFCE_BUFGCE_I_O)
                                                      0.028     2.896 r  design_1_i/rst_ps8_0_99M/U0/peripheral_aresetn[0]_BUFG_inst/O
                         net (fo=30433, routed)       1.536     4.432    design_1_i/HDC_Controller_AXI_W_0/U0/hdc_unit/accelerator_unit/S_AXI_ARESETN
    SLICE_X1Y0           FDCE                                         f  design_1_i/HDC_Controller_AXI_W_0/U0/hdc_unit/accelerator_unit/bundled_result_reg[377]/CLR  (IS_INVERTED)
  -------------------------------------------------------------------    -------------------

                         (clock clk_pl_0 rise edge)
                                                     10.000    10.000 r  
    PS8_X0Y0             PS8                          0.000    10.000 r  design_1_i/zynq_ultra_ps_e_0/inst/PS8_i/PLCLK[0]
                         net (fo=1, routed)           0.140    10.140    design_1_i/zynq_ultra_ps_e_0/inst/pl_clk_unbuffered[0]
    BUFG_PS_X0Y62        BUFG_PS (Prop_BUFG_PS_I_O)
                                                      0.027    10.167 r  design_1_i/zynq_ultra_ps_e_0/inst/buffer_pl_clk_0.PL_CLK_0_BUFG/O
    X0Y1 (CLOCK_ROOT)    net (fo=42559, routed)       1.737    11.904    design_1_i/HDC_Controller_AXI_W_0/U0/hdc_unit/accelerator_unit/S_AXI_ACLK
    SLICE_X1Y0           FDCE                                         r  design_1_i/HDC_Controller_AXI_W_0/U0/hdc_unit/accelerator_unit/bundled_result_reg[377]/C
                         clock pessimism              0.121    12.025    
                         clock uncertainty           -0.174    11.851    
    SLICE_X1Y0           FDCE (Recov_CFF_SLICEM_C_CLR)
                                                     -0.072    11.779    design_1_i/HDC_Controller_AXI_W_0/U0/hdc_unit/accelerator_unit/bundled_result_reg[377]
  -------------------------------------------------------------------
                         required time                         11.779    
                         arrival time                          -4.432    
  -------------------------------------------------------------------
                         slack                                  7.348    

Slack (MET) :             7.348ns  (required time - arrival time)
  Source:                 design_1_i/rst_ps8_0_99M/U0/ACTIVE_LOW_PR_OUT_DFF[0].FDRE_PER_N_lopt_replica/C
                            (rising edge-triggered cell FDRE clocked by clk_pl_0  {rise@0.000ns fall@5.000ns period=10.000ns})
  Destination:            design_1_i/HDC_Controller_AXI_W_0/U0/hdc_unit/accelerator_unit/bundled_result_reg[378]/CLR
                            (recovery check against rising-edge clock clk_pl_0  {rise@0.000ns fall@5.000ns period=10.000ns})
  Path Group:             **async_default**
  Path Type:              Recovery (Max at Slow Process Corner)
  Requirement:            10.000ns  (clk_pl_0 rise@10.000ns - clk_pl_0 rise@0.000ns)
  Data Path Delay:        2.172ns  (logic 0.127ns (5.847%)  route 2.045ns (94.153%))
  Logic Levels:           1  (BUFGCE=1)
  Clock Path Skew:        -0.235ns (DCD - SCD + CPR)
    Destination Clock Delay (DCD):    1.904ns = ( 11.904 - 10.000 ) 
    Source Clock Delay      (SCD):    2.260ns
    Clock Pessimism Removal (CPR):    0.121ns
  Clock Uncertainty:      0.174ns  ((TSJ^2 + DJ^2)^1/2) / 2 + PE
    Total System Jitter     (TSJ):    0.071ns
    Discrete Jitter          (DJ):    0.340ns
    Phase Error              (PE):    0.000ns
  Clock Net Delay (Source):      2.053ns (routing 0.803ns, distribution 1.250ns)
  Clock Net Delay (Destination): 1.737ns (routing 0.727ns, distribution 1.010ns)

    Location             Delay type                Incr(ns)  Path(ns)    Netlist Resource(s)
  -------------------------------------------------------------------    -------------------
                         (clock clk_pl_0 rise edge)
                                                      0.000     0.000 r  
    PS8_X0Y0             PS8                          0.000     0.000 r  design_1_i/zynq_ultra_ps_e_0/inst/PS8_i/PLCLK[0]
                         net (fo=1, routed)           0.178     0.178    design_1_i/zynq_ultra_ps_e_0/inst/pl_clk_unbuffered[0]
    BUFG_PS_X0Y62        BUFG_PS (Prop_BUFG_PS_I_O)
                                                      0.029     0.207 r  design_1_i/zynq_ultra_ps_e_0/inst/buffer_pl_clk_0.PL_CLK_0_BUFG/O
    X0Y1 (CLOCK_ROOT)    net (fo=42559, routed)       2.053     2.260    design_1_i/rst_ps8_0_99M/U0/slowest_sync_clk
    SLICE_X47Y90         FDRE                                         r  design_1_i/rst_ps8_0_99M/U0/ACTIVE_LOW_PR_OUT_DFF[0].FDRE_PER_N_lopt_replica/C
  -------------------------------------------------------------------    -------------------
    SLICE_X47Y90         FDRE (Prop_EFF2_SLICEL_C_Q)
                                                      0.099     2.359 r  design_1_i/rst_ps8_0_99M/U0/ACTIVE_LOW_PR_OUT_DFF[0].FDRE_PER_N_lopt_replica/Q
                         net (fo=1, routed)           0.509     2.868    design_1_i/rst_ps8_0_99M/U0/Q_replN
    BUFGCE_X0Y25         BUFGCE (Prop_BUFCE_BUFGCE_I_O)
                                                      0.028     2.896 r  design_1_i/rst_ps8_0_99M/U0/peripheral_aresetn[0]_BUFG_inst/O
                         net (fo=30433, routed)       1.536     4.432    design_1_i/HDC_Controller_AXI_W_0/U0/hdc_unit/accelerator_unit/S_AXI_ARESETN
    SLICE_X1Y1           FDCE                                         f  design_1_i/HDC_Controller_AXI_W_0/U0/hdc_unit/accelerator_unit/bundled_result_reg[378]/CLR  (IS_INVERTED)
  -------------------------------------------------------------------    -------------------

                         (clock clk_pl_0 rise edge)
                                                     10.000    10.000 r  
    PS8_X0Y0             PS8                          0.000    10.000 r  design_1_i/zynq_ultra_ps_e_0/inst/PS8_i/PLCLK[0]
                         net (fo=1, routed)           0.140    10.140    design_1_i/zynq_ultra_ps_e_0/inst/pl_clk_unbuffered[0]
    BUFG_PS_X0Y62        BUFG_PS (Prop_BUFG_PS_I_O)
                                                      0.027    10.167 r  design_1_i/zynq_ultra_ps_e_0/inst/buffer_pl_clk_0.PL_CLK_0_BUFG/O
    X0Y1 (CLOCK_ROOT)    net (fo=42559, routed)       1.737    11.904    design_1_i/HDC_Controller_AXI_W_0/U0/hdc_unit/accelerator_unit/S_AXI_ACLK
    SLICE_X1Y1           FDCE                                         r  design_1_i/HDC_Controller_AXI_W_0/U0/hdc_unit/accelerator_unit/bundled_result_reg[378]/C
                         clock pessimism              0.121    12.025    
                         clock uncertainty           -0.174    11.851    
    SLICE_X1Y1           FDCE (Recov_CFF_SLICEM_C_CLR)
                                                     -0.072    11.779    design_1_i/HDC_Controller_AXI_W_0/U0/hdc_unit/accelerator_unit/bundled_result_reg[378]
  -------------------------------------------------------------------
                         required time                         11.779    
                         arrival time                          -4.432    
  -------------------------------------------------------------------
                         slack                                  7.348    

Slack (MET) :             7.348ns  (required time - arrival time)
  Source:                 design_1_i/rst_ps8_0_99M/U0/ACTIVE_LOW_PR_OUT_DFF[0].FDRE_PER_N_lopt_replica/C
                            (rising edge-triggered cell FDRE clocked by clk_pl_0  {rise@0.000ns fall@5.000ns period=10.000ns})
  Destination:            design_1_i/HDC_Controller_AXI_W_0/U0/hdc_unit/accelerator_unit/bundled_result_reg[379]/CLR
                            (recovery check against rising-edge clock clk_pl_0  {rise@0.000ns fall@5.000ns period=10.000ns})
  Path Group:             **async_default**
  Path Type:              Recovery (Max at Slow Process Corner)
  Requirement:            10.000ns  (clk_pl_0 rise@10.000ns - clk_pl_0 rise@0.000ns)
  Data Path Delay:        2.172ns  (logic 0.127ns (5.847%)  route 2.045ns (94.153%))
  Logic Levels:           1  (BUFGCE=1)
  Clock Path Skew:        -0.235ns (DCD - SCD + CPR)
    Destination Clock Delay (DCD):    1.904ns = ( 11.904 - 10.000 ) 
    Source Clock Delay      (SCD):    2.260ns
    Clock Pessimism Removal (CPR):    0.121ns
  Clock Uncertainty:      0.174ns  ((TSJ^2 + DJ^2)^1/2) / 2 + PE
    Total System Jitter     (TSJ):    0.071ns
    Discrete Jitter          (DJ):    0.340ns
    Phase Error              (PE):    0.000ns
  Clock Net Delay (Source):      2.053ns (routing 0.803ns, distribution 1.250ns)
  Clock Net Delay (Destination): 1.737ns (routing 0.727ns, distribution 1.010ns)

    Location             Delay type                Incr(ns)  Path(ns)    Netlist Resource(s)
  -------------------------------------------------------------------    -------------------
                         (clock clk_pl_0 rise edge)
                                                      0.000     0.000 r  
    PS8_X0Y0             PS8                          0.000     0.000 r  design_1_i/zynq_ultra_ps_e_0/inst/PS8_i/PLCLK[0]
                         net (fo=1, routed)           0.178     0.178    design_1_i/zynq_ultra_ps_e_0/inst/pl_clk_unbuffered[0]
    BUFG_PS_X0Y62        BUFG_PS (Prop_BUFG_PS_I_O)
                                                      0.029     0.207 r  design_1_i/zynq_ultra_ps_e_0/inst/buffer_pl_clk_0.PL_CLK_0_BUFG/O
    X0Y1 (CLOCK_ROOT)    net (fo=42559, routed)       2.053     2.260    design_1_i/rst_ps8_0_99M/U0/slowest_sync_clk
    SLICE_X47Y90         FDRE                                         r  design_1_i/rst_ps8_0_99M/U0/ACTIVE_LOW_PR_OUT_DFF[0].FDRE_PER_N_lopt_replica/C
  -------------------------------------------------------------------    -------------------
    SLICE_X47Y90         FDRE (Prop_EFF2_SLICEL_C_Q)
                                                      0.099     2.359 r  design_1_i/rst_ps8_0_99M/U0/ACTIVE_LOW_PR_OUT_DFF[0].FDRE_PER_N_lopt_replica/Q
                         net (fo=1, routed)           0.509     2.868    design_1_i/rst_ps8_0_99M/U0/Q_replN
    BUFGCE_X0Y25         BUFGCE (Prop_BUFCE_BUFGCE_I_O)
                                                      0.028     2.896 r  design_1_i/rst_ps8_0_99M/U0/peripheral_aresetn[0]_BUFG_inst/O
                         net (fo=30433, routed)       1.536     4.432    design_1_i/HDC_Controller_AXI_W_0/U0/hdc_unit/accelerator_unit/S_AXI_ARESETN
    SLICE_X1Y0           FDCE                                         f  design_1_i/HDC_Controller_AXI_W_0/U0/hdc_unit/accelerator_unit/bundled_result_reg[379]/CLR  (IS_INVERTED)
  -------------------------------------------------------------------    -------------------

                         (clock clk_pl_0 rise edge)
                                                     10.000    10.000 r  
    PS8_X0Y0             PS8                          0.000    10.000 r  design_1_i/zynq_ultra_ps_e_0/inst/PS8_i/PLCLK[0]
                         net (fo=1, routed)           0.140    10.140    design_1_i/zynq_ultra_ps_e_0/inst/pl_clk_unbuffered[0]
    BUFG_PS_X0Y62        BUFG_PS (Prop_BUFG_PS_I_O)
                                                      0.027    10.167 r  design_1_i/zynq_ultra_ps_e_0/inst/buffer_pl_clk_0.PL_CLK_0_BUFG/O
    X0Y1 (CLOCK_ROOT)    net (fo=42559, routed)       1.737    11.904    design_1_i/HDC_Controller_AXI_W_0/U0/hdc_unit/accelerator_unit/S_AXI_ACLK
    SLICE_X1Y0           FDCE                                         r  design_1_i/HDC_Controller_AXI_W_0/U0/hdc_unit/accelerator_unit/bundled_result_reg[379]/C
                         clock pessimism              0.121    12.025    
                         clock uncertainty           -0.174    11.851    
    SLICE_X1Y0           FDCE (Recov_BFF_SLICEM_C_CLR)
                                                     -0.072    11.779    design_1_i/HDC_Controller_AXI_W_0/U0/hdc_unit/accelerator_unit/bundled_result_reg[379]
  -------------------------------------------------------------------
                         required time                         11.779    
                         arrival time                          -4.432    
  -------------------------------------------------------------------
                         slack                                  7.348    

Slack (MET) :             7.348ns  (required time - arrival time)
  Source:                 design_1_i/rst_ps8_0_99M/U0/ACTIVE_LOW_PR_OUT_DFF[0].FDRE_PER_N_lopt_replica/C
                            (rising edge-triggered cell FDRE clocked by clk_pl_0  {rise@0.000ns fall@5.000ns period=10.000ns})
  Destination:            design_1_i/HDC_Controller_AXI_W_0/U0/hdc_unit/accelerator_unit/majority_ram_reg[301][26]/CLR
                            (recovery check against rising-edge clock clk_pl_0  {rise@0.000ns fall@5.000ns period=10.000ns})
  Path Group:             **async_default**
  Path Type:              Recovery (Max at Slow Process Corner)
  Requirement:            10.000ns  (clk_pl_0 rise@10.000ns - clk_pl_0 rise@0.000ns)
  Data Path Delay:        2.172ns  (logic 0.127ns (5.847%)  route 2.045ns (94.153%))
  Logic Levels:           1  (BUFGCE=1)
  Clock Path Skew:        -0.235ns (DCD - SCD + CPR)
    Destination Clock Delay (DCD):    1.904ns = ( 11.904 - 10.000 ) 
    Source Clock Delay      (SCD):    2.260ns
    Clock Pessimism Removal (CPR):    0.121ns
  Clock Uncertainty:      0.174ns  ((TSJ^2 + DJ^2)^1/2) / 2 + PE
    Total System Jitter     (TSJ):    0.071ns
    Discrete Jitter          (DJ):    0.340ns
    Phase Error              (PE):    0.000ns
  Clock Net Delay (Source):      2.053ns (routing 0.803ns, distribution 1.250ns)
  Clock Net Delay (Destination): 1.737ns (routing 0.727ns, distribution 1.010ns)

    Location             Delay type                Incr(ns)  Path(ns)    Netlist Resource(s)
  -------------------------------------------------------------------    -------------------
                         (clock clk_pl_0 rise edge)
                                                      0.000     0.000 r  
    PS8_X0Y0             PS8                          0.000     0.000 r  design_1_i/zynq_ultra_ps_e_0/inst/PS8_i/PLCLK[0]
                         net (fo=1, routed)           0.178     0.178    design_1_i/zynq_ultra_ps_e_0/inst/pl_clk_unbuffered[0]
    BUFG_PS_X0Y62        BUFG_PS (Prop_BUFG_PS_I_O)
                                                      0.029     0.207 r  design_1_i/zynq_ultra_ps_e_0/inst/buffer_pl_clk_0.PL_CLK_0_BUFG/O
    X0Y1 (CLOCK_ROOT)    net (fo=42559, routed)       2.053     2.260    design_1_i/rst_ps8_0_99M/U0/slowest_sync_clk
    SLICE_X47Y90         FDRE                                         r  design_1_i/rst_ps8_0_99M/U0/ACTIVE_LOW_PR_OUT_DFF[0].FDRE_PER_N_lopt_replica/C
  -------------------------------------------------------------------    -------------------
    SLICE_X47Y90         FDRE (Prop_EFF2_SLICEL_C_Q)
                                                      0.099     2.359 r  design_1_i/rst_ps8_0_99M/U0/ACTIVE_LOW_PR_OUT_DFF[0].FDRE_PER_N_lopt_replica/Q
                         net (fo=1, routed)           0.509     2.868    design_1_i/rst_ps8_0_99M/U0/Q_replN
    BUFGCE_X0Y25         BUFGCE (Prop_BUFCE_BUFGCE_I_O)
                                                      0.028     2.896 r  design_1_i/rst_ps8_0_99M/U0/peripheral_aresetn[0]_BUFG_inst/O
                         net (fo=30433, routed)       1.536     4.432    design_1_i/HDC_Controller_AXI_W_0/U0/hdc_unit/accelerator_unit/S_AXI_ARESETN
    SLICE_X1Y0           FDCE                                         f  design_1_i/HDC_Controller_AXI_W_0/U0/hdc_unit/accelerator_unit/majority_ram_reg[301][26]/CLR  (IS_INVERTED)
  -------------------------------------------------------------------    -------------------

                         (clock clk_pl_0 rise edge)
                                                     10.000    10.000 r  
    PS8_X0Y0             PS8                          0.000    10.000 r  design_1_i/zynq_ultra_ps_e_0/inst/PS8_i/PLCLK[0]
                         net (fo=1, routed)           0.140    10.140    design_1_i/zynq_ultra_ps_e_0/inst/pl_clk_unbuffered[0]
    BUFG_PS_X0Y62        BUFG_PS (Prop_BUFG_PS_I_O)
                                                      0.027    10.167 r  design_1_i/zynq_ultra_ps_e_0/inst/buffer_pl_clk_0.PL_CLK_0_BUFG/O
    X0Y1 (CLOCK_ROOT)    net (fo=42559, routed)       1.737    11.904    design_1_i/HDC_Controller_AXI_W_0/U0/hdc_unit/accelerator_unit/S_AXI_ACLK
    SLICE_X1Y0           FDCE                                         r  design_1_i/HDC_Controller_AXI_W_0/U0/hdc_unit/accelerator_unit/majority_ram_reg[301][26]/C
                         clock pessimism              0.121    12.025    
                         clock uncertainty           -0.174    11.851    
    SLICE_X1Y0           FDCE (Recov_DFF2_SLICEM_C_CLR)
                                                     -0.072    11.779    design_1_i/HDC_Controller_AXI_W_0/U0/hdc_unit/accelerator_unit/majority_ram_reg[301][26]
  -------------------------------------------------------------------
                         required time                         11.779    
                         arrival time                          -4.432    
  -------------------------------------------------------------------
                         slack                                  7.348    

Slack (MET) :             7.349ns  (required time - arrival time)
  Source:                 design_1_i/rst_ps8_0_99M/U0/ACTIVE_LOW_PR_OUT_DFF[0].FDRE_PER_N_lopt_replica/C
                            (rising edge-triggered cell FDRE clocked by clk_pl_0  {rise@0.000ns fall@5.000ns period=10.000ns})
  Destination:            design_1_i/HDC_Controller_AXI_W_0/U0/hdc_unit/accelerator_unit/bundled_result_reg[1139]/CLR
                            (recovery check against rising-edge clock clk_pl_0  {rise@0.000ns fall@5.000ns period=10.000ns})
  Path Group:             **async_default**
  Path Type:              Recovery (Max at Slow Process Corner)
  Requirement:            10.000ns  (clk_pl_0 rise@10.000ns - clk_pl_0 rise@0.000ns)
  Data Path Delay:        2.168ns  (logic 0.127ns (5.858%)  route 2.041ns (94.142%))
  Logic Levels:           1  (BUFGCE=1)
  Clock Path Skew:        -0.238ns (DCD - SCD + CPR)
    Destination Clock Delay (DCD):    1.901ns = ( 11.901 - 10.000 ) 
    Source Clock Delay      (SCD):    2.260ns
    Clock Pessimism Removal (CPR):    0.121ns
  Clock Uncertainty:      0.174ns  ((TSJ^2 + DJ^2)^1/2) / 2 + PE
    Total System Jitter     (TSJ):    0.071ns
    Discrete Jitter          (DJ):    0.340ns
    Phase Error              (PE):    0.000ns
  Clock Net Delay (Source):      2.053ns (routing 0.803ns, distribution 1.250ns)
  Clock Net Delay (Destination): 1.734ns (routing 0.727ns, distribution 1.007ns)

    Location             Delay type                Incr(ns)  Path(ns)    Netlist Resource(s)
  -------------------------------------------------------------------    -------------------
                         (clock clk_pl_0 rise edge)
                                                      0.000     0.000 r  
    PS8_X0Y0             PS8                          0.000     0.000 r  design_1_i/zynq_ultra_ps_e_0/inst/PS8_i/PLCLK[0]
                         net (fo=1, routed)           0.178     0.178    design_1_i/zynq_ultra_ps_e_0/inst/pl_clk_unbuffered[0]
    BUFG_PS_X0Y62        BUFG_PS (Prop_BUFG_PS_I_O)
                                                      0.029     0.207 r  design_1_i/zynq_ultra_ps_e_0/inst/buffer_pl_clk_0.PL_CLK_0_BUFG/O
    X0Y1 (CLOCK_ROOT)    net (fo=42559, routed)       2.053     2.260    design_1_i/rst_ps8_0_99M/U0/slowest_sync_clk
    SLICE_X47Y90         FDRE                                         r  design_1_i/rst_ps8_0_99M/U0/ACTIVE_LOW_PR_OUT_DFF[0].FDRE_PER_N_lopt_replica/C
  -------------------------------------------------------------------    -------------------
    SLICE_X47Y90         FDRE (Prop_EFF2_SLICEL_C_Q)
                                                      0.099     2.359 r  design_1_i/rst_ps8_0_99M/U0/ACTIVE_LOW_PR_OUT_DFF[0].FDRE_PER_N_lopt_replica/Q
                         net (fo=1, routed)           0.509     2.868    design_1_i/rst_ps8_0_99M/U0/Q_replN
    BUFGCE_X0Y25         BUFGCE (Prop_BUFCE_BUFGCE_I_O)
                                                      0.028     2.896 r  design_1_i/rst_ps8_0_99M/U0/peripheral_aresetn[0]_BUFG_inst/O
                         net (fo=30433, routed)       1.532     4.428    design_1_i/HDC_Controller_AXI_W_0/U0/hdc_unit/accelerator_unit/S_AXI_ARESETN
    SLICE_X1Y12          FDCE                                         f  design_1_i/HDC_Controller_AXI_W_0/U0/hdc_unit/accelerator_unit/bundled_result_reg[1139]/CLR  (IS_INVERTED)
  -------------------------------------------------------------------    -------------------

                         (clock clk_pl_0 rise edge)
                                                     10.000    10.000 r  
    PS8_X0Y0             PS8                          0.000    10.000 r  design_1_i/zynq_ultra_ps_e_0/inst/PS8_i/PLCLK[0]
                         net (fo=1, routed)           0.140    10.140    design_1_i/zynq_ultra_ps_e_0/inst/pl_clk_unbuffered[0]
    BUFG_PS_X0Y62        BUFG_PS (Prop_BUFG_PS_I_O)
                                                      0.027    10.167 r  design_1_i/zynq_ultra_ps_e_0/inst/buffer_pl_clk_0.PL_CLK_0_BUFG/O
    X0Y1 (CLOCK_ROOT)    net (fo=42559, routed)       1.734    11.901    design_1_i/HDC_Controller_AXI_W_0/U0/hdc_unit/accelerator_unit/S_AXI_ACLK
    SLICE_X1Y12          FDCE                                         r  design_1_i/HDC_Controller_AXI_W_0/U0/hdc_unit/accelerator_unit/bundled_result_reg[1139]/C
                         clock pessimism              0.121    12.022    
                         clock uncertainty           -0.174    11.848    
    SLICE_X1Y12          FDCE (Recov_DFF_SLICEM_C_CLR)
                                                     -0.072    11.776    design_1_i/HDC_Controller_AXI_W_0/U0/hdc_unit/accelerator_unit/bundled_result_reg[1139]
  -------------------------------------------------------------------
                         required time                         11.776    
                         arrival time                          -4.428    
  -------------------------------------------------------------------
                         slack                                  7.349    

Slack (MET) :             7.349ns  (required time - arrival time)
  Source:                 design_1_i/rst_ps8_0_99M/U0/ACTIVE_LOW_PR_OUT_DFF[0].FDRE_PER_N_lopt_replica/C
                            (rising edge-triggered cell FDRE clocked by clk_pl_0  {rise@0.000ns fall@5.000ns period=10.000ns})
  Destination:            design_1_i/HDC_Controller_AXI_W_0/U0/hdc_unit/accelerator_unit/bundled_result_reg[1140]/CLR
                            (recovery check against rising-edge clock clk_pl_0  {rise@0.000ns fall@5.000ns period=10.000ns})
  Path Group:             **async_default**
  Path Type:              Recovery (Max at Slow Process Corner)
  Requirement:            10.000ns  (clk_pl_0 rise@10.000ns - clk_pl_0 rise@0.000ns)
  Data Path Delay:        2.168ns  (logic 0.127ns (5.858%)  route 2.041ns (94.142%))
  Logic Levels:           1  (BUFGCE=1)
  Clock Path Skew:        -0.238ns (DCD - SCD + CPR)
    Destination Clock Delay (DCD):    1.901ns = ( 11.901 - 10.000 ) 
    Source Clock Delay      (SCD):    2.260ns
    Clock Pessimism Removal (CPR):    0.121ns
  Clock Uncertainty:      0.174ns  ((TSJ^2 + DJ^2)^1/2) / 2 + PE
    Total System Jitter     (TSJ):    0.071ns
    Discrete Jitter          (DJ):    0.340ns
    Phase Error              (PE):    0.000ns
  Clock Net Delay (Source):      2.053ns (routing 0.803ns, distribution 1.250ns)
  Clock Net Delay (Destination): 1.734ns (routing 0.727ns, distribution 1.007ns)

    Location             Delay type                Incr(ns)  Path(ns)    Netlist Resource(s)
  -------------------------------------------------------------------    -------------------
                         (clock clk_pl_0 rise edge)
                                                      0.000     0.000 r  
    PS8_X0Y0             PS8                          0.000     0.000 r  design_1_i/zynq_ultra_ps_e_0/inst/PS8_i/PLCLK[0]
                         net (fo=1, routed)           0.178     0.178    design_1_i/zynq_ultra_ps_e_0/inst/pl_clk_unbuffered[0]
    BUFG_PS_X0Y62        BUFG_PS (Prop_BUFG_PS_I_O)
                                                      0.029     0.207 r  design_1_i/zynq_ultra_ps_e_0/inst/buffer_pl_clk_0.PL_CLK_0_BUFG/O
    X0Y1 (CLOCK_ROOT)    net (fo=42559, routed)       2.053     2.260    design_1_i/rst_ps8_0_99M/U0/slowest_sync_clk
    SLICE_X47Y90         FDRE                                         r  design_1_i/rst_ps8_0_99M/U0/ACTIVE_LOW_PR_OUT_DFF[0].FDRE_PER_N_lopt_replica/C
  -------------------------------------------------------------------    -------------------
    SLICE_X47Y90         FDRE (Prop_EFF2_SLICEL_C_Q)
                                                      0.099     2.359 r  design_1_i/rst_ps8_0_99M/U0/ACTIVE_LOW_PR_OUT_DFF[0].FDRE_PER_N_lopt_replica/Q
                         net (fo=1, routed)           0.509     2.868    design_1_i/rst_ps8_0_99M/U0/Q_replN
    BUFGCE_X0Y25         BUFGCE (Prop_BUFCE_BUFGCE_I_O)
                                                      0.028     2.896 r  design_1_i/rst_ps8_0_99M/U0/peripheral_aresetn[0]_BUFG_inst/O
                         net (fo=30433, routed)       1.532     4.428    design_1_i/HDC_Controller_AXI_W_0/U0/hdc_unit/accelerator_unit/S_AXI_ARESETN
    SLICE_X1Y12          FDCE                                         f  design_1_i/HDC_Controller_AXI_W_0/U0/hdc_unit/accelerator_unit/bundled_result_reg[1140]/CLR  (IS_INVERTED)
  -------------------------------------------------------------------    -------------------

                         (clock clk_pl_0 rise edge)
                                                     10.000    10.000 r  
    PS8_X0Y0             PS8                          0.000    10.000 r  design_1_i/zynq_ultra_ps_e_0/inst/PS8_i/PLCLK[0]
                         net (fo=1, routed)           0.140    10.140    design_1_i/zynq_ultra_ps_e_0/inst/pl_clk_unbuffered[0]
    BUFG_PS_X0Y62        BUFG_PS (Prop_BUFG_PS_I_O)
                                                      0.027    10.167 r  design_1_i/zynq_ultra_ps_e_0/inst/buffer_pl_clk_0.PL_CLK_0_BUFG/O
    X0Y1 (CLOCK_ROOT)    net (fo=42559, routed)       1.734    11.901    design_1_i/HDC_Controller_AXI_W_0/U0/hdc_unit/accelerator_unit/S_AXI_ACLK
    SLICE_X1Y12          FDCE                                         r  design_1_i/HDC_Controller_AXI_W_0/U0/hdc_unit/accelerator_unit/bundled_result_reg[1140]/C
                         clock pessimism              0.121    12.022    
                         clock uncertainty           -0.174    11.848    
    SLICE_X1Y12          FDCE (Recov_CFF_SLICEM_C_CLR)
                                                     -0.072    11.776    design_1_i/HDC_Controller_AXI_W_0/U0/hdc_unit/accelerator_unit/bundled_result_reg[1140]
  -------------------------------------------------------------------
                         required time                         11.776    
                         arrival time                          -4.428    
  -------------------------------------------------------------------
                         slack                                  7.349    

Slack (MET) :             7.349ns  (required time - arrival time)
  Source:                 design_1_i/rst_ps8_0_99M/U0/ACTIVE_LOW_PR_OUT_DFF[0].FDRE_PER_N_lopt_replica/C
                            (rising edge-triggered cell FDRE clocked by clk_pl_0  {rise@0.000ns fall@5.000ns period=10.000ns})
  Destination:            design_1_i/HDC_Controller_AXI_W_0/U0/hdc_unit/accelerator_unit/bundled_result_reg[1636]/CLR
                            (recovery check against rising-edge clock clk_pl_0  {rise@0.000ns fall@5.000ns period=10.000ns})
  Path Group:             **async_default**
  Path Type:              Recovery (Max at Slow Process Corner)
  Requirement:            10.000ns  (clk_pl_0 rise@10.000ns - clk_pl_0 rise@0.000ns)
  Data Path Delay:        2.167ns  (logic 0.127ns (5.860%)  route 2.040ns (94.140%))
  Logic Levels:           1  (BUFGCE=1)
  Clock Path Skew:        -0.239ns (DCD - SCD + CPR)
    Destination Clock Delay (DCD):    1.900ns = ( 11.900 - 10.000 ) 
    Source Clock Delay      (SCD):    2.260ns
    Clock Pessimism Removal (CPR):    0.121ns
  Clock Uncertainty:      0.174ns  ((TSJ^2 + DJ^2)^1/2) / 2 + PE
    Total System Jitter     (TSJ):    0.071ns
    Discrete Jitter          (DJ):    0.340ns
    Phase Error              (PE):    0.000ns
  Clock Net Delay (Source):      2.053ns (routing 0.803ns, distribution 1.250ns)
  Clock Net Delay (Destination): 1.733ns (routing 0.727ns, distribution 1.006ns)

    Location             Delay type                Incr(ns)  Path(ns)    Netlist Resource(s)
  -------------------------------------------------------------------    -------------------
                         (clock clk_pl_0 rise edge)
                                                      0.000     0.000 r  
    PS8_X0Y0             PS8                          0.000     0.000 r  design_1_i/zynq_ultra_ps_e_0/inst/PS8_i/PLCLK[0]
                         net (fo=1, routed)           0.178     0.178    design_1_i/zynq_ultra_ps_e_0/inst/pl_clk_unbuffered[0]
    BUFG_PS_X0Y62        BUFG_PS (Prop_BUFG_PS_I_O)
                                                      0.029     0.207 r  design_1_i/zynq_ultra_ps_e_0/inst/buffer_pl_clk_0.PL_CLK_0_BUFG/O
    X0Y1 (CLOCK_ROOT)    net (fo=42559, routed)       2.053     2.260    design_1_i/rst_ps8_0_99M/U0/slowest_sync_clk
    SLICE_X47Y90         FDRE                                         r  design_1_i/rst_ps8_0_99M/U0/ACTIVE_LOW_PR_OUT_DFF[0].FDRE_PER_N_lopt_replica/C
  -------------------------------------------------------------------    -------------------
    SLICE_X47Y90         FDRE (Prop_EFF2_SLICEL_C_Q)
                                                      0.099     2.359 r  design_1_i/rst_ps8_0_99M/U0/ACTIVE_LOW_PR_OUT_DFF[0].FDRE_PER_N_lopt_replica/Q
                         net (fo=1, routed)           0.509     2.868    design_1_i/rst_ps8_0_99M/U0/Q_replN
    BUFGCE_X0Y25         BUFGCE (Prop_BUFCE_BUFGCE_I_O)
                                                      0.028     2.896 r  design_1_i/rst_ps8_0_99M/U0/peripheral_aresetn[0]_BUFG_inst/O
                         net (fo=30433, routed)       1.531     4.427    design_1_i/HDC_Controller_AXI_W_0/U0/hdc_unit/accelerator_unit/S_AXI_ARESETN
    SLICE_X1Y58          FDCE                                         f  design_1_i/HDC_Controller_AXI_W_0/U0/hdc_unit/accelerator_unit/bundled_result_reg[1636]/CLR  (IS_INVERTED)
  -------------------------------------------------------------------    -------------------

                         (clock clk_pl_0 rise edge)
                                                     10.000    10.000 r  
    PS8_X0Y0             PS8                          0.000    10.000 r  design_1_i/zynq_ultra_ps_e_0/inst/PS8_i/PLCLK[0]
                         net (fo=1, routed)           0.140    10.140    design_1_i/zynq_ultra_ps_e_0/inst/pl_clk_unbuffered[0]
    BUFG_PS_X0Y62        BUFG_PS (Prop_BUFG_PS_I_O)
                                                      0.027    10.167 r  design_1_i/zynq_ultra_ps_e_0/inst/buffer_pl_clk_0.PL_CLK_0_BUFG/O
    X0Y1 (CLOCK_ROOT)    net (fo=42559, routed)       1.733    11.900    design_1_i/HDC_Controller_AXI_W_0/U0/hdc_unit/accelerator_unit/S_AXI_ACLK
    SLICE_X1Y58          FDCE                                         r  design_1_i/HDC_Controller_AXI_W_0/U0/hdc_unit/accelerator_unit/bundled_result_reg[1636]/C
                         clock pessimism              0.121    12.021    
                         clock uncertainty           -0.174    11.847    
    SLICE_X1Y58          FDCE (Recov_DFF_SLICEM_C_CLR)
                                                     -0.072    11.775    design_1_i/HDC_Controller_AXI_W_0/U0/hdc_unit/accelerator_unit/bundled_result_reg[1636]
  -------------------------------------------------------------------
                         required time                         11.775    
                         arrival time                          -4.427    
  -------------------------------------------------------------------
                         slack                                  7.349    

Slack (MET) :             7.349ns  (required time - arrival time)
  Source:                 design_1_i/rst_ps8_0_99M/U0/ACTIVE_LOW_PR_OUT_DFF[0].FDRE_PER_N_lopt_replica/C
                            (rising edge-triggered cell FDRE clocked by clk_pl_0  {rise@0.000ns fall@5.000ns period=10.000ns})
  Destination:            design_1_i/HDC_Controller_AXI_W_0/U0/hdc_unit/accelerator_unit/bundled_result_reg[1640]/CLR
                            (recovery check against rising-edge clock clk_pl_0  {rise@0.000ns fall@5.000ns period=10.000ns})
  Path Group:             **async_default**
  Path Type:              Recovery (Max at Slow Process Corner)
  Requirement:            10.000ns  (clk_pl_0 rise@10.000ns - clk_pl_0 rise@0.000ns)
  Data Path Delay:        2.167ns  (logic 0.127ns (5.860%)  route 2.040ns (94.140%))
  Logic Levels:           1  (BUFGCE=1)
  Clock Path Skew:        -0.239ns (DCD - SCD + CPR)
    Destination Clock Delay (DCD):    1.900ns = ( 11.900 - 10.000 ) 
    Source Clock Delay      (SCD):    2.260ns
    Clock Pessimism Removal (CPR):    0.121ns
  Clock Uncertainty:      0.174ns  ((TSJ^2 + DJ^2)^1/2) / 2 + PE
    Total System Jitter     (TSJ):    0.071ns
    Discrete Jitter          (DJ):    0.340ns
    Phase Error              (PE):    0.000ns
  Clock Net Delay (Source):      2.053ns (routing 0.803ns, distribution 1.250ns)
  Clock Net Delay (Destination): 1.733ns (routing 0.727ns, distribution 1.006ns)

    Location             Delay type                Incr(ns)  Path(ns)    Netlist Resource(s)
  -------------------------------------------------------------------    -------------------
                         (clock clk_pl_0 rise edge)
                                                      0.000     0.000 r  
    PS8_X0Y0             PS8                          0.000     0.000 r  design_1_i/zynq_ultra_ps_e_0/inst/PS8_i/PLCLK[0]
                         net (fo=1, routed)           0.178     0.178    design_1_i/zynq_ultra_ps_e_0/inst/pl_clk_unbuffered[0]
    BUFG_PS_X0Y62        BUFG_PS (Prop_BUFG_PS_I_O)
                                                      0.029     0.207 r  design_1_i/zynq_ultra_ps_e_0/inst/buffer_pl_clk_0.PL_CLK_0_BUFG/O
    X0Y1 (CLOCK_ROOT)    net (fo=42559, routed)       2.053     2.260    design_1_i/rst_ps8_0_99M/U0/slowest_sync_clk
    SLICE_X47Y90         FDRE                                         r  design_1_i/rst_ps8_0_99M/U0/ACTIVE_LOW_PR_OUT_DFF[0].FDRE_PER_N_lopt_replica/C
  -------------------------------------------------------------------    -------------------
    SLICE_X47Y90         FDRE (Prop_EFF2_SLICEL_C_Q)
                                                      0.099     2.359 r  design_1_i/rst_ps8_0_99M/U0/ACTIVE_LOW_PR_OUT_DFF[0].FDRE_PER_N_lopt_replica/Q
                         net (fo=1, routed)           0.509     2.868    design_1_i/rst_ps8_0_99M/U0/Q_replN
    BUFGCE_X0Y25         BUFGCE (Prop_BUFCE_BUFGCE_I_O)
                                                      0.028     2.896 r  design_1_i/rst_ps8_0_99M/U0/peripheral_aresetn[0]_BUFG_inst/O
                         net (fo=30433, routed)       1.531     4.427    design_1_i/HDC_Controller_AXI_W_0/U0/hdc_unit/accelerator_unit/S_AXI_ARESETN
    SLICE_X1Y58          FDCE                                         f  design_1_i/HDC_Controller_AXI_W_0/U0/hdc_unit/accelerator_unit/bundled_result_reg[1640]/CLR  (IS_INVERTED)
  -------------------------------------------------------------------    -------------------

                         (clock clk_pl_0 rise edge)
                                                     10.000    10.000 r  
    PS8_X0Y0             PS8                          0.000    10.000 r  design_1_i/zynq_ultra_ps_e_0/inst/PS8_i/PLCLK[0]
                         net (fo=1, routed)           0.140    10.140    design_1_i/zynq_ultra_ps_e_0/inst/pl_clk_unbuffered[0]
    BUFG_PS_X0Y62        BUFG_PS (Prop_BUFG_PS_I_O)
                                                      0.027    10.167 r  design_1_i/zynq_ultra_ps_e_0/inst/buffer_pl_clk_0.PL_CLK_0_BUFG/O
    X0Y1 (CLOCK_ROOT)    net (fo=42559, routed)       1.733    11.900    design_1_i/HDC_Controller_AXI_W_0/U0/hdc_unit/accelerator_unit/S_AXI_ACLK
    SLICE_X1Y58          FDCE                                         r  design_1_i/HDC_Controller_AXI_W_0/U0/hdc_unit/accelerator_unit/bundled_result_reg[1640]/C
                         clock pessimism              0.121    12.021    
                         clock uncertainty           -0.174    11.847    
    SLICE_X1Y58          FDCE (Recov_CFF_SLICEM_C_CLR)
                                                     -0.072    11.775    design_1_i/HDC_Controller_AXI_W_0/U0/hdc_unit/accelerator_unit/bundled_result_reg[1640]
  -------------------------------------------------------------------
                         required time                         11.775    
                         arrival time                          -4.427    
  -------------------------------------------------------------------
                         slack                                  7.349    





Min Delay Paths
--------------------------------------------------------------------------------------
Slack (MET) :             0.801ns  (arrival time - required time)
  Source:                 design_1_i/rst_ps8_0_99M/U0/ACTIVE_LOW_PR_OUT_DFF[0].FDRE_PER_N_lopt_replica/C
                            (rising edge-triggered cell FDRE clocked by clk_pl_0  {rise@0.000ns fall@5.000ns period=10.000ns})
  Destination:            design_1_i/HDC_Controller_AXI_W_0/U0/hdc_unit/accelerator_unit/bundled_result_reg[6626]/CLR
                            (removal check against rising-edge clock clk_pl_0  {rise@0.000ns fall@5.000ns period=10.000ns})
  Path Group:             **async_default**
  Path Type:              Removal (Min at Fast Process Corner)
  Requirement:            0.000ns  (clk_pl_0 rise@0.000ns - clk_pl_0 rise@0.000ns)
  Data Path Delay:        0.912ns  (logic 0.057ns (6.253%)  route 0.855ns (93.747%))
  Logic Levels:           1  (BUFGCE=1)
  Clock Path Skew:        0.131ns (DCD - SCD - CPR)
    Destination Clock Delay (DCD):    1.351ns
    Source Clock Delay      (SCD):    1.147ns
    Clock Pessimism Removal (CPR):    0.074ns
  Clock Net Delay (Source):      1.036ns (routing 0.405ns, distribution 0.631ns)
  Clock Net Delay (Destination): 1.213ns (routing 0.452ns, distribution 0.761ns)

    Location             Delay type                Incr(ns)  Path(ns)    Netlist Resource(s)
  -------------------------------------------------------------------    -------------------
                         (clock clk_pl_0 rise edge)
                                                      0.000     0.000 r  
    PS8_X0Y0             PS8                          0.000     0.000 r  design_1_i/zynq_ultra_ps_e_0/inst/PS8_i/PLCLK[0]
                         net (fo=1, routed)           0.094     0.094    design_1_i/zynq_ultra_ps_e_0/inst/pl_clk_unbuffered[0]
    BUFG_PS_X0Y62        BUFG_PS (Prop_BUFG_PS_I_O)
                                                      0.017     0.111 r  design_1_i/zynq_ultra_ps_e_0/inst/buffer_pl_clk_0.PL_CLK_0_BUFG/O
    X0Y1 (CLOCK_ROOT)    net (fo=42559, routed)       1.036     1.147    design_1_i/rst_ps8_0_99M/U0/slowest_sync_clk
    SLICE_X47Y90         FDRE                                         r  design_1_i/rst_ps8_0_99M/U0/ACTIVE_LOW_PR_OUT_DFF[0].FDRE_PER_N_lopt_replica/C
  -------------------------------------------------------------------    -------------------
    SLICE_X47Y90         FDRE (Prop_EFF2_SLICEL_C_Q)
                                                      0.040     1.187 r  design_1_i/rst_ps8_0_99M/U0/ACTIVE_LOW_PR_OUT_DFF[0].FDRE_PER_N_lopt_replica/Q
                         net (fo=1, routed)           0.248     1.435    design_1_i/rst_ps8_0_99M/U0/Q_replN
    BUFGCE_X0Y25         BUFGCE (Prop_BUFCE_BUFGCE_I_O)
                                                      0.017     1.452 r  design_1_i/rst_ps8_0_99M/U0/peripheral_aresetn[0]_BUFG_inst/O
                         net (fo=30433, routed)       0.607     2.058    design_1_i/HDC_Controller_AXI_W_0/U0/hdc_unit/accelerator_unit/S_AXI_ARESETN
    SLICE_X47Y124        FDCE                                         f  design_1_i/HDC_Controller_AXI_W_0/U0/hdc_unit/accelerator_unit/bundled_result_reg[6626]/CLR  (IS_INVERTED)
  -------------------------------------------------------------------    -------------------

                         (clock clk_pl_0 rise edge)
                                                      0.000     0.000 r  
    PS8_X0Y0             PS8                          0.000     0.000 r  design_1_i/zynq_ultra_ps_e_0/inst/PS8_i/PLCLK[0]
                         net (fo=1, routed)           0.120     0.120    design_1_i/zynq_ultra_ps_e_0/inst/pl_clk_unbuffered[0]
    BUFG_PS_X0Y62        BUFG_PS (Prop_BUFG_PS_I_O)
                                                      0.018     0.138 r  design_1_i/zynq_ultra_ps_e_0/inst/buffer_pl_clk_0.PL_CLK_0_BUFG/O
    X0Y1 (CLOCK_ROOT)    net (fo=42559, routed)       1.213     1.351    design_1_i/HDC_Controller_AXI_W_0/U0/hdc_unit/accelerator_unit/S_AXI_ACLK
    SLICE_X47Y124        FDCE                                         r  design_1_i/HDC_Controller_AXI_W_0/U0/hdc_unit/accelerator_unit/bundled_result_reg[6626]/C
                         clock pessimism             -0.074     1.277    
    SLICE_X47Y124        FDCE (Remov_HFF_SLICEL_C_CLR)
                                                     -0.020     1.257    design_1_i/HDC_Controller_AXI_W_0/U0/hdc_unit/accelerator_unit/bundled_result_reg[6626]
  -------------------------------------------------------------------
                         required time                         -1.257    
                         arrival time                           2.058    
  -------------------------------------------------------------------
                         slack                                  0.801    

Slack (MET) :             0.801ns  (arrival time - required time)
  Source:                 design_1_i/rst_ps8_0_99M/U0/ACTIVE_LOW_PR_OUT_DFF[0].FDRE_PER_N_lopt_replica/C
                            (rising edge-triggered cell FDRE clocked by clk_pl_0  {rise@0.000ns fall@5.000ns period=10.000ns})
  Destination:            design_1_i/HDC_Controller_AXI_W_0/U0/hdc_unit/accelerator_unit/bundled_result_reg[6627]/CLR
                            (removal check against rising-edge clock clk_pl_0  {rise@0.000ns fall@5.000ns period=10.000ns})
  Path Group:             **async_default**
  Path Type:              Removal (Min at Fast Process Corner)
  Requirement:            0.000ns  (clk_pl_0 rise@0.000ns - clk_pl_0 rise@0.000ns)
  Data Path Delay:        0.912ns  (logic 0.057ns (6.253%)  route 0.855ns (93.747%))
  Logic Levels:           1  (BUFGCE=1)
  Clock Path Skew:        0.131ns (DCD - SCD - CPR)
    Destination Clock Delay (DCD):    1.351ns
    Source Clock Delay      (SCD):    1.147ns
    Clock Pessimism Removal (CPR):    0.074ns
  Clock Net Delay (Source):      1.036ns (routing 0.405ns, distribution 0.631ns)
  Clock Net Delay (Destination): 1.213ns (routing 0.452ns, distribution 0.761ns)

    Location             Delay type                Incr(ns)  Path(ns)    Netlist Resource(s)
  -------------------------------------------------------------------    -------------------
                         (clock clk_pl_0 rise edge)
                                                      0.000     0.000 r  
    PS8_X0Y0             PS8                          0.000     0.000 r  design_1_i/zynq_ultra_ps_e_0/inst/PS8_i/PLCLK[0]
                         net (fo=1, routed)           0.094     0.094    design_1_i/zynq_ultra_ps_e_0/inst/pl_clk_unbuffered[0]
    BUFG_PS_X0Y62        BUFG_PS (Prop_BUFG_PS_I_O)
                                                      0.017     0.111 r  design_1_i/zynq_ultra_ps_e_0/inst/buffer_pl_clk_0.PL_CLK_0_BUFG/O
    X0Y1 (CLOCK_ROOT)    net (fo=42559, routed)       1.036     1.147    design_1_i/rst_ps8_0_99M/U0/slowest_sync_clk
    SLICE_X47Y90         FDRE                                         r  design_1_i/rst_ps8_0_99M/U0/ACTIVE_LOW_PR_OUT_DFF[0].FDRE_PER_N_lopt_replica/C
  -------------------------------------------------------------------    -------------------
    SLICE_X47Y90         FDRE (Prop_EFF2_SLICEL_C_Q)
                                                      0.040     1.187 r  design_1_i/rst_ps8_0_99M/U0/ACTIVE_LOW_PR_OUT_DFF[0].FDRE_PER_N_lopt_replica/Q
                         net (fo=1, routed)           0.248     1.435    design_1_i/rst_ps8_0_99M/U0/Q_replN
    BUFGCE_X0Y25         BUFGCE (Prop_BUFCE_BUFGCE_I_O)
                                                      0.017     1.452 r  design_1_i/rst_ps8_0_99M/U0/peripheral_aresetn[0]_BUFG_inst/O
                         net (fo=30433, routed)       0.607     2.058    design_1_i/HDC_Controller_AXI_W_0/U0/hdc_unit/accelerator_unit/S_AXI_ARESETN
    SLICE_X47Y122        FDCE                                         f  design_1_i/HDC_Controller_AXI_W_0/U0/hdc_unit/accelerator_unit/bundled_result_reg[6627]/CLR  (IS_INVERTED)
  -------------------------------------------------------------------    -------------------

                         (clock clk_pl_0 rise edge)
                                                      0.000     0.000 r  
    PS8_X0Y0             PS8                          0.000     0.000 r  design_1_i/zynq_ultra_ps_e_0/inst/PS8_i/PLCLK[0]
                         net (fo=1, routed)           0.120     0.120    design_1_i/zynq_ultra_ps_e_0/inst/pl_clk_unbuffered[0]
    BUFG_PS_X0Y62        BUFG_PS (Prop_BUFG_PS_I_O)
                                                      0.018     0.138 r  design_1_i/zynq_ultra_ps_e_0/inst/buffer_pl_clk_0.PL_CLK_0_BUFG/O
    X0Y1 (CLOCK_ROOT)    net (fo=42559, routed)       1.213     1.351    design_1_i/HDC_Controller_AXI_W_0/U0/hdc_unit/accelerator_unit/S_AXI_ACLK
    SLICE_X47Y122        FDCE                                         r  design_1_i/HDC_Controller_AXI_W_0/U0/hdc_unit/accelerator_unit/bundled_result_reg[6627]/C
                         clock pessimism             -0.074     1.277    
    SLICE_X47Y122        FDCE (Remov_HFF_SLICEL_C_CLR)
                                                     -0.020     1.257    design_1_i/HDC_Controller_AXI_W_0/U0/hdc_unit/accelerator_unit/bundled_result_reg[6627]
  -------------------------------------------------------------------
                         required time                         -1.257    
                         arrival time                           2.058    
  -------------------------------------------------------------------
                         slack                                  0.801    

Slack (MET) :             0.801ns  (arrival time - required time)
  Source:                 design_1_i/rst_ps8_0_99M/U0/ACTIVE_LOW_PR_OUT_DFF[0].FDRE_PER_N_lopt_replica/C
                            (rising edge-triggered cell FDRE clocked by clk_pl_0  {rise@0.000ns fall@5.000ns period=10.000ns})
  Destination:            design_1_i/HDC_Controller_AXI_W_0/U0/hdc_unit/accelerator_unit/bundled_result_reg[6631]/CLR
                            (removal check against rising-edge clock clk_pl_0  {rise@0.000ns fall@5.000ns period=10.000ns})
  Path Group:             **async_default**
  Path Type:              Removal (Min at Fast Process Corner)
  Requirement:            0.000ns  (clk_pl_0 rise@0.000ns - clk_pl_0 rise@0.000ns)
  Data Path Delay:        0.912ns  (logic 0.057ns (6.253%)  route 0.855ns (93.747%))
  Logic Levels:           1  (BUFGCE=1)
  Clock Path Skew:        0.131ns (DCD - SCD - CPR)
    Destination Clock Delay (DCD):    1.351ns
    Source Clock Delay      (SCD):    1.147ns
    Clock Pessimism Removal (CPR):    0.074ns
  Clock Net Delay (Source):      1.036ns (routing 0.405ns, distribution 0.631ns)
  Clock Net Delay (Destination): 1.213ns (routing 0.452ns, distribution 0.761ns)

    Location             Delay type                Incr(ns)  Path(ns)    Netlist Resource(s)
  -------------------------------------------------------------------    -------------------
                         (clock clk_pl_0 rise edge)
                                                      0.000     0.000 r  
    PS8_X0Y0             PS8                          0.000     0.000 r  design_1_i/zynq_ultra_ps_e_0/inst/PS8_i/PLCLK[0]
                         net (fo=1, routed)           0.094     0.094    design_1_i/zynq_ultra_ps_e_0/inst/pl_clk_unbuffered[0]
    BUFG_PS_X0Y62        BUFG_PS (Prop_BUFG_PS_I_O)
                                                      0.017     0.111 r  design_1_i/zynq_ultra_ps_e_0/inst/buffer_pl_clk_0.PL_CLK_0_BUFG/O
    X0Y1 (CLOCK_ROOT)    net (fo=42559, routed)       1.036     1.147    design_1_i/rst_ps8_0_99M/U0/slowest_sync_clk
    SLICE_X47Y90         FDRE                                         r  design_1_i/rst_ps8_0_99M/U0/ACTIVE_LOW_PR_OUT_DFF[0].FDRE_PER_N_lopt_replica/C
  -------------------------------------------------------------------    -------------------
    SLICE_X47Y90         FDRE (Prop_EFF2_SLICEL_C_Q)
                                                      0.040     1.187 r  design_1_i/rst_ps8_0_99M/U0/ACTIVE_LOW_PR_OUT_DFF[0].FDRE_PER_N_lopt_replica/Q
                         net (fo=1, routed)           0.248     1.435    design_1_i/rst_ps8_0_99M/U0/Q_replN
    BUFGCE_X0Y25         BUFGCE (Prop_BUFCE_BUFGCE_I_O)
                                                      0.017     1.452 r  design_1_i/rst_ps8_0_99M/U0/peripheral_aresetn[0]_BUFG_inst/O
                         net (fo=30433, routed)       0.607     2.058    design_1_i/HDC_Controller_AXI_W_0/U0/hdc_unit/accelerator_unit/S_AXI_ARESETN
    SLICE_X47Y122        FDCE                                         f  design_1_i/HDC_Controller_AXI_W_0/U0/hdc_unit/accelerator_unit/bundled_result_reg[6631]/CLR  (IS_INVERTED)
  -------------------------------------------------------------------    -------------------

                         (clock clk_pl_0 rise edge)
                                                      0.000     0.000 r  
    PS8_X0Y0             PS8                          0.000     0.000 r  design_1_i/zynq_ultra_ps_e_0/inst/PS8_i/PLCLK[0]
                         net (fo=1, routed)           0.120     0.120    design_1_i/zynq_ultra_ps_e_0/inst/pl_clk_unbuffered[0]
    BUFG_PS_X0Y62        BUFG_PS (Prop_BUFG_PS_I_O)
                                                      0.018     0.138 r  design_1_i/zynq_ultra_ps_e_0/inst/buffer_pl_clk_0.PL_CLK_0_BUFG/O
    X0Y1 (CLOCK_ROOT)    net (fo=42559, routed)       1.213     1.351    design_1_i/HDC_Controller_AXI_W_0/U0/hdc_unit/accelerator_unit/S_AXI_ACLK
    SLICE_X47Y122        FDCE                                         r  design_1_i/HDC_Controller_AXI_W_0/U0/hdc_unit/accelerator_unit/bundled_result_reg[6631]/C
                         clock pessimism             -0.074     1.277    
    SLICE_X47Y122        FDCE (Remov_GFF_SLICEL_C_CLR)
                                                     -0.020     1.257    design_1_i/HDC_Controller_AXI_W_0/U0/hdc_unit/accelerator_unit/bundled_result_reg[6631]
  -------------------------------------------------------------------
                         required time                         -1.257    
                         arrival time                           2.058    
  -------------------------------------------------------------------
                         slack                                  0.801    

Slack (MET) :             0.801ns  (arrival time - required time)
  Source:                 design_1_i/rst_ps8_0_99M/U0/ACTIVE_LOW_PR_OUT_DFF[0].FDRE_PER_N_lopt_replica/C
                            (rising edge-triggered cell FDRE clocked by clk_pl_0  {rise@0.000ns fall@5.000ns period=10.000ns})
  Destination:            design_1_i/HDC_Controller_AXI_W_0/U0/hdc_unit/accelerator_unit/bundled_result_reg[6636]/CLR
                            (removal check against rising-edge clock clk_pl_0  {rise@0.000ns fall@5.000ns period=10.000ns})
  Path Group:             **async_default**
  Path Type:              Removal (Min at Fast Process Corner)
  Requirement:            0.000ns  (clk_pl_0 rise@0.000ns - clk_pl_0 rise@0.000ns)
  Data Path Delay:        0.912ns  (logic 0.057ns (6.253%)  route 0.855ns (93.747%))
  Logic Levels:           1  (BUFGCE=1)
  Clock Path Skew:        0.131ns (DCD - SCD - CPR)
    Destination Clock Delay (DCD):    1.351ns
    Source Clock Delay      (SCD):    1.147ns
    Clock Pessimism Removal (CPR):    0.074ns
  Clock Net Delay (Source):      1.036ns (routing 0.405ns, distribution 0.631ns)
  Clock Net Delay (Destination): 1.213ns (routing 0.452ns, distribution 0.761ns)

    Location             Delay type                Incr(ns)  Path(ns)    Netlist Resource(s)
  -------------------------------------------------------------------    -------------------
                         (clock clk_pl_0 rise edge)
                                                      0.000     0.000 r  
    PS8_X0Y0             PS8                          0.000     0.000 r  design_1_i/zynq_ultra_ps_e_0/inst/PS8_i/PLCLK[0]
                         net (fo=1, routed)           0.094     0.094    design_1_i/zynq_ultra_ps_e_0/inst/pl_clk_unbuffered[0]
    BUFG_PS_X0Y62        BUFG_PS (Prop_BUFG_PS_I_O)
                                                      0.017     0.111 r  design_1_i/zynq_ultra_ps_e_0/inst/buffer_pl_clk_0.PL_CLK_0_BUFG/O
    X0Y1 (CLOCK_ROOT)    net (fo=42559, routed)       1.036     1.147    design_1_i/rst_ps8_0_99M/U0/slowest_sync_clk
    SLICE_X47Y90         FDRE                                         r  design_1_i/rst_ps8_0_99M/U0/ACTIVE_LOW_PR_OUT_DFF[0].FDRE_PER_N_lopt_replica/C
  -------------------------------------------------------------------    -------------------
    SLICE_X47Y90         FDRE (Prop_EFF2_SLICEL_C_Q)
                                                      0.040     1.187 r  design_1_i/rst_ps8_0_99M/U0/ACTIVE_LOW_PR_OUT_DFF[0].FDRE_PER_N_lopt_replica/Q
                         net (fo=1, routed)           0.248     1.435    design_1_i/rst_ps8_0_99M/U0/Q_replN
    BUFGCE_X0Y25         BUFGCE (Prop_BUFCE_BUFGCE_I_O)
                                                      0.017     1.452 r  design_1_i/rst_ps8_0_99M/U0/peripheral_aresetn[0]_BUFG_inst/O
                         net (fo=30433, routed)       0.607     2.058    design_1_i/HDC_Controller_AXI_W_0/U0/hdc_unit/accelerator_unit/S_AXI_ARESETN
    SLICE_X47Y122        FDCE                                         f  design_1_i/HDC_Controller_AXI_W_0/U0/hdc_unit/accelerator_unit/bundled_result_reg[6636]/CLR  (IS_INVERTED)
  -------------------------------------------------------------------    -------------------

                         (clock clk_pl_0 rise edge)
                                                      0.000     0.000 r  
    PS8_X0Y0             PS8                          0.000     0.000 r  design_1_i/zynq_ultra_ps_e_0/inst/PS8_i/PLCLK[0]
                         net (fo=1, routed)           0.120     0.120    design_1_i/zynq_ultra_ps_e_0/inst/pl_clk_unbuffered[0]
    BUFG_PS_X0Y62        BUFG_PS (Prop_BUFG_PS_I_O)
                                                      0.018     0.138 r  design_1_i/zynq_ultra_ps_e_0/inst/buffer_pl_clk_0.PL_CLK_0_BUFG/O
    X0Y1 (CLOCK_ROOT)    net (fo=42559, routed)       1.213     1.351    design_1_i/HDC_Controller_AXI_W_0/U0/hdc_unit/accelerator_unit/S_AXI_ACLK
    SLICE_X47Y122        FDCE                                         r  design_1_i/HDC_Controller_AXI_W_0/U0/hdc_unit/accelerator_unit/bundled_result_reg[6636]/C
                         clock pessimism             -0.074     1.277    
    SLICE_X47Y122        FDCE (Remov_FFF_SLICEL_C_CLR)
                                                     -0.020     1.257    design_1_i/HDC_Controller_AXI_W_0/U0/hdc_unit/accelerator_unit/bundled_result_reg[6636]
  -------------------------------------------------------------------
                         required time                         -1.257    
                         arrival time                           2.058    
  -------------------------------------------------------------------
                         slack                                  0.801    

Slack (MET) :             0.801ns  (arrival time - required time)
  Source:                 design_1_i/rst_ps8_0_99M/U0/ACTIVE_LOW_PR_OUT_DFF[0].FDRE_PER_N_lopt_replica/C
                            (rising edge-triggered cell FDRE clocked by clk_pl_0  {rise@0.000ns fall@5.000ns period=10.000ns})
  Destination:            design_1_i/HDC_Controller_AXI_W_0/U0/hdc_unit/accelerator_unit/bundled_result_reg[6637]/CLR
                            (removal check against rising-edge clock clk_pl_0  {rise@0.000ns fall@5.000ns period=10.000ns})
  Path Group:             **async_default**
  Path Type:              Removal (Min at Fast Process Corner)
  Requirement:            0.000ns  (clk_pl_0 rise@0.000ns - clk_pl_0 rise@0.000ns)
  Data Path Delay:        0.912ns  (logic 0.057ns (6.253%)  route 0.855ns (93.747%))
  Logic Levels:           1  (BUFGCE=1)
  Clock Path Skew:        0.131ns (DCD - SCD - CPR)
    Destination Clock Delay (DCD):    1.351ns
    Source Clock Delay      (SCD):    1.147ns
    Clock Pessimism Removal (CPR):    0.074ns
  Clock Net Delay (Source):      1.036ns (routing 0.405ns, distribution 0.631ns)
  Clock Net Delay (Destination): 1.213ns (routing 0.452ns, distribution 0.761ns)

    Location             Delay type                Incr(ns)  Path(ns)    Netlist Resource(s)
  -------------------------------------------------------------------    -------------------
                         (clock clk_pl_0 rise edge)
                                                      0.000     0.000 r  
    PS8_X0Y0             PS8                          0.000     0.000 r  design_1_i/zynq_ultra_ps_e_0/inst/PS8_i/PLCLK[0]
                         net (fo=1, routed)           0.094     0.094    design_1_i/zynq_ultra_ps_e_0/inst/pl_clk_unbuffered[0]
    BUFG_PS_X0Y62        BUFG_PS (Prop_BUFG_PS_I_O)
                                                      0.017     0.111 r  design_1_i/zynq_ultra_ps_e_0/inst/buffer_pl_clk_0.PL_CLK_0_BUFG/O
    X0Y1 (CLOCK_ROOT)    net (fo=42559, routed)       1.036     1.147    design_1_i/rst_ps8_0_99M/U0/slowest_sync_clk
    SLICE_X47Y90         FDRE                                         r  design_1_i/rst_ps8_0_99M/U0/ACTIVE_LOW_PR_OUT_DFF[0].FDRE_PER_N_lopt_replica/C
  -------------------------------------------------------------------    -------------------
    SLICE_X47Y90         FDRE (Prop_EFF2_SLICEL_C_Q)
                                                      0.040     1.187 r  design_1_i/rst_ps8_0_99M/U0/ACTIVE_LOW_PR_OUT_DFF[0].FDRE_PER_N_lopt_replica/Q
                         net (fo=1, routed)           0.248     1.435    design_1_i/rst_ps8_0_99M/U0/Q_replN
    BUFGCE_X0Y25         BUFGCE (Prop_BUFCE_BUFGCE_I_O)
                                                      0.017     1.452 r  design_1_i/rst_ps8_0_99M/U0/peripheral_aresetn[0]_BUFG_inst/O
                         net (fo=30433, routed)       0.607     2.058    design_1_i/HDC_Controller_AXI_W_0/U0/hdc_unit/accelerator_unit/S_AXI_ARESETN
    SLICE_X47Y122        FDCE                                         f  design_1_i/HDC_Controller_AXI_W_0/U0/hdc_unit/accelerator_unit/bundled_result_reg[6637]/CLR  (IS_INVERTED)
  -------------------------------------------------------------------    -------------------

                         (clock clk_pl_0 rise edge)
                                                      0.000     0.000 r  
    PS8_X0Y0             PS8                          0.000     0.000 r  design_1_i/zynq_ultra_ps_e_0/inst/PS8_i/PLCLK[0]
                         net (fo=1, routed)           0.120     0.120    design_1_i/zynq_ultra_ps_e_0/inst/pl_clk_unbuffered[0]
    BUFG_PS_X0Y62        BUFG_PS (Prop_BUFG_PS_I_O)
                                                      0.018     0.138 r  design_1_i/zynq_ultra_ps_e_0/inst/buffer_pl_clk_0.PL_CLK_0_BUFG/O
    X0Y1 (CLOCK_ROOT)    net (fo=42559, routed)       1.213     1.351    design_1_i/HDC_Controller_AXI_W_0/U0/hdc_unit/accelerator_unit/S_AXI_ACLK
    SLICE_X47Y122        FDCE                                         r  design_1_i/HDC_Controller_AXI_W_0/U0/hdc_unit/accelerator_unit/bundled_result_reg[6637]/C
                         clock pessimism             -0.074     1.277    
    SLICE_X47Y122        FDCE (Remov_EFF_SLICEL_C_CLR)
                                                     -0.020     1.257    design_1_i/HDC_Controller_AXI_W_0/U0/hdc_unit/accelerator_unit/bundled_result_reg[6637]
  -------------------------------------------------------------------
                         required time                         -1.257    
                         arrival time                           2.058    
  -------------------------------------------------------------------
                         slack                                  0.801    

Slack (MET) :             0.801ns  (arrival time - required time)
  Source:                 design_1_i/rst_ps8_0_99M/U0/ACTIVE_LOW_PR_OUT_DFF[0].FDRE_PER_N_lopt_replica/C
                            (rising edge-triggered cell FDRE clocked by clk_pl_0  {rise@0.000ns fall@5.000ns period=10.000ns})
  Destination:            design_1_i/HDC_Controller_AXI_W_0/U0/hdc_unit/accelerator_unit/bundled_result_reg[6687]/CLR
                            (removal check against rising-edge clock clk_pl_0  {rise@0.000ns fall@5.000ns period=10.000ns})
  Path Group:             **async_default**
  Path Type:              Removal (Min at Fast Process Corner)
  Requirement:            0.000ns  (clk_pl_0 rise@0.000ns - clk_pl_0 rise@0.000ns)
  Data Path Delay:        0.912ns  (logic 0.057ns (6.253%)  route 0.855ns (93.747%))
  Logic Levels:           1  (BUFGCE=1)
  Clock Path Skew:        0.131ns (DCD - SCD - CPR)
    Destination Clock Delay (DCD):    1.351ns
    Source Clock Delay      (SCD):    1.147ns
    Clock Pessimism Removal (CPR):    0.074ns
  Clock Net Delay (Source):      1.036ns (routing 0.405ns, distribution 0.631ns)
  Clock Net Delay (Destination): 1.213ns (routing 0.452ns, distribution 0.761ns)

    Location             Delay type                Incr(ns)  Path(ns)    Netlist Resource(s)
  -------------------------------------------------------------------    -------------------
                         (clock clk_pl_0 rise edge)
                                                      0.000     0.000 r  
    PS8_X0Y0             PS8                          0.000     0.000 r  design_1_i/zynq_ultra_ps_e_0/inst/PS8_i/PLCLK[0]
                         net (fo=1, routed)           0.094     0.094    design_1_i/zynq_ultra_ps_e_0/inst/pl_clk_unbuffered[0]
    BUFG_PS_X0Y62        BUFG_PS (Prop_BUFG_PS_I_O)
                                                      0.017     0.111 r  design_1_i/zynq_ultra_ps_e_0/inst/buffer_pl_clk_0.PL_CLK_0_BUFG/O
    X0Y1 (CLOCK_ROOT)    net (fo=42559, routed)       1.036     1.147    design_1_i/rst_ps8_0_99M/U0/slowest_sync_clk
    SLICE_X47Y90         FDRE                                         r  design_1_i/rst_ps8_0_99M/U0/ACTIVE_LOW_PR_OUT_DFF[0].FDRE_PER_N_lopt_replica/C
  -------------------------------------------------------------------    -------------------
    SLICE_X47Y90         FDRE (Prop_EFF2_SLICEL_C_Q)
                                                      0.040     1.187 r  design_1_i/rst_ps8_0_99M/U0/ACTIVE_LOW_PR_OUT_DFF[0].FDRE_PER_N_lopt_replica/Q
                         net (fo=1, routed)           0.248     1.435    design_1_i/rst_ps8_0_99M/U0/Q_replN
    BUFGCE_X0Y25         BUFGCE (Prop_BUFCE_BUFGCE_I_O)
                                                      0.017     1.452 r  design_1_i/rst_ps8_0_99M/U0/peripheral_aresetn[0]_BUFG_inst/O
                         net (fo=30433, routed)       0.607     2.058    design_1_i/HDC_Controller_AXI_W_0/U0/hdc_unit/accelerator_unit/S_AXI_ARESETN
    SLICE_X47Y121        FDCE                                         f  design_1_i/HDC_Controller_AXI_W_0/U0/hdc_unit/accelerator_unit/bundled_result_reg[6687]/CLR  (IS_INVERTED)
  -------------------------------------------------------------------    -------------------

                         (clock clk_pl_0 rise edge)
                                                      0.000     0.000 r  
    PS8_X0Y0             PS8                          0.000     0.000 r  design_1_i/zynq_ultra_ps_e_0/inst/PS8_i/PLCLK[0]
                         net (fo=1, routed)           0.120     0.120    design_1_i/zynq_ultra_ps_e_0/inst/pl_clk_unbuffered[0]
    BUFG_PS_X0Y62        BUFG_PS (Prop_BUFG_PS_I_O)
                                                      0.018     0.138 r  design_1_i/zynq_ultra_ps_e_0/inst/buffer_pl_clk_0.PL_CLK_0_BUFG/O
    X0Y1 (CLOCK_ROOT)    net (fo=42559, routed)       1.213     1.351    design_1_i/HDC_Controller_AXI_W_0/U0/hdc_unit/accelerator_unit/S_AXI_ACLK
    SLICE_X47Y121        FDCE                                         r  design_1_i/HDC_Controller_AXI_W_0/U0/hdc_unit/accelerator_unit/bundled_result_reg[6687]/C
                         clock pessimism             -0.074     1.277    
    SLICE_X47Y121        FDCE (Remov_HFF_SLICEL_C_CLR)
                                                     -0.020     1.257    design_1_i/HDC_Controller_AXI_W_0/U0/hdc_unit/accelerator_unit/bundled_result_reg[6687]
  -------------------------------------------------------------------
                         required time                         -1.257    
                         arrival time                           2.058    
  -------------------------------------------------------------------
                         slack                                  0.801    

Slack (MET) :             0.801ns  (arrival time - required time)
  Source:                 design_1_i/rst_ps8_0_99M/U0/ACTIVE_LOW_PR_OUT_DFF[0].FDRE_PER_N_lopt_replica/C
                            (rising edge-triggered cell FDRE clocked by clk_pl_0  {rise@0.000ns fall@5.000ns period=10.000ns})
  Destination:            design_1_i/HDC_Controller_AXI_W_0/U0/hdc_unit/accelerator_unit/bundled_result_reg[6696]/CLR
                            (removal check against rising-edge clock clk_pl_0  {rise@0.000ns fall@5.000ns period=10.000ns})
  Path Group:             **async_default**
  Path Type:              Removal (Min at Fast Process Corner)
  Requirement:            0.000ns  (clk_pl_0 rise@0.000ns - clk_pl_0 rise@0.000ns)
  Data Path Delay:        0.912ns  (logic 0.057ns (6.253%)  route 0.855ns (93.747%))
  Logic Levels:           1  (BUFGCE=1)
  Clock Path Skew:        0.131ns (DCD - SCD - CPR)
    Destination Clock Delay (DCD):    1.351ns
    Source Clock Delay      (SCD):    1.147ns
    Clock Pessimism Removal (CPR):    0.074ns
  Clock Net Delay (Source):      1.036ns (routing 0.405ns, distribution 0.631ns)
  Clock Net Delay (Destination): 1.213ns (routing 0.452ns, distribution 0.761ns)

    Location             Delay type                Incr(ns)  Path(ns)    Netlist Resource(s)
  -------------------------------------------------------------------    -------------------
                         (clock clk_pl_0 rise edge)
                                                      0.000     0.000 r  
    PS8_X0Y0             PS8                          0.000     0.000 r  design_1_i/zynq_ultra_ps_e_0/inst/PS8_i/PLCLK[0]
                         net (fo=1, routed)           0.094     0.094    design_1_i/zynq_ultra_ps_e_0/inst/pl_clk_unbuffered[0]
    BUFG_PS_X0Y62        BUFG_PS (Prop_BUFG_PS_I_O)
                                                      0.017     0.111 r  design_1_i/zynq_ultra_ps_e_0/inst/buffer_pl_clk_0.PL_CLK_0_BUFG/O
    X0Y1 (CLOCK_ROOT)    net (fo=42559, routed)       1.036     1.147    design_1_i/rst_ps8_0_99M/U0/slowest_sync_clk
    SLICE_X47Y90         FDRE                                         r  design_1_i/rst_ps8_0_99M/U0/ACTIVE_LOW_PR_OUT_DFF[0].FDRE_PER_N_lopt_replica/C
  -------------------------------------------------------------------    -------------------
    SLICE_X47Y90         FDRE (Prop_EFF2_SLICEL_C_Q)
                                                      0.040     1.187 r  design_1_i/rst_ps8_0_99M/U0/ACTIVE_LOW_PR_OUT_DFF[0].FDRE_PER_N_lopt_replica/Q
                         net (fo=1, routed)           0.248     1.435    design_1_i/rst_ps8_0_99M/U0/Q_replN
    BUFGCE_X0Y25         BUFGCE (Prop_BUFCE_BUFGCE_I_O)
                                                      0.017     1.452 r  design_1_i/rst_ps8_0_99M/U0/peripheral_aresetn[0]_BUFG_inst/O
                         net (fo=30433, routed)       0.607     2.058    design_1_i/HDC_Controller_AXI_W_0/U0/hdc_unit/accelerator_unit/S_AXI_ARESETN
    SLICE_X47Y123        FDCE                                         f  design_1_i/HDC_Controller_AXI_W_0/U0/hdc_unit/accelerator_unit/bundled_result_reg[6696]/CLR  (IS_INVERTED)
  -------------------------------------------------------------------    -------------------

                         (clock clk_pl_0 rise edge)
                                                      0.000     0.000 r  
    PS8_X0Y0             PS8                          0.000     0.000 r  design_1_i/zynq_ultra_ps_e_0/inst/PS8_i/PLCLK[0]
                         net (fo=1, routed)           0.120     0.120    design_1_i/zynq_ultra_ps_e_0/inst/pl_clk_unbuffered[0]
    BUFG_PS_X0Y62        BUFG_PS (Prop_BUFG_PS_I_O)
                                                      0.018     0.138 r  design_1_i/zynq_ultra_ps_e_0/inst/buffer_pl_clk_0.PL_CLK_0_BUFG/O
    X0Y1 (CLOCK_ROOT)    net (fo=42559, routed)       1.213     1.351    design_1_i/HDC_Controller_AXI_W_0/U0/hdc_unit/accelerator_unit/S_AXI_ACLK
    SLICE_X47Y123        FDCE                                         r  design_1_i/HDC_Controller_AXI_W_0/U0/hdc_unit/accelerator_unit/bundled_result_reg[6696]/C
                         clock pessimism             -0.074     1.277    
    SLICE_X47Y123        FDCE (Remov_HFF_SLICEL_C_CLR)
                                                     -0.020     1.257    design_1_i/HDC_Controller_AXI_W_0/U0/hdc_unit/accelerator_unit/bundled_result_reg[6696]
  -------------------------------------------------------------------
                         required time                         -1.257    
                         arrival time                           2.058    
  -------------------------------------------------------------------
                         slack                                  0.801    

Slack (MET) :             0.801ns  (arrival time - required time)
  Source:                 design_1_i/rst_ps8_0_99M/U0/ACTIVE_LOW_PR_OUT_DFF[0].FDRE_PER_N_lopt_replica/C
                            (rising edge-triggered cell FDRE clocked by clk_pl_0  {rise@0.000ns fall@5.000ns period=10.000ns})
  Destination:            design_1_i/HDC_Controller_AXI_W_0/U0/hdc_unit/accelerator_unit/bundled_result_reg[6699]/CLR
                            (removal check against rising-edge clock clk_pl_0  {rise@0.000ns fall@5.000ns period=10.000ns})
  Path Group:             **async_default**
  Path Type:              Removal (Min at Fast Process Corner)
  Requirement:            0.000ns  (clk_pl_0 rise@0.000ns - clk_pl_0 rise@0.000ns)
  Data Path Delay:        0.912ns  (logic 0.057ns (6.253%)  route 0.855ns (93.747%))
  Logic Levels:           1  (BUFGCE=1)
  Clock Path Skew:        0.131ns (DCD - SCD - CPR)
    Destination Clock Delay (DCD):    1.351ns
    Source Clock Delay      (SCD):    1.147ns
    Clock Pessimism Removal (CPR):    0.074ns
  Clock Net Delay (Source):      1.036ns (routing 0.405ns, distribution 0.631ns)
  Clock Net Delay (Destination): 1.213ns (routing 0.452ns, distribution 0.761ns)

    Location             Delay type                Incr(ns)  Path(ns)    Netlist Resource(s)
  -------------------------------------------------------------------    -------------------
                         (clock clk_pl_0 rise edge)
                                                      0.000     0.000 r  
    PS8_X0Y0             PS8                          0.000     0.000 r  design_1_i/zynq_ultra_ps_e_0/inst/PS8_i/PLCLK[0]
                         net (fo=1, routed)           0.094     0.094    design_1_i/zynq_ultra_ps_e_0/inst/pl_clk_unbuffered[0]
    BUFG_PS_X0Y62        BUFG_PS (Prop_BUFG_PS_I_O)
                                                      0.017     0.111 r  design_1_i/zynq_ultra_ps_e_0/inst/buffer_pl_clk_0.PL_CLK_0_BUFG/O
    X0Y1 (CLOCK_ROOT)    net (fo=42559, routed)       1.036     1.147    design_1_i/rst_ps8_0_99M/U0/slowest_sync_clk
    SLICE_X47Y90         FDRE                                         r  design_1_i/rst_ps8_0_99M/U0/ACTIVE_LOW_PR_OUT_DFF[0].FDRE_PER_N_lopt_replica/C
  -------------------------------------------------------------------    -------------------
    SLICE_X47Y90         FDRE (Prop_EFF2_SLICEL_C_Q)
                                                      0.040     1.187 r  design_1_i/rst_ps8_0_99M/U0/ACTIVE_LOW_PR_OUT_DFF[0].FDRE_PER_N_lopt_replica/Q
                         net (fo=1, routed)           0.248     1.435    design_1_i/rst_ps8_0_99M/U0/Q_replN
    BUFGCE_X0Y25         BUFGCE (Prop_BUFCE_BUFGCE_I_O)
                                                      0.017     1.452 r  design_1_i/rst_ps8_0_99M/U0/peripheral_aresetn[0]_BUFG_inst/O
                         net (fo=30433, routed)       0.607     2.058    design_1_i/HDC_Controller_AXI_W_0/U0/hdc_unit/accelerator_unit/S_AXI_ARESETN
    SLICE_X47Y123        FDCE                                         f  design_1_i/HDC_Controller_AXI_W_0/U0/hdc_unit/accelerator_unit/bundled_result_reg[6699]/CLR  (IS_INVERTED)
  -------------------------------------------------------------------    -------------------

                         (clock clk_pl_0 rise edge)
                                                      0.000     0.000 r  
    PS8_X0Y0             PS8                          0.000     0.000 r  design_1_i/zynq_ultra_ps_e_0/inst/PS8_i/PLCLK[0]
                         net (fo=1, routed)           0.120     0.120    design_1_i/zynq_ultra_ps_e_0/inst/pl_clk_unbuffered[0]
    BUFG_PS_X0Y62        BUFG_PS (Prop_BUFG_PS_I_O)
                                                      0.018     0.138 r  design_1_i/zynq_ultra_ps_e_0/inst/buffer_pl_clk_0.PL_CLK_0_BUFG/O
    X0Y1 (CLOCK_ROOT)    net (fo=42559, routed)       1.213     1.351    design_1_i/HDC_Controller_AXI_W_0/U0/hdc_unit/accelerator_unit/S_AXI_ACLK
    SLICE_X47Y123        FDCE                                         r  design_1_i/HDC_Controller_AXI_W_0/U0/hdc_unit/accelerator_unit/bundled_result_reg[6699]/C
                         clock pessimism             -0.074     1.277    
    SLICE_X47Y123        FDCE (Remov_GFF_SLICEL_C_CLR)
                                                     -0.020     1.257    design_1_i/HDC_Controller_AXI_W_0/U0/hdc_unit/accelerator_unit/bundled_result_reg[6699]
  -------------------------------------------------------------------
                         required time                         -1.257    
                         arrival time                           2.058    
  -------------------------------------------------------------------
                         slack                                  0.801    

Slack (MET) :             0.801ns  (arrival time - required time)
  Source:                 design_1_i/rst_ps8_0_99M/U0/ACTIVE_LOW_PR_OUT_DFF[0].FDRE_PER_N_lopt_replica/C
                            (rising edge-triggered cell FDRE clocked by clk_pl_0  {rise@0.000ns fall@5.000ns period=10.000ns})
  Destination:            design_1_i/HDC_Controller_AXI_W_0/U0/hdc_unit/accelerator_unit/bundled_result_reg[6700]/CLR
                            (removal check against rising-edge clock clk_pl_0  {rise@0.000ns fall@5.000ns period=10.000ns})
  Path Group:             **async_default**
  Path Type:              Removal (Min at Fast Process Corner)
  Requirement:            0.000ns  (clk_pl_0 rise@0.000ns - clk_pl_0 rise@0.000ns)
  Data Path Delay:        0.912ns  (logic 0.057ns (6.253%)  route 0.855ns (93.747%))
  Logic Levels:           1  (BUFGCE=1)
  Clock Path Skew:        0.131ns (DCD - SCD - CPR)
    Destination Clock Delay (DCD):    1.351ns
    Source Clock Delay      (SCD):    1.147ns
    Clock Pessimism Removal (CPR):    0.074ns
  Clock Net Delay (Source):      1.036ns (routing 0.405ns, distribution 0.631ns)
  Clock Net Delay (Destination): 1.213ns (routing 0.452ns, distribution 0.761ns)

    Location             Delay type                Incr(ns)  Path(ns)    Netlist Resource(s)
  -------------------------------------------------------------------    -------------------
                         (clock clk_pl_0 rise edge)
                                                      0.000     0.000 r  
    PS8_X0Y0             PS8                          0.000     0.000 r  design_1_i/zynq_ultra_ps_e_0/inst/PS8_i/PLCLK[0]
                         net (fo=1, routed)           0.094     0.094    design_1_i/zynq_ultra_ps_e_0/inst/pl_clk_unbuffered[0]
    BUFG_PS_X0Y62        BUFG_PS (Prop_BUFG_PS_I_O)
                                                      0.017     0.111 r  design_1_i/zynq_ultra_ps_e_0/inst/buffer_pl_clk_0.PL_CLK_0_BUFG/O
    X0Y1 (CLOCK_ROOT)    net (fo=42559, routed)       1.036     1.147    design_1_i/rst_ps8_0_99M/U0/slowest_sync_clk
    SLICE_X47Y90         FDRE                                         r  design_1_i/rst_ps8_0_99M/U0/ACTIVE_LOW_PR_OUT_DFF[0].FDRE_PER_N_lopt_replica/C
  -------------------------------------------------------------------    -------------------
    SLICE_X47Y90         FDRE (Prop_EFF2_SLICEL_C_Q)
                                                      0.040     1.187 r  design_1_i/rst_ps8_0_99M/U0/ACTIVE_LOW_PR_OUT_DFF[0].FDRE_PER_N_lopt_replica/Q
                         net (fo=1, routed)           0.248     1.435    design_1_i/rst_ps8_0_99M/U0/Q_replN
    BUFGCE_X0Y25         BUFGCE (Prop_BUFCE_BUFGCE_I_O)
                                                      0.017     1.452 r  design_1_i/rst_ps8_0_99M/U0/peripheral_aresetn[0]_BUFG_inst/O
                         net (fo=30433, routed)       0.607     2.058    design_1_i/HDC_Controller_AXI_W_0/U0/hdc_unit/accelerator_unit/S_AXI_ARESETN
    SLICE_X47Y124        FDCE                                         f  design_1_i/HDC_Controller_AXI_W_0/U0/hdc_unit/accelerator_unit/bundled_result_reg[6700]/CLR  (IS_INVERTED)
  -------------------------------------------------------------------    -------------------

                         (clock clk_pl_0 rise edge)
                                                      0.000     0.000 r  
    PS8_X0Y0             PS8                          0.000     0.000 r  design_1_i/zynq_ultra_ps_e_0/inst/PS8_i/PLCLK[0]
                         net (fo=1, routed)           0.120     0.120    design_1_i/zynq_ultra_ps_e_0/inst/pl_clk_unbuffered[0]
    BUFG_PS_X0Y62        BUFG_PS (Prop_BUFG_PS_I_O)
                                                      0.018     0.138 r  design_1_i/zynq_ultra_ps_e_0/inst/buffer_pl_clk_0.PL_CLK_0_BUFG/O
    X0Y1 (CLOCK_ROOT)    net (fo=42559, routed)       1.213     1.351    design_1_i/HDC_Controller_AXI_W_0/U0/hdc_unit/accelerator_unit/S_AXI_ACLK
    SLICE_X47Y124        FDCE                                         r  design_1_i/HDC_Controller_AXI_W_0/U0/hdc_unit/accelerator_unit/bundled_result_reg[6700]/C
                         clock pessimism             -0.074     1.277    
    SLICE_X47Y124        FDCE (Remov_GFF_SLICEL_C_CLR)
                                                     -0.020     1.257    design_1_i/HDC_Controller_AXI_W_0/U0/hdc_unit/accelerator_unit/bundled_result_reg[6700]
  -------------------------------------------------------------------
                         required time                         -1.257    
                         arrival time                           2.058    
  -------------------------------------------------------------------
                         slack                                  0.801    

Slack (MET) :             0.801ns  (arrival time - required time)
  Source:                 design_1_i/rst_ps8_0_99M/U0/ACTIVE_LOW_PR_OUT_DFF[0].FDRE_PER_N_lopt_replica/C
                            (rising edge-triggered cell FDRE clocked by clk_pl_0  {rise@0.000ns fall@5.000ns period=10.000ns})
  Destination:            design_1_i/HDC_Controller_AXI_W_0/U0/hdc_unit/accelerator_unit/bundled_result_reg[6739]/CLR
                            (removal check against rising-edge clock clk_pl_0  {rise@0.000ns fall@5.000ns period=10.000ns})
  Path Group:             **async_default**
  Path Type:              Removal (Min at Fast Process Corner)
  Requirement:            0.000ns  (clk_pl_0 rise@0.000ns - clk_pl_0 rise@0.000ns)
  Data Path Delay:        0.909ns  (logic 0.057ns (6.274%)  route 0.852ns (93.726%))
  Logic Levels:           1  (BUFGCE=1)
  Clock Path Skew:        0.128ns (DCD - SCD - CPR)
    Destination Clock Delay (DCD):    1.348ns
    Source Clock Delay      (SCD):    1.147ns
    Clock Pessimism Removal (CPR):    0.074ns
  Clock Net Delay (Source):      1.036ns (routing 0.405ns, distribution 0.631ns)
  Clock Net Delay (Destination): 1.210ns (routing 0.452ns, distribution 0.758ns)

    Location             Delay type                Incr(ns)  Path(ns)    Netlist Resource(s)
  -------------------------------------------------------------------    -------------------
                         (clock clk_pl_0 rise edge)
                                                      0.000     0.000 r  
    PS8_X0Y0             PS8                          0.000     0.000 r  design_1_i/zynq_ultra_ps_e_0/inst/PS8_i/PLCLK[0]
                         net (fo=1, routed)           0.094     0.094    design_1_i/zynq_ultra_ps_e_0/inst/pl_clk_unbuffered[0]
    BUFG_PS_X0Y62        BUFG_PS (Prop_BUFG_PS_I_O)
                                                      0.017     0.111 r  design_1_i/zynq_ultra_ps_e_0/inst/buffer_pl_clk_0.PL_CLK_0_BUFG/O
    X0Y1 (CLOCK_ROOT)    net (fo=42559, routed)       1.036     1.147    design_1_i/rst_ps8_0_99M/U0/slowest_sync_clk
    SLICE_X47Y90         FDRE                                         r  design_1_i/rst_ps8_0_99M/U0/ACTIVE_LOW_PR_OUT_DFF[0].FDRE_PER_N_lopt_replica/C
  -------------------------------------------------------------------    -------------------
    SLICE_X47Y90         FDRE (Prop_EFF2_SLICEL_C_Q)
                                                      0.040     1.187 r  design_1_i/rst_ps8_0_99M/U0/ACTIVE_LOW_PR_OUT_DFF[0].FDRE_PER_N_lopt_replica/Q
                         net (fo=1, routed)           0.248     1.435    design_1_i/rst_ps8_0_99M/U0/Q_replN
    BUFGCE_X0Y25         BUFGCE (Prop_BUFCE_BUFGCE_I_O)
                                                      0.017     1.452 r  design_1_i/rst_ps8_0_99M/U0/peripheral_aresetn[0]_BUFG_inst/O
                         net (fo=30433, routed)       0.604     2.055    design_1_i/HDC_Controller_AXI_W_0/U0/hdc_unit/accelerator_unit/S_AXI_ARESETN
    SLICE_X47Y135        FDCE                                         f  design_1_i/HDC_Controller_AXI_W_0/U0/hdc_unit/accelerator_unit/bundled_result_reg[6739]/CLR  (IS_INVERTED)
  -------------------------------------------------------------------    -------------------

                         (clock clk_pl_0 rise edge)
                                                      0.000     0.000 r  
    PS8_X0Y0             PS8                          0.000     0.000 r  design_1_i/zynq_ultra_ps_e_0/inst/PS8_i/PLCLK[0]
                         net (fo=1, routed)           0.120     0.120    design_1_i/zynq_ultra_ps_e_0/inst/pl_clk_unbuffered[0]
    BUFG_PS_X0Y62        BUFG_PS (Prop_BUFG_PS_I_O)
                                                      0.018     0.138 r  design_1_i/zynq_ultra_ps_e_0/inst/buffer_pl_clk_0.PL_CLK_0_BUFG/O
    X0Y1 (CLOCK_ROOT)    net (fo=42559, routed)       1.210     1.348    design_1_i/HDC_Controller_AXI_W_0/U0/hdc_unit/accelerator_unit/S_AXI_ACLK
    SLICE_X47Y135        FDCE                                         r  design_1_i/HDC_Controller_AXI_W_0/U0/hdc_unit/accelerator_unit/bundled_result_reg[6739]/C
                         clock pessimism             -0.074     1.274    
    SLICE_X47Y135        FDCE (Remov_HFF_SLICEL_C_CLR)
                                                     -0.020     1.254    design_1_i/HDC_Controller_AXI_W_0/U0/hdc_unit/accelerator_unit/bundled_result_reg[6739]
  -------------------------------------------------------------------
                         required time                         -1.254    
                         arrival time                           2.055    
  -------------------------------------------------------------------
                         slack                                  0.801    





--------------------------------------------------------------------------------------
Path Group:  (none)
From Clock:  
  To Clock:  clk_pl_0

Max Delay             1 Endpoint
Min Delay             1 Endpoint
--------------------------------------------------------------------------------------


Max Delay Paths
--------------------------------------------------------------------------------------
Slack:                    inf
  Source:                 design_1_i/zynq_ultra_ps_e_0/inst/PS8_i/EMIOGPIOO[95]
                            (internal pin)
  Destination:            design_1_i/rst_ps8_0_99M/U0/EXT_LPF/ACTIVE_LOW_EXT.ACT_LO_EXT/GENERATE_LEVEL_P_S_CDC.SINGLE_BIT.CROSS_PLEVEL_IN2SCNDRY_IN_cdc_to/D
                            (rising edge-triggered cell FDRE clocked by clk_pl_0  {rise@0.000ns fall@5.000ns period=10.000ns})
  Path Group:             (none)
  Path Type:              Setup (Max at Slow Process Corner)
  Data Path Delay:        3.182ns  (logic 0.177ns (5.563%)  route 3.005ns (94.437%))
  Logic Levels:           1  (LUT1=1)
  Clock Uncertainty:      0.172ns  ((TSJ^2 + DJ^2)^1/2) / 2 + PE
    Total System Jitter     (TSJ):    0.050ns
    Discrete Jitter          (DJ):    0.340ns
    Phase Error              (PE):    0.000ns
  Clock Net Delay (Destination): 1.863ns (routing 0.727ns, distribution 1.136ns)
  Timing Exception:       False Path

    Location             Delay type                Incr(ns)  Path(ns)    Netlist Resource(s)
  -------------------------------------------------------------------    -------------------
    PS8_X0Y0             PS8                          0.000     0.000 f  design_1_i/zynq_ultra_ps_e_0/inst/PS8_i/EMIOGPIOO[95]
                         net (fo=1, routed)           2.678     2.678    design_1_i/rst_ps8_0_99M/U0/EXT_LPF/ACTIVE_LOW_EXT.ACT_LO_EXT/ext_reset_in
    SLICE_X48Y7          LUT1 (Prop_E6LUT_SLICEM_I0_O)
                                                      0.177     2.855 r  design_1_i/rst_ps8_0_99M/U0/EXT_LPF/ACTIVE_LOW_EXT.ACT_LO_EXT/GENERATE_LEVEL_P_S_CDC.SINGLE_BIT.CROSS_PLEVEL_IN2SCNDRY_IN_cdc_to_i_1/O
                         net (fo=1, routed)           0.327     3.182    design_1_i/rst_ps8_0_99M/U0/EXT_LPF/ACTIVE_LOW_EXT.ACT_LO_EXT/exr_d1
    SLICE_X48Y1          FDRE                                         r  design_1_i/rst_ps8_0_99M/U0/EXT_LPF/ACTIVE_LOW_EXT.ACT_LO_EXT/GENERATE_LEVEL_P_S_CDC.SINGLE_BIT.CROSS_PLEVEL_IN2SCNDRY_IN_cdc_to/D
  -------------------------------------------------------------------    -------------------

                         (clock clk_pl_0 rise edge)
                                                      0.000     0.000 r  
    PS8_X0Y0             PS8                          0.000     0.000 r  design_1_i/zynq_ultra_ps_e_0/inst/PS8_i/PLCLK[0]
                         net (fo=1, routed)           0.140     0.140    design_1_i/zynq_ultra_ps_e_0/inst/pl_clk_unbuffered[0]
    BUFG_PS_X0Y62        BUFG_PS (Prop_BUFG_PS_I_O)
                                                      0.027     0.167 r  design_1_i/zynq_ultra_ps_e_0/inst/buffer_pl_clk_0.PL_CLK_0_BUFG/O
    X0Y1 (CLOCK_ROOT)    net (fo=42559, routed)       1.863     2.030    design_1_i/rst_ps8_0_99M/U0/EXT_LPF/ACTIVE_LOW_EXT.ACT_LO_EXT/slowest_sync_clk
    SLICE_X48Y1          FDRE                                         r  design_1_i/rst_ps8_0_99M/U0/EXT_LPF/ACTIVE_LOW_EXT.ACT_LO_EXT/GENERATE_LEVEL_P_S_CDC.SINGLE_BIT.CROSS_PLEVEL_IN2SCNDRY_IN_cdc_to/C





Min Delay Paths
--------------------------------------------------------------------------------------
Slack:                    inf
  Source:                 design_1_i/zynq_ultra_ps_e_0/inst/PS8_i/EMIOGPIOO[95]
                            (internal pin)
  Destination:            design_1_i/rst_ps8_0_99M/U0/EXT_LPF/ACTIVE_LOW_EXT.ACT_LO_EXT/GENERATE_LEVEL_P_S_CDC.SINGLE_BIT.CROSS_PLEVEL_IN2SCNDRY_IN_cdc_to/D
                            (rising edge-triggered cell FDRE clocked by clk_pl_0  {rise@0.000ns fall@5.000ns period=10.000ns})
  Path Group:             (none)
  Path Type:              Hold (Min at Fast Process Corner)
  Data Path Delay:        1.445ns  (logic 0.059ns (4.083%)  route 1.386ns (95.917%))
  Logic Levels:           1  (LUT1=1)
  Clock Uncertainty:      0.172ns  ((TSJ^2 + DJ^2)^1/2) / 2 + PE
    Total System Jitter     (TSJ):    0.050ns
    Discrete Jitter          (DJ):    0.340ns
    Phase Error              (PE):    0.000ns
  Clock Net Delay (Destination): 1.210ns (routing 0.452ns, distribution 0.758ns)
  Timing Exception:       False Path

    Location             Delay type                Incr(ns)  Path(ns)    Netlist Resource(s)
  -------------------------------------------------------------------    -------------------
    PS8_X0Y0             PS8                          0.000     0.000 f  design_1_i/zynq_ultra_ps_e_0/inst/PS8_i/EMIOGPIOO[95]
                         net (fo=1, routed)           1.262     1.262    design_1_i/rst_ps8_0_99M/U0/EXT_LPF/ACTIVE_LOW_EXT.ACT_LO_EXT/ext_reset_in
    SLICE_X48Y7          LUT1 (Prop_E6LUT_SLICEM_I0_O)
                                                      0.059     1.321 r  design_1_i/rst_ps8_0_99M/U0/EXT_LPF/ACTIVE_LOW_EXT.ACT_LO_EXT/GENERATE_LEVEL_P_S_CDC.SINGLE_BIT.CROSS_PLEVEL_IN2SCNDRY_IN_cdc_to_i_1/O
                         net (fo=1, routed)           0.124     1.445    design_1_i/rst_ps8_0_99M/U0/EXT_LPF/ACTIVE_LOW_EXT.ACT_LO_EXT/exr_d1
    SLICE_X48Y1          FDRE                                         r  design_1_i/rst_ps8_0_99M/U0/EXT_LPF/ACTIVE_LOW_EXT.ACT_LO_EXT/GENERATE_LEVEL_P_S_CDC.SINGLE_BIT.CROSS_PLEVEL_IN2SCNDRY_IN_cdc_to/D
  -------------------------------------------------------------------    -------------------

                         (clock clk_pl_0 rise edge)
                                                      0.000     0.000 r  
    PS8_X0Y0             PS8                          0.000     0.000 r  design_1_i/zynq_ultra_ps_e_0/inst/PS8_i/PLCLK[0]
                         net (fo=1, routed)           0.120     0.120    design_1_i/zynq_ultra_ps_e_0/inst/pl_clk_unbuffered[0]
    BUFG_PS_X0Y62        BUFG_PS (Prop_BUFG_PS_I_O)
                                                      0.018     0.138 r  design_1_i/zynq_ultra_ps_e_0/inst/buffer_pl_clk_0.PL_CLK_0_BUFG/O
    X0Y1 (CLOCK_ROOT)    net (fo=42559, routed)       1.210     1.348    design_1_i/rst_ps8_0_99M/U0/EXT_LPF/ACTIVE_LOW_EXT.ACT_LO_EXT/slowest_sync_clk
    SLICE_X48Y1          FDRE                                         r  design_1_i/rst_ps8_0_99M/U0/EXT_LPF/ACTIVE_LOW_EXT.ACT_LO_EXT/GENERATE_LEVEL_P_S_CDC.SINGLE_BIT.CROSS_PLEVEL_IN2SCNDRY_IN_cdc_to/C





